date,pm25,aqi_pm25,aqi_category,temp_mean,humidity_mean,wind_speed_mean,pressure_mean,precip_sum,blh_mean,ventilation_index,season,is_brick_kiln_season,month,day_of_week,is_weekend,pm25_lag1,pm25_lag2,pm25_lag3,pm25_roll7_mean,pm25_roll30_mean,data_source,n_stations
2016-03-25,133.0,208,Very Unhealthy,27.04,59.71,7.15,1012.07,0.0,565.0,4042.1,Pre-monsoon,1,3,4,1,114.0,83.5,69.6,90.01,103.11,US Embassy station (reference-grade),1
2016-03-26,171.0,246,Very Unhealthy,27.82,65.92,6.25,1011.0,0.1,498.75,3119.3,Pre-monsoon,1,3,5,1,133.0,114.0,83.5,104.89,107.36,US Embassy station (reference-grade),1
2016-03-27,73.6,164,Unhealthy,27.72,72.42,12.14,1011.05,4.6,707.5,8587.3,Pre-monsoon,1,3,6,0,171.0,133.0,114.0,102.79,105.37,US Embassy station (reference-grade),1
2016-03-28,42.7,119,Unhealthy for Sensitive Groups,26.12,83.75,11.56,1011.16,20.1,533.54,6166.9,Pre-monsoon,1,3,0,0,73.6,171.0,133.0,98.2,101.89,US Embassy station (reference-grade),1
2016-03-30,68.2,160,Unhealthy,24.98,82.29,8.49,1012.22,12.8,465.0,3948.6,Pre-monsoon,1,3,2,0,42.7,73.6,171.0,98.0,100.12,US Embassy station (reference-grade),1
2016-03-31,64.5,157,Unhealthy,22.7,93.46,8.17,1010.33,56.9,303.33,2478.5,Pre-monsoon,1,3,3,0,68.2,42.7,73.6,95.29,98.34,US Embassy station (reference-grade),1
2016-04-01,55.0,149,Unhealthy for Sensitive Groups,22.73,88.04,8.73,1009.77,22.8,379.38,3311.6,Pre-monsoon,1,4,4,1,64.5,68.2,42.7,86.86,96.27,US Embassy station (reference-grade),1
2016-04-02,61.2,155,Unhealthy,23.75,86.96,7.29,1009.81,4.0,326.04,2376.0,Pre-monsoon,1,4,5,1,55.0,64.5,68.2,76.6,94.68,US Embassy station (reference-grade),1
2016-04-03,59.5,154,Unhealthy,23.83,93.21,8.06,1009.89,13.4,259.38,2090.1,Pre-monsoon,1,4,6,0,61.2,55.0,64.5,60.67,93.15,US Embassy station (reference-grade),1
2016-04-04,44.5,123,Unhealthy for Sensitive Groups,24.76,91.62,5.85,1007.18,9.2,280.0,1638.0,Pre-monsoon,1,4,0,0,59.5,61.2,55.0,56.51,91.12,US Embassy station (reference-grade),1
2016-04-05,46.6,128,Unhealthy for Sensitive Groups,26.15,90.54,12.18,1005.34,31.9,452.5,5513.0,Pre-monsoon,1,4,1,0,44.5,59.5,61.2,57.07,89.34,US Embassy station (reference-grade),1
2016-04-06,54.7,148,Unhealthy for Sensitive Groups,29.02,82.17,17.15,1005.47,0.0,649.38,11136.8,Pre-monsoon,1,4,2,0,46.6,44.5,59.5,55.14,88.01,US Embassy station (reference-grade),1
2016-04-07,54.2,147,Unhealthy for Sensitive Groups,29.4,82.25,17.32,1005.9,0.0,658.12,11396.5,Pre-monsoon,1,4,3,0,54.7,46.6,44.5,53.67,86.76,US Embassy station (reference-grade),1
2016-04-08,60.9,155,Unhealthy,29.19,79.38,13.24,1006.77,0.0,482.5,6387.1,Pre-monsoon,1,4,4,1,54.2,54.7,46.6,54.51,85.83,US Embassy station (reference-grade),1
2016-04-09,52.1,142,Unhealthy for Sensitive Groups,29.78,80.62,14.39,1006.32,0.0,568.75,8185.3,Pre-monsoon,1,4,5,1,60.9,54.2,54.7,53.21,84.67,US Embassy station (reference-grade),1
2016-04-10,55.8,151,Unhealthy,29.81,79.62,14.52,1006.11,0.0,554.58,8055.3,Pre-monsoon,1,4,6,0,52.1,60.9,54.2,52.69,83.71,US Embassy station (reference-grade),1
2016-04-11,54.8,149,Unhealthy for Sensitive Groups,30.2,78.33,15.11,1003.9,0.0,571.25,8633.0,Pre-monsoon,1,4,0,0,55.8,52.1,60.9,54.16,82.1,US Embassy station (reference-grade),1
2016-04-12,65.3,158,Unhealthy,30.48,74.67,14.05,1002.26,0.0,574.79,8073.4,Pre-monsoon,1,4,1,0,54.8,55.8,52.1,56.83,80.64,US Embassy station (reference-grade),1
2016-04-13,61.5,155,Unhealthy,30.29,73.38,11.73,1001.87,0.0,641.25,7521.3,Pre-monsoon,1,4,2,0,65.3,54.8,55.8,57.8,79.57,US Embassy station (reference-grade),1
2016-04-14,43.1,120,Unhealthy for Sensitive Groups,29.61,76.17,15.93,1003.61,1.3,767.5,12228.8,Pre-monsoon,1,4,3,0,61.5,65.3,54.8,56.21,77.51,US Embassy station (reference-grade),1
2016-04-15,47.7,131,Unhealthy for Sensitive Groups,29.57,77.21,15.52,1005.16,1.8,802.71,12462.0,Pre-monsoon,1,4,4,1,43.1,61.5,65.3,54.33,74.5,US Embassy station (reference-grade),1
2016-04-16,41.8,117,Unhealthy for Sensitive Groups,28.83,79.12,18.06,1004.46,2.3,795.0,14359.7,Pre-monsoon,1,4,5,1,47.7,43.1,61.5,52.86,71.13,US Embassy station (reference-grade),1
2016-04-17,41.4,116,Unhealthy for Sensitive Groups,28.53,83.21,11.71,1004.95,5.6,618.75,7244.5,Pre-monsoon,1,4,6,0,41.8,47.7,43.1,50.8,68.44,US Embassy station (reference-grade),1
2016-04-18,45.2,125,Unhealthy for Sensitive Groups,28.14,83.92,13.51,1005.79,13.8,672.08,9081.5,Pre-monsoon,1,4,0,0,41.4,41.8,47.7,49.43,66.51,US Embassy station (reference-grade),1
2016-04-19,43.2,120,Unhealthy for Sensitive Groups,28.91,81.5,11.0,1005.14,8.2,601.46,6616.0,Pre-monsoon,1,4,1,0,45.2,41.4,41.8,46.27,65.72,US Embassy station (reference-grade),1
2016-04-20,47.3,130,Unhealthy for Sensitive Groups,29.99,74.71,19.05,1005.26,0.0,832.5,15855.7,Pre-monsoon,1,4,2,0,43.2,45.2,41.4,44.24,64.36,US Embassy station (reference-grade),1
2016-04-21,39.8,112,Unhealthy for Sensitive Groups,30.13,75.08,22.04,1002.69,0.0,909.17,20039.5,Pre-monsoon,1,4,3,0,47.3,43.2,45.2,43.77,63.19,US Embassy station (reference-grade),1
2016-04-22,48.2,132,Unhealthy for Sensitive Groups,30.65,74.42,21.34,1001.43,0.2,950.42,20283.5,Pre-monsoon,1,4,4,1,39.8,47.3,43.2,43.84,62.48,US Embassy station (reference-grade),1
2016-04-23,44.9,124,Unhealthy for Sensitive Groups,30.85,75.38,23.11,999.06,0.2,950.21,21961.7,Pre-monsoon,1,4,5,1,48.2,39.8,47.3,44.29,61.19,US Embassy station (reference-grade),1
2016-04-24,49.8,136,Unhealthy for Sensitive Groups,31.5,69.0,15.11,999.65,0.1,767.92,11601.9,Pre-monsoon,1,4,6,0,44.9,48.2,39.8,45.49,59.05,US Embassy station (reference-grade),1
2016-04-25,45.0,124,Unhealthy for Sensitive Groups,30.45,75.38,16.22,1003.78,0.6,767.92,12453.0,Pre-monsoon,1,4,0,0,49.8,44.9,48.2,45.46,56.12,US Embassy station (reference-grade),1
2016-04-26,39.3,110,Unhealthy for Sensitive Groups,30.72,71.54,15.43,1006.59,0.2,841.88,12989.4,Pre-monsoon,1,4,1,0,45.0,49.8,44.9,44.9,51.73,US Embassy station (reference-grade),1
2016-04-27,42.3,118,Unhealthy for Sensitive Groups,30.39,74.0,13.87,1005.18,5.0,790.42,10963.7,Pre-monsoon,1,4,2,0,39.3,45.0,49.8,44.19,50.68,US Embassy station (reference-grade),1
2016-04-29,56.9,152,Unhealthy,31.38,72.58,15.53,1004.75,0.0,771.25,11976.9,Pre-monsoon,1,4,4,1,42.3,39.3,45.0,46.63,51.16,US Embassy station (reference-grade),1
2016-04-30,47.9,132,Unhealthy for Sensitive Groups,31.34,72.67,13.8,1004.23,0.5,717.92,9904.3,Pre-monsoon,1,4,5,1,56.9,42.3,39.3,46.59,50.48,US Embassy station (reference-grade),1
2016-05-01,47.3,130,Unhealthy for Sensitive Groups,30.02,74.12,15.42,1003.77,7.2,704.38,10862.0,Pre-monsoon,0,5,6,0,47.9,56.9,42.3,46.93,49.91,US Embassy station (reference-grade),1
2016-05-02,48.8,134,Unhealthy for Sensitive Groups,25.53,84.75,13.0,1006.28,33.2,525.0,6822.8,Pre-monsoon,0,5,0,0,47.3,47.9,56.9,46.79,49.7,US Embassy station (reference-grade),1
2016-05-03,54.4,148,Unhealthy for Sensitive Groups,26.12,82.33,10.09,1006.83,17.6,476.88,4812.5,Pre-monsoon,0,5,1,0,48.8,47.3,47.9,48.13,49.47,US Embassy station (reference-grade),1
2016-05-04,41.1,115,Unhealthy for Sensitive Groups,26.21,83.33,8.86,1007.14,20.6,450.62,3993.7,Pre-monsoon,0,5,2,0,54.4,48.8,47.3,48.39,48.86,US Embassy station (reference-grade),1
2016-05-05,64.7,157,Unhealthy,27.22,83.33,6.5,1007.67,12.5,473.75,3077.4,Pre-monsoon,0,5,3,0,41.1,54.4,48.8,51.59,49.53,US Embassy station (reference-grade),1
2016-05-06,79.3,168,Unhealthy,27.88,83.25,5.9,1007.04,6.8,496.67,2928.3,Pre-monsoon,0,5,4,1,64.7,41.1,54.4,54.79,50.62,US Embassy station (reference-grade),1
2016-05-07,57.0,152,Unhealthy,28.24,82.12,6.65,1007.1,2.6,430.42,2860.5,Pre-monsoon,0,5,5,1,79.3,64.7,41.1,56.09,50.7,US Embassy station (reference-grade),1
2016-05-08,59.1,154,Unhealthy,27.99,79.58,5.18,1008.27,2.0,464.58,2404.2,Pre-monsoon,0,5,6,0,57.0,79.3,64.7,57.77,50.86,US Embassy station (reference-grade),1
2016-05-09,85.6,172,Unhealthy,29.21,80.83,4.52,1007.96,2.1,424.58,1921.2,Pre-monsoon,0,5,0,0,59.1,57.0,79.3,63.03,51.69,US Embassy station (reference-grade),1
2016-05-10,89.9,175,Unhealthy,29.36,80.33,3.34,1007.45,0.0,345.0,1152.9,Pre-monsoon,0,5,1,0,85.6,59.1,57.0,68.1,52.95,US Embassy station (reference-grade),1
2016-05-11,76.4,166,Unhealthy,30.17,75.33,3.3,1005.87,0.0,443.33,1461.2,Pre-monsoon,0,5,2,0,89.9,85.6,59.1,73.14,53.63,US Embassy station (reference-grade),1
2016-05-12,65.7,158,Unhealthy,29.86,76.46,4.98,1003.43,0.3,475.83,2369.3,Pre-monsoon,0,5,3,0,76.4,89.9,85.6,73.29,54.0,US Embassy station (reference-grade),1
2016-05-13,36.6,104,Unhealthy for Sensitive Groups,26.36,90.5,9.15,1004.45,43.8,395.83,3623.5,Pre-monsoon,0,5,4,1,65.7,76.4,89.9,67.19,53.04,US Embassy station (reference-grade),1
2016-05-14,44.9,124,Unhealthy for Sensitive Groups,28.43,84.25,11.47,1005.86,8.2,555.83,6373.6,Pre-monsoon,0,5,5,1,36.6,65.7,76.4,65.46,52.49,US Embassy station (reference-grade),1
2016-05-15,38.9,109,Unhealthy for Sensitive Groups,29.78,78.46,15.53,1005.91,0.3,795.62,12358.7,Pre-monsoon,0,5,6,0,44.9,36.6,65.7,62.57,52.35,US Embassy station (reference-grade),1
2016-05-16,32.9,95,Moderate,29.52,79.46,18.27,1003.68,14.6,821.46,15008.7,Pre-monsoon,0,5,0,0,38.9,44.9,36.6,55.04,51.85,US Embassy station (reference-grade),1
2016-05-17,25.5,82,Moderate,29.82,76.96,18.05,1003.1,2.0,851.67,15369.0,Pre-monsoon,0,5,1,0,32.9,38.9,44.9,45.84,51.31,US Embassy station (reference-grade),1
2016-05-18,31.8,93,Moderate,29.15,79.88,13.53,1003.95,8.4,661.04,8946.1,Pre-monsoon,0,5,2,0,25.5,32.9,38.9,39.47,50.99,US Embassy station (reference-grade),1
2016-05-19,27.6,85,Moderate,26.71,87.83,10.69,1004.85,11.0,452.5,4838.0,Pre-monsoon,0,5,3,0,31.8,25.5,32.9,34.03,50.4,US Embassy station (reference-grade),1
2016-05-20,22.0,75,Moderate,25.66,90.75,12.3,1002.44,6.0,396.67,4879.0,Pre-monsoon,0,5,4,1,27.6,31.8,25.5,31.94,49.7,US Embassy station (reference-grade),1
2016-05-21,16.4,65,Moderate,24.22,92.08,20.31,996.45,93.0,545.42,11078.8,Pre-monsoon,0,5,5,1,22.0,27.6,31.8,27.87,48.67,US Embassy station (reference-grade),1
2016-05-22,52.9,144,Unhealthy for Sensitive Groups,27.23,82.88,9.01,998.85,1.2,441.88,3980.6,Pre-monsoon,0,5,6,0,16.4,22.0,27.6,29.87,49.1,US Embassy station (reference-grade),1
2016-05-23,46.8,129,Unhealthy for Sensitive Groups,28.19,85.62,8.62,1000.6,3.8,455.21,3924.3,Pre-monsoon,0,5,0,0,52.9,16.4,22.0,31.86,49.06,US Embassy station (reference-grade),1
2016-05-24,54.3,147,Unhealthy for Sensitive Groups,29.03,83.29,6.25,1000.25,7.8,518.75,3242.2,Pre-monsoon,0,5,1,0,46.8,52.9,16.4,35.97,49.37,US Embassy station (reference-grade),1
2016-05-25,56.4,152,Unhealthy,27.62,87.58,9.27,999.25,42.5,403.96,3743.3,Pre-monsoon,0,5,2,0,54.3,46.8,52.9,39.49,49.59,US Embassy station (reference-grade),1
2016-05-26,56.6,152,Unhealthy,27.97,84.67,9.15,1000.98,2.5,476.67,4359.5,Pre-monsoon,0,5,3,0,56.4,54.3,46.8,43.63,49.98,US Embassy station (reference-grade),1
2016-05-27,57.0,152,Unhealthy,27.75,85.08,9.7,1002.34,7.8,478.96,4643.9,Pre-monsoon,0,5,4,1,56.6,56.4,54.3,48.63,50.57,US Embassy station (reference-grade),1
2016-05-29,58.1,153,Unhealthy,27.85,86.38,7.31,1002.18,6.1,376.25,2749.8,Pre-monsoon,0,5,6,0,57.0,56.6,56.4,54.59,51.09,US Embassy station (reference-grade),1
2016-05-30,66.1,158,Unhealthy,28.75,84.75,6.18,1002.71,5.7,402.08,2484.5,Pre-monsoon,0,5,0,0,58.1,57.0,56.6,56.47,51.4,US Embassy station (reference-grade),1
2016-05-31,64.6,157,Unhealthy,28.32,85.58,6.49,1003.64,5.9,416.67,2703.1,Pre-monsoon,0,5,1,0,66.1,58.1,57.0,59.01,51.96,US Embassy station (reference-grade),1
2016-06-01,66.7,159,Unhealthy,28.01,86.75,6.26,1004.35,5.0,436.04,2728.9,Monsoon,0,6,2,0,64.6,66.1,58.1,60.79,52.6,US Embassy station (reference-grade),1
2016-06-02,74.3,164,Unhealthy,28.73,81.38,6.09,1003.85,1.8,476.04,2897.9,Monsoon,0,6,3,0,66.7,64.6,66.1,63.34,53.45,US Embassy station (reference-grade),1
2016-06-03,50.3,137,Unhealthy for Sensitive Groups,29.3,78.0,7.73,1004.3,0.0,545.21,4216.3,Monsoon,0,6,4,1,74.3,66.7,64.6,62.44,53.32,US Embassy station (reference-grade),1
2016-06-04,45.5,126,Unhealthy for Sensitive Groups,29.09,81.12,8.52,1005.22,0.8,521.67,4445.0,Monsoon,0,6,5,1,50.3,74.3,66.7,60.8,53.46,US Embassy station (reference-grade),1
2016-06-05,44.8,124,Unhealthy for Sensitive Groups,29.06,81.88,9.3,1005.77,4.1,557.29,5180.5,Monsoon,0,6,6,0,45.5,50.3,74.3,58.9,52.8,US Embassy station (reference-grade),1
2016-06-06,42.4,118,Unhealthy for Sensitive Groups,27.89,85.92,9.64,1005.61,2.2,508.54,4901.1,Monsoon,0,6,0,0,44.8,45.5,50.3,55.51,51.57,US Embassy station (reference-grade),1
2016-06-07,51.3,140,Unhealthy for Sensitive Groups,27.24,87.08,11.06,1005.14,8.3,497.92,5506.1,Monsoon,0,6,1,0,42.4,44.8,45.5,53.61,51.38,US Embassy station (reference-grade),1
2016-06-08,30.4,91,Moderate,27.58,86.5,9.92,1003.02,4.8,437.29,4340.1,Monsoon,0,6,2,0,51.3,42.4,44.8,48.43,50.42,US Embassy station (reference-grade),1
2016-06-09,30.2,90,Moderate,27.5,87.54,11.46,1000.28,9.3,451.67,5175.3,Monsoon,0,6,3,0,30.4,51.3,42.4,42.13,48.58,US Embassy station (reference-grade),1
2016-06-10,32.7,95,Moderate,29.02,82.71,6.07,998.75,2.9,461.46,2799.5,Monsoon,0,6,4,1,30.2,30.4,51.3,39.61,46.67,US Embassy station (reference-grade),1
2016-06-11,48.5,133,Unhealthy for Sensitive Groups,28.56,88.33,11.67,999.36,24.7,374.58,4370.1,Monsoon,0,6,5,1,32.7,30.2,30.4,40.04,45.74,US Embassy station (reference-grade),1
2016-06-12,43.0,119,Unhealthy for Sensitive Groups,27.63,91.96,10.57,1000.04,34.2,401.04,4237.7,Monsoon,0,6,6,0,48.5,32.7,30.2,39.79,44.98,US Embassy station (reference-grade),1
2016-06-13,42.8,119,Unhealthy for Sensitive Groups,27.63,91.83,10.33,1000.44,17.8,357.92,3697.0,Monsoon,0,6,0,0,43.0,48.5,32.7,39.84,45.19,US Embassy station (reference-grade),1
2016-06-14,51.6,141,Unhealthy for Sensitive Groups,27.82,89.25,9.48,999.28,20.3,442.5,4194.5,Monsoon,0,6,1,0,42.8,43.0,48.5,39.89,45.41,US Embassy station (reference-grade),1
2016-06-15,46.6,128,Unhealthy for Sensitive Groups,26.68,91.12,8.84,999.07,10.8,344.38,3044.8,Monsoon,0,6,2,0,51.6,42.8,43.0,42.2,45.67,US Embassy station (reference-grade),1
2016-06-16,51.0,139,Unhealthy for Sensitive Groups,27.33,88.12,7.82,999.77,10.0,401.25,3138.1,Monsoon,0,6,3,0,46.6,51.6,42.8,45.17,46.27,US Embassy station (reference-grade),1
2016-06-17,34.1,98,Moderate,27.75,86.5,10.21,1000.91,16.3,506.04,5165.8,Monsoon,0,6,4,1,51.0,46.6,51.6,45.37,46.56,US Embassy station (reference-grade),1
2016-06-18,29.4,89,Moderate,27.92,84.12,16.2,1003.4,2.5,664.38,10765.6,Monsoon,0,6,5,1,34.1,51.0,46.6,42.64,46.48,US Embassy station (reference-grade),1
2016-06-19,36.2,103,Unhealthy for Sensitive Groups,28.21,83.25,13.48,1004.9,2.5,631.25,8508.7,Monsoon,0,6,6,0,29.4,34.1,51.0,41.67,46.77,US Embassy station (reference-grade),1
2016-06-20,22.4,76,Moderate,28.88,79.96,12.09,1004.31,1.0,689.58,8338.2,Monsoon,0,6,0,0,36.2,29.4,34.1,38.76,46.78,US Embassy station (reference-grade),1
2016-06-21,23.3,77,Moderate,28.82,82.5,10.64,1003.73,0.7,570.0,6063.4,Monsoon,0,6,1,0,22.4,36.2,29.4,34.71,47.01,US Embassy station (reference-grade),1
2016-06-22,23.2,77,Moderate,28.56,84.67,10.12,1004.02,7.8,533.12,5397.9,Monsoon,0,6,2,0,23.3,22.4,36.2,31.37,46.02,US Embassy station (reference-grade),1
2016-06-23,28.7,88,Moderate,28.01,88.83,7.17,1002.99,11.1,393.96,2823.4,Monsoon,0,6,3,0,23.2,23.3,22.4,28.19,45.42,US Embassy station (reference-grade),1
2016-06-24,24.9,80,Moderate,28.99,82.0,8.68,1002.15,3.1,542.08,4707.1,Monsoon,0,6,4,1,28.7,23.2,23.3,26.87,44.44,US Embassy station (reference-grade),1
2016-06-25,31.2,92,Moderate,28.85,77.75,7.16,1003.03,0.8,346.46,2481.5,Monsoon,0,6,5,1,24.9,28.7,23.2,27.13,43.6,US Embassy station (reference-grade),1
2016-06-26,45.5,126,Unhealthy for Sensitive Groups,28.85,76.75,4.46,1002.65,4.0,445.0,1984.0,Monsoon,0,6,6,0,31.2,24.9,28.7,28.46,43.23,US Embassy station (reference-grade),1
2016-06-28,23.4,78,Moderate,29.58,78.79,11.4,1002.4,0.4,719.38,8203.9,Monsoon,0,6,1,0,45.5,31.2,24.9,28.6,42.11,US Embassy station (reference-grade),1
2016-06-29,34.0,97,Moderate,29.55,80.58,10.11,1002.84,3.6,566.25,5726.2,Monsoon,0,6,2,0,23.4,45.5,31.2,30.13,41.3,US Embassy station (reference-grade),1
2016-06-30,30.3,90,Moderate,29.22,81.58,10.17,1001.14,1.1,615.21,6259.7,Monsoon,0,6,3,0,34.0,23.4,45.5,31.14,40.11,US Embassy station (reference-grade),1
2016-07-01,27.2,85,Moderate,28.23,84.92,15.1,999.2,14.9,706.25,10661.4,Monsoon,0,7,4,1,30.3,34.0,23.4,30.93,38.86,US Embassy station (reference-grade),1
2016-07-02,20.9,73,Moderate,27.63,88.12,17.79,999.02,7.7,686.67,12214.1,Monsoon,0,7,5,1,27.2,30.3,34.0,30.36,37.34,US Embassy station (reference-grade),1
2016-07-03,25.7,82,Moderate,27.12,91.79,18.85,998.18,38.0,679.17,12805.1,Monsoon,0,7,6,0,20.9,27.2,30.3,29.57,35.72,US Embassy station (reference-grade),1
2016-07-04,22.4,76,Moderate,26.82,92.79,15.92,998.78,19.6,551.46,8777.4,Monsoon,0,7,0,0,25.7,20.9,27.2,26.27,34.79,US Embassy station (reference-grade),1
2016-07-05,19.7,71,Moderate,26.87,93.38,13.82,998.24,15.0,476.46,6585.1,Monsoon,0,7,1,0,22.4,25.7,20.9,25.74,33.93,US Embassy station (reference-grade),1
2016-07-06,19.9,71,Moderate,26.4,94.58,10.56,998.77,9.2,335.21,3540.6,Monsoon,0,7,2,0,19.7,22.4,25.7,23.73,33.1,US Embassy station (reference-grade),1
2016-07-07,21.1,73,Moderate,28.72,84.33,12.18,998.34,0.5,553.96,6746.8,Monsoon,0,7,3,0,19.9,19.7,22.4,22.41,32.39,US Embassy station (reference-grade),1
2016-07-08,15.2,62,Moderate,28.7,84.88,11.43,997.63,5.3,591.67,6764.7,Monsoon,0,7,4,1,21.1,19.9,19.7,20.7,31.18,US Embassy station (reference-grade),1
2016-07-09,14.8,62,Moderate,27.94,85.62,15.12,997.22,7.3,670.21,10136.9,Monsoon,0,7,5,1,15.2,21.1,19.9,19.83,30.66,US Embassy station (reference-grade),1
2016-07-10,17.8,67,Moderate,28.08,85.08,13.3,997.1,2.3,583.96,7764.2,Monsoon,0,7,6,0,14.8,15.2,21.1,18.7,30.25,US Embassy station (reference-grade),1
2016-07-11,19.0,69,Moderate,28.32,82.25,18.15,998.4,3.8,711.25,12909.2,Monsoon,0,7,0,0,17.8,14.8,15.2,18.21,29.79,US Embassy station (reference-grade),1
2016-07-12,24.0,79,Moderate,28.29,84.33,16.52,1000.58,7.4,674.58,11147.5,Monsoon,0,7,1,0,19.0,17.8,14.8,18.83,28.98,US Embassy station (reference-grade),1
2016-07-13,28.2,87,Moderate,28.16,85.67,12.67,1000.25,9.1,585.83,7423.0,Monsoon,0,7,2,0,24.0,19.0,17.8,20.01,28.48,US Embassy station (reference-grade),1
2016-07-14,29.6,89,Moderate,28.55,84.58,12.5,999.53,8.4,547.5,6846.0,Monsoon,0,7,3,0,28.2,24.0,19.0,21.23,28.04,US Embassy station (reference-grade),1
2016-07-15,26.7,84,Moderate,27.95,86.54,15.57,1000.05,6.8,589.17,9171.4,Monsoon,0,7,4,1,29.6,28.2,24.0,22.87,27.21,US Embassy station (reference-grade),1
2016-07-16,33.3,96,Moderate,26.65,93.25,16.89,1002.8,67.7,603.33,10188.8,Monsoon,0,7,5,1,26.7,29.6,28.2,25.51,26.77,US Embassy station (reference-grade),1
2016-07-17,28.0,86,Moderate,26.8,91.33,15.75,1005.56,15.8,665.0,10476.5,Monsoon,0,7,6,0,33.3,26.7,29.6,26.97,26.0,US Embassy station (reference-grade),1
2016-07-18,32.8,95,Moderate,27.17,91.46,13.42,1003.58,16.4,581.04,7800.5,Monsoon,0,7,0,0,28.0,33.3,26.7,28.94,25.96,US Embassy station (reference-grade),1
2016-07-19,37.4,106,Unhealthy for Sensitive Groups,27.24,90.38,11.69,1001.78,8.5,443.96,5190.6,Monsoon,0,7,1,0,32.8,28.0,33.3,30.86,26.23,US Embassy station (reference-grade),1
2016-07-20,40.2,113,Unhealthy for Sensitive Groups,28.18,86.92,11.78,1001.82,9.7,536.46,6316.8,Monsoon,0,7,2,0,37.4,32.8,28.0,32.57,26.36,US Embassy station (reference-grade),1
2016-07-21,38.7,109,Unhealthy for Sensitive Groups,27.68,88.17,14.11,1002.86,3.4,625.42,8823.6,Monsoon,0,7,3,0,40.2,37.4,32.8,33.87,26.9,US Embassy station (reference-grade),1
2016-07-22,30.9,92,Moderate,27.1,86.67,14.5,1004.2,0.5,594.79,8624.5,Monsoon,0,7,4,1,38.7,40.2,37.4,34.47,27.16,US Embassy station (reference-grade),1
2016-07-23,31.3,92,Moderate,27.1,87.5,14.71,1005.02,8.5,664.79,9780.7,Monsoon,0,7,5,1,30.9,38.7,40.2,34.19,27.43,US Embassy station (reference-grade),1
2016-07-24,37.1,105,Unhealthy for Sensitive Groups,27.02,86.71,14.82,1005.44,4.3,694.38,10294.1,Monsoon,0,7,6,0,31.3,30.9,38.7,35.49,27.71,US Embassy station (reference-grade),1
2016-07-25,26.7,84,Moderate,26.18,90.92,14.26,1006.52,8.4,574.17,8189.1,Monsoon,0,7,0,0,37.1,31.3,30.9,34.61,27.77,US Embassy station (reference-grade),1
2016-07-26,26.5,83,Moderate,26.11,90.83,9.68,1007.7,9.3,441.67,4275.0,Monsoon,0,7,1,0,26.7,37.1,31.3,33.06,27.61,US Embassy station (reference-grade),1
2016-07-28,36.8,104,Unhealthy for Sensitive Groups,28.55,80.67,6.17,1004.46,0.2,347.5,2144.4,Monsoon,0,7,3,0,26.5,26.7,37.1,32.57,27.32,US Embassy station (reference-grade),1
2016-07-29,67.8,160,Unhealthy,28.28,85.92,3.82,1002.76,9.0,376.67,1437.6,Monsoon,0,7,4,1,36.8,26.5,26.7,36.73,28.8,US Embassy station (reference-grade),1
2016-07-30,46.9,129,Unhealthy for Sensitive Groups,28.05,85.75,4.16,1002.2,13.5,310.83,1293.8,Monsoon,0,7,5,1,67.8,36.8,26.5,39.01,29.23,US Embassy station (reference-grade),1
2016-07-31,33.5,96,Moderate,28.78,82.88,5.99,1000.79,4.3,429.58,2572.1,Monsoon,0,7,6,0,46.9,67.8,36.8,39.33,29.34,US Embassy station (reference-grade),1
2016-08-01,33.9,97,Moderate,28.11,82.75,7.34,998.92,7.3,518.12,3803.9,Monsoon,0,8,0,0,33.5,46.9,67.8,38.87,29.56,US Embassy station (reference-grade),1
2016-08-02,18.4,68,Moderate,27.55,84.0,13.7,997.85,3.5,713.54,9778.5,Monsoon,0,8,1,0,33.9,33.5,46.9,37.69,29.48,US Embassy station (reference-grade),1
2016-08-03,33.0,96,Moderate,28.45,79.92,13.96,998.05,0.6,760.83,10620.0,Monsoon,0,8,2,0,18.4,33.9,33.5,38.61,29.72,US Embassy station (reference-grade),1
2016-08-04,16.8,65,Moderate,28.97,78.12,17.29,998.61,1.3,842.71,14568.3,Monsoon,0,8,3,0,33.0,18.4,33.9,35.76,29.53,US Embassy station (reference-grade),1
2016-08-05,19.4,70,Moderate,28.44,80.17,18.95,1000.17,1.4,811.88,15381.6,Monsoon,0,8,4,1,16.8,33.0,18.4,28.84,29.52,US Embassy station (reference-grade),1
2016-08-06,21.0,73,Moderate,27.97,82.83,18.58,1001.43,1.6,809.17,15037.0,Monsoon,0,8,5,1,19.4,16.8,33.0,25.14,29.56,US Embassy station (reference-grade),1
2016-08-07,21.6,74,Moderate,26.96,90.17,13.36,1001.84,11.7,551.04,7363.3,Monsoon,0,8,6,0,21.0,19.4,16.8,23.44,29.58,US Embassy station (reference-grade),1
2016-08-08,24.3,79,Moderate,27.65,85.62,12.81,1000.64,2.6,532.92,6825.8,Monsoon,0,8,0,0,21.6,21.0,19.4,22.07,29.88,US Embassy station (reference-grade),1
2016-08-09,19.1,70,Moderate,26.95,88.38,18.32,999.45,10.8,683.54,12523.1,Monsoon,0,8,1,0,24.3,21.6,21.0,22.17,30.02,US Embassy station (reference-grade),1
2016-08-10,15.4,63,Moderate,25.79,92.83,24.84,998.09,19.8,744.79,18501.9,Monsoon,0,8,2,0,19.1,24.3,21.6,19.66,29.94,US Embassy station (reference-grade),1
2016-08-11,30.3,90,Moderate,27.01,88.88,18.36,1001.01,6.0,657.08,12063.0,Monsoon,0,8,3,0,15.4,19.1,24.3,21.59,30.32,US Embassy station (reference-grade),1
2016-08-12,32.7,95,Moderate,27.79,85.54,13.55,1001.71,6.0,557.71,7554.6,Monsoon,0,8,4,1,30.3,15.4,19.1,23.49,30.61,US Embassy station (reference-grade),1
2016-08-13,43.3,120,Unhealthy for Sensitive Groups,28.13,86.25,11.28,1000.7,13.4,478.33,5395.2,Monsoon,0,8,5,1,32.7,30.3,15.4,26.67,31.11,US Embassy station (reference-grade),1
2016-08-14,46.0,127,Unhealthy for Sensitive Groups,28.74,85.71,8.88,999.3,3.1,493.75,4386.1,Monsoon,0,8,6,0,43.3,32.7,30.3,30.16,31.66,US Embassy station (reference-grade),1
2016-08-15,44.2,122,Unhealthy for Sensitive Groups,29.25,81.67,8.63,996.85,1.1,554.58,4785.6,Monsoon,0,8,0,0,46.0,43.3,32.7,33.0,32.24,US Embassy station (reference-grade),1
2016-08-16,21.9,75,Moderate,29.05,82.67,10.39,994.87,9.0,690.83,7176.0,Monsoon,0,8,1,0,44.2,46.0,43.3,33.4,31.86,US Embassy station (reference-grade),1
2016-08-17,15.8,63,Moderate,27.46,82.42,23.6,995.87,7.9,987.92,23310.7,Monsoon,0,8,2,0,21.9,44.2,46.0,33.46,31.46,US Embassy station (reference-grade),1
2016-08-18,36.8,104,Unhealthy for Sensitive Groups,27.52,86.54,17.38,999.3,9.7,748.96,13016.3,Monsoon,0,8,3,0,15.8,21.9,44.2,34.39,31.59,US Embassy station (reference-grade),1
2016-08-19,44.1,122,Unhealthy for Sensitive Groups,28.42,82.0,9.27,1000.88,1.6,467.29,4330.2,Monsoon,0,8,4,1,36.8,15.8,21.9,36.01,31.81,US Embassy station (reference-grade),1
2016-08-20,55.6,151,Unhealthy,29.11,83.42,5.81,1000.37,4.2,383.54,2229.3,Monsoon,0,8,5,1,44.1,36.8,15.8,37.77,32.33,US Embassy station (reference-grade),1
2016-08-21,44.5,123,Unhealthy for Sensitive Groups,26.59,90.88,13.5,998.8,59.0,487.08,6575.6,Monsoon,0,8,6,0,55.6,44.1,36.8,37.56,32.52,US Embassy station (reference-grade),1
2016-08-22,37.6,106,Unhealthy for Sensitive Groups,27.23,80.62,12.68,1004.27,8.1,526.46,6672.9,Monsoon,0,8,0,0,44.5,55.6,44.1,36.61,32.74,US Embassy station (reference-grade),1
2016-08-23,81.0,169,Unhealthy,28.41,79.5,3.89,1003.86,0.0,415.42,1614.9,Monsoon,0,8,1,0,37.6,44.5,55.6,45.06,34.4,US Embassy station (reference-grade),1
2016-08-24,69.3,161,Unhealthy,29.79,77.42,3.57,1002.01,0.0,406.25,1449.0,Monsoon,0,8,2,0,81.0,37.6,44.5,52.7,35.47,US Embassy station (reference-grade),1
2016-08-25,67.7,160,Unhealthy,30.22,81.54,5.01,1002.48,1.0,380.42,1905.3,Monsoon,0,8,3,0,69.3,81.0,37.6,57.11,36.84,US Embassy station (reference-grade),1
2016-08-27,32.6,95,Moderate,29.69,82.29,6.19,1005.64,3.2,450.0,2784.4,Monsoon,0,8,5,1,67.7,69.3,81.0,55.47,37.04,US Embassy station (reference-grade),1
2016-08-28,47.9,132,Unhealthy for Sensitive Groups,28.31,84.25,7.0,1005.9,7.3,385.21,2694.9,Monsoon,0,8,6,0,32.6,67.7,69.3,54.37,37.41,US Embassy station (reference-grade),1
2016-08-29,41.0,115,Unhealthy for Sensitive Groups,28.87,79.08,4.29,1003.47,0.7,414.17,1775.7,Monsoon,0,8,0,0,47.9,32.6,67.7,53.87,36.52,US Embassy station (reference-grade),1
2016-08-30,29.5,89,Moderate,28.98,80.42,9.07,1002.82,7.4,580.42,5262.4,Monsoon,0,8,1,0,41.0,47.9,32.6,52.71,35.94,US Embassy station (reference-grade),1
2016-08-31,23.7,78,Moderate,28.06,84.92,11.84,1003.78,5.2,508.96,6026.9,Monsoon,0,8,2,0,29.5,41.0,47.9,44.53,35.61,US Embassy station (reference-grade),1
2016-09-01,35.5,101,Unhealthy for Sensitive Groups,27.85,87.12,11.62,1002.61,4.9,497.08,5778.6,Monsoon,0,9,3,0,23.7,29.5,41.0,39.7,35.67,US Embassy station (reference-grade),1
2016-09-02,38.3,108,Unhealthy for Sensitive Groups,27.86,87.75,10.95,1000.44,10.1,478.12,5235.5,Monsoon,0,9,4,1,35.5,23.7,29.5,35.5,36.33,US Embassy station (reference-grade),1
2016-09-03,32.0,94,Moderate,28.12,85.29,10.01,999.65,11.9,472.29,4726.9,Monsoon,0,9,5,1,38.3,35.5,23.7,35.41,36.3,US Embassy station (reference-grade),1
2016-09-04,29.9,90,Moderate,28.03,85.17,13.32,1000.42,5.9,557.08,7420.8,Monsoon,0,9,6,0,32.0,38.3,35.5,32.84,36.73,US Embassy station (reference-grade),1
2016-09-05,24.6,80,Moderate,28.17,83.96,17.49,1000.21,1.9,741.25,12965.7,Monsoon,0,9,0,0,29.9,32.0,38.3,30.5,36.91,US Embassy station (reference-grade),1
2016-09-06,28.3,87,Moderate,27.87,85.17,17.49,1000.6,7.8,685.83,11996.4,Monsoon,0,9,1,0,24.6,29.9,32.0,30.33,37.15,US Embassy station (reference-grade),1
2016-09-07,37.5,106,Unhealthy for Sensitive Groups,28.25,84.04,13.85,1001.66,3.6,607.08,8410.6,Monsoon,0,9,2,0,28.3,24.6,29.9,32.3,37.68,US Embassy station (reference-grade),1
2016-09-08,47.2,130,Unhealthy for Sensitive Groups,28.45,81.17,10.81,1003.45,0.5,519.79,5620.2,Monsoon,0,9,3,0,37.5,28.3,24.6,33.97,38.44,US Embassy station (reference-grade),1
2016-09-09,51.3,140,Unhealthy for Sensitive Groups,28.81,79.92,10.25,1004.77,0.5,572.92,5872.4,Monsoon,0,9,4,1,47.2,37.5,28.3,35.83,39.52,US Embassy station (reference-grade),1
2016-09-10,50.5,138,Unhealthy for Sensitive Groups,28.62,81.79,8.83,1004.6,0.6,573.75,5068.1,Monsoon,0,9,5,1,51.3,47.2,37.5,38.47,40.69,US Embassy station (reference-grade),1
2016-09-11,41.7,116,Unhealthy for Sensitive Groups,28.09,84.38,7.05,1004.13,3.8,471.25,3322.3,Monsoon,0,9,6,0,50.5,51.3,47.2,40.16,41.07,US Embassy station (reference-grade),1
2016-09-12,41.5,116,Unhealthy for Sensitive Groups,27.13,88.21,5.45,1004.57,20.9,347.92,1897.6,Monsoon,0,9,0,0,41.7,50.5,51.3,42.57,41.36,US Embassy station (reference-grade),1
2016-09-13,27.2,85,Moderate,26.49,91.17,5.31,1006.07,19.9,207.08,1100.1,Monsoon,0,9,1,0,41.5,41.7,50.5,42.41,40.82,US Embassy station (reference-grade),1
2016-09-14,29.8,90,Moderate,27.07,87.08,5.11,1006.33,10.7,187.5,957.8,Monsoon,0,9,2,0,27.2,41.5,41.7,41.31,40.28,US Embassy station (reference-grade),1
2016-09-15,30.1,90,Moderate,28.43,82.71,4.22,1005.05,2.0,364.58,1537.3,Monsoon,0,9,3,0,29.8,27.2,41.5,38.87,39.81,US Embassy station (reference-grade),1
2016-09-16,27.5,85,Moderate,28.88,81.04,5.7,1004.24,0.9,406.88,2320.9,Monsoon,0,9,4,1,30.1,29.8,27.2,35.47,40.0,US Embassy station (reference-grade),1
2016-09-17,23.1,77,Moderate,27.97,86.54,5.43,1004.24,18.0,396.88,2154.7,Monsoon,0,9,5,1,27.5,30.1,29.8,31.56,40.24,US Embassy station (reference-grade),1
2016-09-18,30.4,91,Moderate,28.49,81.46,5.48,1005.28,1.1,418.12,2292.7,Monsoon,0,9,6,0,23.1,27.5,30.1,29.94,40.03,US Embassy station (reference-grade),1
2016-09-19,31.1,92,Moderate,28.16,86.5,4.69,1004.42,10.3,320.0,1500.0,Monsoon,0,9,0,0,30.4,23.1,27.5,28.46,39.6,US Embassy station (reference-grade),1
2016-09-20,32.9,95,Moderate,27.9,87.92,4.18,1004.69,10.3,290.83,1216.7,Monsoon,0,9,1,0,31.1,30.4,23.1,29.27,38.84,US Embassy station (reference-grade),1
2016-09-21,31.8,93,Moderate,27.22,91.42,3.83,1007.28,28.8,315.0,1207.5,Monsoon,0,9,2,0,32.9,31.1,30.4,29.56,38.42,US Embassy station (reference-grade),1
2016-09-22,35.1,99,Moderate,28.0,86.79,5.37,1007.26,8.0,373.96,2008.5,Monsoon,0,9,3,0,31.8,32.9,31.1,30.27,38.33,US Embassy station (reference-grade),1
2016-09-23,30.4,91,Moderate,28.04,85.12,7.78,1005.4,6.0,459.79,3576.8,Monsoon,0,9,4,1,35.1,31.8,32.9,30.69,36.65,US Embassy station (reference-grade),1
2016-09-24,27.3,85,Moderate,27.29,86.67,9.38,1004.2,10.7,477.29,4474.6,Monsoon,0,9,5,1,30.4,35.1,31.8,31.29,35.25,US Embassy station (reference-grade),1
2016-09-26,49.9,136,Unhealthy for Sensitive Groups,28.07,87.83,3.52,1005.63,6.6,348.12,1227.1,Monsoon,0,9,0,0,27.3,30.4,35.1,34.07,34.65,US Embassy station (reference-grade),1
2016-09-27,57.1,152,Unhealthy,27.85,85.88,3.57,1005.68,2.7,263.12,938.5,Monsoon,0,9,1,0,49.9,27.3,30.4,37.79,35.47,US Embassy station (reference-grade),1
2016-09-28,70.6,162,Unhealthy,27.94,86.71,4.26,1004.7,1.8,239.79,1022.1,Monsoon,0,9,2,0,57.1,49.9,27.3,43.17,36.23,US Embassy station (reference-grade),1
2016-09-29,47.0,129,Unhealthy for Sensitive Groups,28.32,85.12,6.78,1004.2,5.3,416.04,2822.1,Monsoon,0,9,3,0,70.6,57.1,49.9,45.34,36.43,US Embassy station (reference-grade),1
2016-09-30,41.5,116,Unhealthy for Sensitive Groups,28.66,81.79,6.43,1004.4,1.3,374.17,2405.6,Monsoon,0,9,4,1,47.0,70.6,57.1,46.26,36.83,US Embassy station (reference-grade),1
2016-10-01,46.3,128,Unhealthy for Sensitive Groups,28.48,84.75,4.96,1006.4,3.0,351.25,1743.1,Post-monsoon,0,10,5,1,41.5,47.0,70.6,48.53,37.58,US Embassy station (reference-grade),1
2016-10-02,57.9,153,Unhealthy,28.79,84.42,3.77,1007.78,2.0,312.71,1177.9,Post-monsoon,0,10,6,0,46.3,41.5,47.0,52.9,38.33,US Embassy station (reference-grade),1
2016-10-03,54.6,148,Unhealthy for Sensitive Groups,28.6,85.04,5.43,1005.79,10.0,366.04,1988.8,Post-monsoon,0,10,0,0,57.9,46.3,41.5,53.57,38.87,US Embassy station (reference-grade),1
2016-10-04,75.6,165,Unhealthy,28.79,84.38,5.3,1004.28,10.4,344.17,1825.5,Post-monsoon,0,10,1,0,54.6,57.9,46.3,56.21,40.32,US Embassy station (reference-grade),1
2016-10-05,42.6,118,Unhealthy for Sensitive Groups,27.72,88.08,5.58,1004.16,7.8,301.25,1682.0,Post-monsoon,0,10,2,0,75.6,54.6,57.9,52.21,40.75,US Embassy station (reference-grade),1
2016-10-06,73.8,164,Unhealthy,27.08,87.46,4.41,1005.14,1.8,211.46,932.2,Post-monsoon,0,10,3,0,42.6,75.6,54.6,56.04,42.39,US Embassy station (reference-grade),1
2016-10-07,40.3,113,Unhealthy for Sensitive Groups,27.45,87.67,5.27,1006.01,4.5,242.08,1275.0,Post-monsoon,0,10,4,1,73.8,42.6,75.6,55.87,42.79,US Embassy station (reference-grade),1
2016-10-08,36.3,103,Unhealthy for Sensitive Groups,26.99,87.71,8.52,1006.52,11.5,399.58,3404.8,Post-monsoon,0,10,5,1,40.3,73.8,42.6,54.44,42.75,US Embassy station (reference-grade),1
2016-10-09,39.4,111,Unhealthy for Sensitive Groups,27.12,86.92,8.37,1005.3,9.8,380.62,3186.1,Post-monsoon,0,10,6,0,36.3,40.3,73.8,51.8,42.49,US Embassy station (reference-grade),1
2016-10-10,35.9,102,Unhealthy for Sensitive Groups,26.57,89.46,11.55,1004.22,12.3,500.21,5777.4,Post-monsoon,0,10,0,0,39.4,36.3,40.3,49.13,41.97,US Embassy station (reference-grade),1
2016-10-11,24.5,80,Moderate,25.3,94.46,13.7,1004.12,24.1,604.38,8282.5,Post-monsoon,0,10,1,0,35.9,39.4,36.3,41.83,41.11,US Embassy station (reference-grade),1
2016-10-12,39.0,110,Unhealthy for Sensitive Groups,25.43,91.33,9.18,1003.39,16.9,371.25,3409.3,Post-monsoon,0,10,2,0,24.5,35.9,39.4,41.31,41.02,US Embassy station (reference-grade),1
2016-10-13,87.7,174,Unhealthy,26.72,89.12,5.11,1006.57,1.1,402.71,2058.8,Post-monsoon,0,10,3,0,39.0,24.5,35.9,43.3,42.56,US Embassy station (reference-grade),1
2016-10-14,46.2,127,Unhealthy for Sensitive Groups,26.8,83.88,4.98,1007.41,0.3,313.33,1561.4,Post-monsoon,0,10,4,1,87.7,39.0,24.5,44.14,43.19,US Embassy station (reference-grade),1
2016-10-15,63.7,157,Unhealthy,26.64,79.75,5.32,1007.63,0.1,329.38,1752.5,Post-monsoon,0,10,5,1,46.2,87.7,39.0,48.06,44.32,US Embassy station (reference-grade),1
2016-10-16,59.0,153,Unhealthy,27.36,77.5,6.83,1007.88,0.0,355.42,2428.7,Post-monsoon,0,10,6,0,63.7,46.2,87.7,50.86,45.28,US Embassy station (reference-grade),1
2016-10-17,65.1,158,Unhealthy,27.88,79.12,7.16,1006.4,0.0,351.88,2520.3,Post-monsoon,0,10,0,0,59.0,63.7,46.2,55.03,46.54,US Embassy station (reference-grade),1
2016-10-18,73.6,164,Unhealthy,28.14,81.62,4.43,1005.87,0.1,313.75,1389.7,Post-monsoon,0,10,1,0,65.1,59.0,63.7,62.04,48.22,US Embassy station (reference-grade),1
2016-10-19,78.0,167,Unhealthy,27.97,81.62,5.13,1005.03,0.0,362.5,1859.3,Post-monsoon,0,10,2,0,73.6,65.1,59.0,67.61,49.81,US Embassy station (reference-grade),1
2016-10-20,58.6,153,Unhealthy,27.68,77.38,6.72,1004.33,0.0,386.67,2597.1,Post-monsoon,0,10,3,0,78.0,73.6,65.1,63.46,50.72,US Embassy station (reference-grade),1
2016-10-21,69.5,161,Unhealthy,26.91,78.33,6.08,1005.35,0.0,365.0,2217.4,Post-monsoon,0,10,4,1,58.6,78.0,73.6,66.79,51.94,US Embassy station (reference-grade),1
2016-10-22,83.4,171,Unhealthy,26.12,74.5,5.87,1006.53,0.0,483.54,2838.8,Post-monsoon,0,10,5,1,69.5,58.6,78.0,69.6,53.66,US Embassy station (reference-grade),1
2016-10-23,74.9,165,Unhealthy,25.67,75.12,6.1,1005.93,0.0,453.96,2769.1,Post-monsoon,0,10,6,0,83.4,69.5,58.6,71.87,54.99,US Embassy station (reference-grade),1
2016-10-24,75.5,165,Unhealthy,25.86,76.79,6.55,1004.65,0.0,393.54,2576.1,Post-monsoon,0,10,0,0,74.9,83.4,69.5,73.36,56.49,US Embassy station (reference-grade),1
2016-10-26,70.3,161,Unhealthy,26.47,81.25,4.41,1008.08,0.6,218.75,964.3,Post-monsoon,0,10,2,0,75.5,74.9,83.4,72.89,57.93,US Embassy station (reference-grade),1
2016-10-27,45.7,126,Unhealthy for Sensitive Groups,25.83,88.88,4.12,1011.11,7.5,232.29,956.3,Post-monsoon,0,10,3,0,70.3,75.5,74.9,68.27,57.79,US Embassy station (reference-grade),1
2016-10-28,43.8,121,Unhealthy for Sensitive Groups,25.58,88.29,3.73,1010.37,2.8,249.17,930.2,Post-monsoon,0,10,4,1,45.7,70.3,75.5,66.16,57.34,US Embassy station (reference-grade),1
2016-10-29,41.3,115,Unhealthy for Sensitive Groups,25.91,85.04,5.63,1010.15,2.6,362.92,2044.4,Post-monsoon,0,10,5,1,43.8,45.7,70.3,62.13,56.37,US Embassy station (reference-grade),1
2016-10-30,40.8,114,Unhealthy for Sensitive Groups,25.85,84.25,4.0,1011.54,0.5,278.75,1115.0,Post-monsoon,0,10,6,0,41.3,43.8,45.7,56.04,56.16,US Embassy station (reference-grade),1
2016-10-31,58.4,153,Unhealthy,26.74,80.92,5.45,1012.85,0.3,336.88,1836.0,Post-monsoon,0,10,0,0,40.8,41.3,43.8,53.69,56.72,US Embassy station (reference-grade),1
2016-11-01,60.6,155,Unhealthy,27.29,79.75,5.42,1011.58,0.8,372.08,2015.5,Post-monsoon,1,11,1,0,58.4,40.8,41.3,51.56,57.2,US Embassy station (reference-grade),1
2016-11-02,51.4,140,Unhealthy for Sensitive Groups,27.07,78.75,5.15,1011.42,3.0,310.62,1599.7,Post-monsoon,1,11,2,0,60.6,58.4,40.8,48.86,56.98,US Embassy station (reference-grade),1
2016-11-03,53.3,145,Unhealthy for Sensitive Groups,27.48,80.83,5.69,1011.73,0.2,291.67,1660.1,Post-monsoon,1,11,3,0,51.4,60.6,58.4,49.94,56.94,US Embassy station (reference-grade),1
2016-11-04,59.9,154,Unhealthy,25.24,91.17,4.9,1010.39,11.6,226.88,1111.7,Post-monsoon,1,11,4,1,53.3,51.4,60.6,52.24,56.42,US Embassy station (reference-grade),1
2016-11-05,28.5,87,Moderate,23.16,93.08,8.82,1007.57,10.0,388.75,3427.5,Post-monsoon,1,11,5,1,59.9,53.3,51.4,50.41,55.95,US Embassy station (reference-grade),1
2016-11-06,12.4,57,Moderate,22.35,85.25,14.17,1005.97,30.1,521.88,7393.2,Post-monsoon,1,11,6,0,28.5,59.9,53.3,46.36,53.9,US Embassy station (reference-grade),1
2016-11-07,45.5,126,Unhealthy for Sensitive Groups,24.02,82.75,6.87,1007.6,0.0,262.71,1805.0,Post-monsoon,1,11,0,0,12.4,28.5,59.9,44.51,54.07,US Embassy station (reference-grade),1
2016-11-08,90.0,175,Unhealthy,24.1,82.92,5.35,1009.8,0.5,304.38,1629.7,Post-monsoon,1,11,1,0,45.5,12.4,28.5,48.71,55.86,US Embassy station (reference-grade),1
2016-11-10,91.9,177,Unhealthy,23.56,74.71,5.22,1010.76,0.0,360.42,1881.7,Post-monsoon,1,11,3,0,90.0,45.5,12.4,54.5,57.61,US Embassy station (reference-grade),1
2016-11-11,186.0,261,Very Unhealthy,23.89,72.08,4.88,1011.38,0.0,432.71,2109.5,Post-monsoon,1,11,4,1,91.9,90.0,45.5,73.46,62.62,US Embassy station (reference-grade),1
2016-11-12,141.0,216,Very Unhealthy,24.29,72.92,2.93,1012.6,0.0,430.62,1263.2,Post-monsoon,1,11,5,1,186.0,91.9,90.0,85.04,66.5,US Embassy station (reference-grade),1
2016-11-13,137.0,212,Very Unhealthy,23.8,75.5,4.45,1013.59,0.0,345.42,1538.5,Post-monsoon,1,11,6,0,141.0,186.0,91.9,100.54,69.77,US Embassy station (reference-grade),1
2016-11-14,135.0,210,Very Unhealthy,23.6,75.5,7.83,1012.62,0.0,403.12,3157.8,Post-monsoon,1,11,0,0,137.0,141.0,186.0,118.06,71.34,US Embassy station (reference-grade),1
2016-11-15,153.0,228,Very Unhealthy,22.69,72.92,7.74,1012.2,0.0,368.12,2848.4,Post-monsoon,1,11,1,0,135.0,137.0,141.0,133.41,74.9,US Embassy station (reference-grade),1
2016-11-16,124.0,199,Unhealthy,22.5,76.67,6.97,1012.53,0.0,333.96,2328.0,Post-monsoon,1,11,2,0,153.0,135.0,137.0,138.27,76.91,US Embassy station (reference-grade),1
2016-11-17,110.0,189,Unhealthy,22.54,74.25,6.95,1012.42,0.0,334.38,2322.5,Post-monsoon,1,11,3,0,124.0,153.0,135.0,140.86,78.61,US Embassy station (reference-grade),1
2016-11-18,123.0,198,Unhealthy,21.87,76.21,6.24,1011.16,0.0,317.29,1980.4,Post-monsoon,1,11,4,1,110.0,124.0,153.0,131.86,80.54,US Embassy station (reference-grade),1
2016-11-19,127.0,202,Very Unhealthy,21.47,75.79,5.26,1010.07,0.0,312.71,1644.3,Post-monsoon,1,11,5,1,123.0,110.0,124.0,129.86,82.32,US Embassy station (reference-grade),1
2016-11-20,106.0,186,Unhealthy,22.31,74.54,3.28,1010.76,0.0,345.21,1133.4,Post-monsoon,1,11,6,0,127.0,123.0,110.0,125.43,83.26,US Embassy station (reference-grade),1
2016-11-21,97.2,180,Unhealthy,22.48,73.5,2.92,1010.18,0.0,358.12,1046.0,Post-monsoon,1,11,0,0,106.0,127.0,123.0,120.03,84.54,US Embassy station (reference-grade),1
2016-11-22,121.0,197,Unhealthy,22.15,75.71,3.26,1009.84,0.0,351.88,1146.5,Post-monsoon,1,11,1,0,97.2,106.0,127.0,115.46,86.26,US Embassy station (reference-grade),1
2016-11-23,133.0,208,Very Unhealthy,22.0,73.42,2.53,1010.52,0.0,322.5,817.0,Post-monsoon,1,11,2,0,121.0,97.2,106.0,116.74,87.91,US Embassy station (reference-grade),1
2016-11-25,157.0,232,Very Unhealthy,22.4,71.79,3.64,1009.85,0.0,387.29,1408.8,Post-monsoon,1,11,4,1,133.0,121.0,97.2,123.46,90.65,US Embassy station (reference-grade),1
2016-11-26,114.0,192,Unhealthy,22.56,71.75,4.28,1010.05,0.0,378.33,1620.5,Post-monsoon,1,11,5,1,157.0,133.0,121.0,122.17,91.93,US Embassy station (reference-grade),1
2016-11-27,112.0,191,Unhealthy,22.51,71.71,4.14,1010.04,0.0,375.83,1556.6,Post-monsoon,1,11,6,0,114.0,157.0,133.0,120.03,93.32,US Embassy station (reference-grade),1
2016-11-28,130.0,205,Very Unhealthy,22.0,75.58,5.08,1010.83,0.0,340.0,1726.9,Post-monsoon,1,11,0,0,112.0,114.0,157.0,123.46,96.13,US Embassy station (reference-grade),1
2016-11-29,112.0,191,Unhealthy,22.64,75.21,5.12,1012.61,0.0,334.38,1713.7,Post-monsoon,1,11,1,0,130.0,112.0,114.0,125.57,98.41,US Embassy station (reference-grade),1
2016-11-30,81.6,169,Unhealthy,22.86,74.25,4.19,1013.92,0.0,340.21,1426.0,Post-monsoon,1,11,2,0,112.0,130.0,112.0,119.94,99.75,US Embassy station (reference-grade),1
2016-12-01,92.1,177,Unhealthy,22.37,77.88,4.32,1013.97,0.0,346.25,1496.1,Winter,1,12,3,0,81.6,112.0,130.0,114.1,101.46,US Embassy station (reference-grade),1
2016-12-02,109.0,189,Unhealthy,22.89,74.75,4.69,1014.21,0.0,353.75,1658.2,Winter,1,12,4,1,92.1,81.6,112.0,107.24,103.15,US Embassy station (reference-grade),1
2016-12-03,139.0,214,Very Unhealthy,22.52,73.71,6.85,1015.1,0.0,376.67,2581.7,Winter,1,12,5,1,109.0,92.1,81.6,110.81,105.76,US Embassy station (reference-grade),1
2016-12-04,93.6,178,Unhealthy,22.41,71.17,8.37,1014.7,0.0,355.62,2975.4,Winter,1,12,6,0,139.0,109.0,92.1,108.19,107.17,US Embassy station (reference-grade),1
2016-12-05,129.0,204,Very Unhealthy,22.08,74.79,7.72,1013.5,0.0,302.29,2333.9,Winter,1,12,0,0,93.6,139.0,109.0,108.04,109.69,US Embassy station (reference-grade),1
2016-12-06,130.0,205,Very Unhealthy,21.8,75.12,6.67,1013.68,0.0,267.29,1781.9,Winter,1,12,1,0,129.0,93.6,139.0,110.61,112.03,US Embassy station (reference-grade),1
2016-12-07,142.0,217,Very Unhealthy,21.16,73.62,6.33,1012.51,0.0,224.58,1421.4,Winter,1,12,2,0,130.0,129.0,93.6,119.24,115.81,US Embassy station (reference-grade),1
2016-12-08,107.0,187,Unhealthy,20.97,70.42,7.38,1011.47,0.0,246.04,1814.6,Winter,1,12,3,0,142.0,130.0,129.0,121.37,118.96,US Embassy station (reference-grade),1
2016-12-09,139.0,214,Very Unhealthy,20.69,75.46,7.26,1010.06,0.0,284.17,2063.8,Winter,1,12,4,1,107.0,142.0,130.0,125.66,122.08,US Embassy station (reference-grade),1
2016-12-10,139.0,214,Very Unhealthy,20.64,76.58,7.11,1010.25,0.0,264.38,1879.3,Winter,1,12,5,1,139.0,107.0,142.0,125.66,123.71,US Embassy station (reference-grade),1
2016-12-11,144.0,219,Very Unhealthy,20.2,75.29,6.64,1010.17,0.0,276.04,1833.4,Winter,1,12,6,0,139.0,139.0,107.0,132.86,125.45,US Embassy station (reference-grade),1
2016-12-12,137.0,212,Very Unhealthy,19.96,74.17,6.95,1010.7,0.0,309.17,2150.0,Winter,1,12,0,0,144.0,139.0,139.0,134.0,123.82,US Embassy station (reference-grade),1
2016-12-13,150.0,225,Very Unhealthy,19.53,75.17,6.89,1011.35,0.0,350.62,2414.9,Winter,1,12,1,0,137.0,144.0,139.0,136.86,124.12,US Embassy station (reference-grade),1
2016-12-14,178.0,253,Very Unhealthy,19.56,76.25,6.6,1012.29,0.0,366.46,2420.2,Winter,1,12,2,0,150.0,137.0,144.0,142.0,125.48,US Embassy station (reference-grade),1
2016-12-15,179.0,254,Very Unhealthy,20.19,74.46,7.63,1012.67,0.0,401.04,3061.3,Winter,1,12,3,0,178.0,150.0,137.0,152.29,126.95,US Embassy station (reference-grade),1
2016-12-16,167.0,242,Very Unhealthy,19.99,73.71,6.34,1013.47,0.0,368.12,2333.0,Winter,1,12,4,1,179.0,178.0,150.0,156.29,127.42,US Embassy station (reference-grade),1
2016-12-17,193.0,268,Very Unhealthy,20.5,73.42,5.45,1012.78,0.0,362.92,1979.4,Winter,1,12,5,1,167.0,179.0,178.0,164.0,129.72,US Embassy station (reference-grade),1
2016-12-18,197.0,272,Very Unhealthy,20.98,73.42,4.98,1013.82,0.0,371.04,1849.0,Winter,1,12,6,0,193.0,167.0,179.0,171.57,132.62,US Embassy station (reference-grade),1
2016-12-19,187.0,262,Very Unhealthy,21.48,69.79,6.22,1013.42,0.0,406.88,2529.4,Winter,1,12,0,0,197.0,193.0,167.0,178.71,134.75,US Embassy station (reference-grade),1
2016-12-20,170.0,245,Very Unhealthy,21.19,67.29,5.83,1012.74,0.0,391.04,2279.4,Winter,1,12,1,0,187.0,197.0,193.0,181.57,136.18,US Embassy station (reference-grade),1
2016-12-21,214.0,289,Very Unhealthy,19.79,70.96,5.86,1012.72,0.0,410.0,2401.9,Winter,1,12,2,0,170.0,187.0,197.0,186.71,139.78,US Embassy station (reference-grade),1
2016-12-22,229.0,308,Hazardous,20.97,72.38,5.62,1011.67,0.0,355.21,1996.6,Winter,1,12,3,0,214.0,170.0,187.0,193.86,144.18,US Embassy station (reference-grade),1
2016-12-23,239.0,328,Hazardous,21.33,76.42,4.6,1010.49,0.0,275.0,1266.1,Winter,1,12,4,1,229.0,214.0,170.0,204.14,148.11,US Embassy station (reference-grade),1
2016-12-25,170.0,245,Very Unhealthy,21.59,77.38,4.41,1011.89,0.0,335.0,1478.2,Winter,1,12,6,0,239.0,229.0,214.0,200.86,149.34,US Embassy station (reference-grade),1
2016-12-26,219.0,294,Very Unhealthy,21.75,76.25,4.93,1011.6,0.0,346.25,1708.2,Winter,1,12,0,0,170.0,239.0,229.0,204.0,151.41,US Embassy station (reference-grade),1
2016-12-27,169.0,244,Very Unhealthy,20.83,75.88,7.0,1013.47,0.0,340.83,2387.3,Winter,1,12,1,0,219.0,170.0,239.0,201.43,153.24,US Embassy station (reference-grade),1
2016-12-28,147.0,222,Very Unhealthy,19.8,78.38,6.74,1013.35,0.0,296.88,2001.4,Winter,1,12,2,0,169.0,219.0,170.0,198.14,154.41,US Embassy station (reference-grade),1
2016-12-29,159.0,234,Very Unhealthy,20.35,77.29,5.6,1013.9,0.0,314.38,1761.8,Winter,1,12,3,0,147.0,169.0,219.0,190.29,155.38,US Embassy station (reference-grade),1
2016-12-30,172.0,247,Very Unhealthy,20.47,77.25,6.34,1014.3,0.0,325.42,2063.7,Winter,1,12,4,1,159.0,147.0,169.0,182.14,157.38,US Embassy station (reference-grade),1
2016-12-31,191.0,266,Very Unhealthy,20.24,76.38,5.55,1014.19,0.0,320.21,1777.2,Winter,1,12,5,1,172.0,159.0,147.0,175.29,161.02,US Embassy station (reference-grade),1
2017-01-01,239.0,328,Hazardous,19.51,79.96,4.39,1014.42,0.0,342.71,1505.1,Winter,1,1,6,0,191.0,172.0,159.0,185.14,165.92,US Embassy station (reference-grade),1
2017-01-02,209.0,284,Very Unhealthy,19.86,75.04,5.65,1013.82,0.0,357.6,2020.5,Winter,1,1,0,0,239.0,191.0,172.0,183.71,169.25,US Embassy station (reference-grade),1
2017-01-03,187.0,262,Very Unhealthy,20.27,71.96,7.93,1012.61,0.0,370.83,2941.9,Winter,1,1,1,0,209.0,239.0,191.0,186.29,170.85,US Embassy station (reference-grade),1
2017-01-04,127.0,202,Very Unhealthy,19.72,72.54,9.26,1012.42,0.0,371.46,3439.1,Winter,1,1,2,0,187.0,209.0,239.0,183.43,171.97,US Embassy station (reference-grade),1
2017-01-05,203.0,278,Very Unhealthy,19.55,74.96,9.73,1011.83,0.0,374.17,3641.9,Winter,1,1,3,0,127.0,187.0,209.0,189.71,174.43,US Embassy station (reference-grade),1
2017-01-06,233.0,316,Hazardous,18.87,74.83,9.22,1011.82,0.0,351.67,3242.7,Winter,1,1,4,1,203.0,127.0,187.0,198.43,177.87,US Embassy station (reference-grade),1
2017-01-08,122.0,198,Unhealthy,18.28,73.29,8.9,1010.66,0.0,316.88,2818.9,Winter,1,1,6,0,233.0,203.0,127.0,188.57,177.2,US Embassy station (reference-grade),1
2017-01-09,204.0,279,Very Unhealthy,18.72,69.29,8.25,1010.38,0.0,281.88,2326.6,Winter,1,1,0,0,122.0,233.0,203.0,183.57,180.43,US Embassy station (reference-grade),1
2017-01-10,186.0,261,Very Unhealthy,18.47,68.17,11.55,1010.82,0.0,367.92,4251.0,Winter,1,1,1,0,204.0,122.0,233.0,180.29,182.0,US Embassy station (reference-grade),1
2017-01-11,171.0,246,Very Unhealthy,18.8,73.71,9.69,1011.59,0.0,368.12,3567.7,Winter,1,1,2,0,186.0,204.0,122.0,178.0,183.07,US Embassy station (reference-grade),1
2017-01-12,147.0,222,Very Unhealthy,18.21,68.33,10.58,1012.12,0.0,633.96,6706.8,Winter,1,1,3,0,171.0,186.0,204.0,180.86,183.17,US Embassy station (reference-grade),1
2017-01-13,121.0,197,Unhealthy,16.48,55.96,11.37,1013.25,0.0,431.88,4909.0,Winter,1,1,4,1,147.0,171.0,186.0,169.14,182.63,US Embassy station (reference-grade),1
2017-01-14,140.0,215,Very Unhealthy,15.23,54.12,10.35,1014.02,0.0,352.92,3654.2,Winter,1,1,5,1,121.0,147.0,171.0,155.86,182.3,US Embassy station (reference-grade),1
2017-01-15,177.0,252,Very Unhealthy,16.42,65.38,9.83,1014.47,0.0,297.08,2918.8,Winter,1,1,6,0,140.0,121.0,147.0,163.71,182.27,US Embassy station (reference-grade),1
2017-01-16,172.0,247,Very Unhealthy,17.04,69.21,8.96,1013.47,0.0,300.62,2693.1,Winter,1,1,0,0,177.0,140.0,121.0,159.14,182.03,US Embassy station (reference-grade),1
2017-01-17,253.0,356,Hazardous,17.42,70.12,7.95,1014.07,0.0,302.92,2408.2,Winter,1,1,1,0,172.0,177.0,140.0,168.71,184.9,US Embassy station (reference-grade),1
2017-01-18,294.0,437,Hazardous,18.06,71.33,9.47,1016.33,0.0,329.79,3123.4,Winter,1,1,2,0,253.0,172.0,177.0,186.29,188.27,US Embassy station (reference-grade),1
2017-01-19,190.0,265,Very Unhealthy,18.95,67.04,10.0,1016.18,0.0,276.04,2759.3,Winter,1,1,3,0,294.0,253.0,172.0,192.43,188.03,US Embassy station (reference-grade),1
2017-01-20,207.0,282,Very Unhealthy,18.78,67.75,9.18,1015.78,0.0,290.42,2665.8,Winter,1,1,4,1,190.0,294.0,253.0,204.71,188.7,US Embassy station (reference-grade),1
2017-01-21,197.0,272,Very Unhealthy,18.42,69.42,8.21,1015.98,0.0,302.92,2487.7,Winter,1,1,5,1,207.0,190.0,294.0,212.86,189.6,US Embassy station (reference-grade),1
2017-01-22,210.0,285,Very Unhealthy,19.29,73.79,8.28,1016.05,0.0,298.75,2474.6,Winter,1,1,6,0,197.0,207.0,190.0,217.57,189.47,US Embassy station (reference-grade),1
2017-01-24,190.0,265,Very Unhealthy,19.7,71.17,7.68,1015.68,0.0,342.92,2631.9,Winter,1,1,1,0,210.0,197.0,207.0,220.14,188.17,US Embassy station (reference-grade),1
2017-01-25,240.0,330,Hazardous,20.21,70.54,6.0,1016.18,0.0,280.21,1681.2,Winter,1,1,2,0,190.0,210.0,197.0,218.29,188.2,US Embassy station (reference-grade),1
2017-01-26,230.0,310,Hazardous,20.52,68.71,5.89,1015.2,0.0,310.21,1827.6,Winter,1,1,3,0,240.0,190.0,210.0,209.14,190.2,US Embassy station (reference-grade),1
2017-01-27,263.0,376,Hazardous,21.01,67.33,6.46,1013.21,0.0,243.54,1572.9,Winter,1,1,4,1,230.0,240.0,190.0,219.57,191.67,US Embassy station (reference-grade),1
2017-01-28,202.0,277,Very Unhealthy,21.08,75.33,8.35,1012.58,0.0,342.71,2860.2,Winter,1,1,5,1,263.0,230.0,240.0,218.86,192.77,US Embassy station (reference-grade),1
2017-01-29,103.0,184,Unhealthy,19.57,66.25,8.91,1013.74,0.0,442.29,3940.1,Winter,1,1,6,0,202.0,263.0,230.0,205.43,191.3,US Embassy station (reference-grade),1
2017-01-30,125.0,200,Unhealthy,19.48,69.0,8.63,1012.6,0.0,438.75,3787.9,Winter,1,1,0,0,103.0,202.0,263.0,193.29,190.17,US Embassy station (reference-grade),1
2017-01-31,165.0,240,Very Unhealthy,19.17,70.54,8.13,1012.39,0.0,412.08,3351.6,Winter,1,1,1,0,125.0,103.0,202.0,189.71,189.93,US Embassy station (reference-grade),1
2017-02-01,204.0,279,Very Unhealthy,18.92,71.0,7.63,1013.95,0.0,391.04,2983.3,Winter,1,2,2,0,165.0,125.0,103.0,184.57,190.37,US Embassy station (reference-grade),1
2017-02-02,171.0,246,Very Unhealthy,19.28,69.17,7.85,1015.41,0.0,482.08,3782.3,Winter,1,2,3,0,204.0,165.0,125.0,176.14,188.1,US Embassy station (reference-grade),1
2017-02-03,229.0,308,Hazardous,19.42,73.08,7.88,1014.46,0.0,411.88,3245.2,Winter,1,2,4,1,171.0,204.0,165.0,171.29,188.77,US Embassy station (reference-grade),1
2017-02-04,173.0,248,Very Unhealthy,20.92,68.42,6.07,1013.02,0.0,276.67,1679.6,Winter,1,2,5,1,229.0,171.0,204.0,167.14,188.3,US Embassy station (reference-grade),1
2017-02-05,121.0,197,Unhealthy,21.7,64.75,6.35,1011.95,0.0,280.21,1778.2,Winter,1,2,6,0,173.0,229.0,171.0,169.71,188.1,US Embassy station (reference-grade),1
2017-02-06,156.0,231,Very Unhealthy,21.44,65.79,6.06,1010.36,0.0,416.25,2521.8,Winter,1,2,0,0,121.0,173.0,229.0,174.14,186.53,US Embassy station (reference-grade),1
2017-02-07,122.0,198,Unhealthy,22.08,67.71,7.76,1010.37,0.0,426.88,3311.8,Winter,1,2,1,0,156.0,121.0,173.0,168.0,182.83,US Embassy station (reference-grade),1
2017-02-08,140.0,215,Very Unhealthy,20.85,60.25,8.48,1011.95,0.0,388.54,3296.1,Winter,1,2,2,0,122.0,156.0,121.0,158.86,183.43,US Embassy station (reference-grade),1
2017-02-09,144.0,219,Very Unhealthy,19.75,62.5,8.53,1011.24,0.0,344.79,2940.8,Winter,1,2,3,0,140.0,122.0,156.0,155.0,181.43,US Embassy station (reference-grade),1
2017-02-10,232.0,314,Hazardous,21.22,62.38,6.25,1011.25,0.0,336.25,2101.6,Winter,1,2,4,1,144.0,140.0,122.0,155.43,182.97,US Embassy station (reference-grade),1
2017-02-11,185.0,260,Very Unhealthy,22.02,67.71,6.1,1013.68,0.0,332.08,2025.7,Winter,1,2,5,1,232.0,144.0,140.0,157.14,183.43,US Embassy station (reference-grade),1
2017-02-12,124.0,199,Unhealthy,22.25,61.0,7.85,1015.57,0.0,473.75,3720.9,Winter,1,2,6,0,185.0,232.0,144.0,157.57,182.67,US Embassy station (reference-grade),1
2017-02-13,160.0,235,Very Unhealthy,22.47,59.08,7.24,1016.68,0.0,437.71,3169.7,Winter,1,2,0,0,124.0,185.0,232.0,158.14,183.97,US Embassy station (reference-grade),1
2017-02-14,220.0,295,Very Unhealthy,22.46,68.58,6.9,1017.64,0.1,419.38,2895.4,Winter,1,2,1,0,160.0,124.0,185.0,172.14,186.63,US Embassy station (reference-grade),1
2017-02-15,189.0,264,Very Unhealthy,22.44,60.33,7.82,1017.02,0.0,473.12,3700.2,Winter,1,2,2,0,220.0,160.0,124.0,179.14,187.03,US Embassy station (reference-grade),1
2017-02-16,179.0,254,Very Unhealthy,22.18,61.71,7.94,1014.79,0.0,536.46,4260.4,Winter,1,2,3,0,189.0,220.0,160.0,184.14,187.27,US Embassy station (reference-grade),1
2017-02-17,185.0,260,Very Unhealthy,22.01,63.92,6.8,1014.02,0.0,478.33,3252.7,Winter,1,2,4,1,179.0,189.0,220.0,177.43,185.0,US Embassy station (reference-grade),1
2017-02-18,209.0,284,Very Unhealthy,23.35,62.46,6.72,1013.92,0.0,466.88,3135.8,Winter,1,2,5,1,185.0,179.0,189.0,180.86,182.17,US Embassy station (reference-grade),1
2017-02-19,262.0,374,Hazardous,23.15,69.62,6.68,1011.71,0.1,421.46,2813.2,Winter,1,2,6,0,209.0,185.0,179.0,200.57,184.57,US Embassy station (reference-grade),1
2017-02-20,172.0,247,Very Unhealthy,23.57,80.88,11.28,1007.23,0.7,433.12,4885.3,Winter,1,2,0,0,262.0,209.0,185.0,202.29,183.4,US Embassy station (reference-grade),1
2017-02-21,94.7,178,Unhealthy,25.48,75.83,18.0,1006.86,1.1,707.08,12727.5,Winter,1,2,1,0,172.0,262.0,209.0,184.39,179.99,US Embassy station (reference-grade),1
2017-02-23,33.8,97,Moderate,24.25,71.96,8.35,1009.7,2.4,610.0,5093.5,Winter,1,2,3,0,94.7,172.0,262.0,162.21,174.12,US Embassy station (reference-grade),1
2017-02-24,3.19,17,Good,21.74,49.21,8.85,1011.96,0.0,486.88,4310.9,Winter,1,2,4,1,33.8,94.7,172.0,137.1,167.89,US Embassy station (reference-grade),1
2017-02-25,3.37,18,Good,20.98,51.38,6.86,1011.67,0.0,558.54,3830.7,Winter,1,2,5,1,3.19,33.8,94.7,111.15,160.0,US Embassy station (reference-grade),1
2017-02-27,147.0,222,Very Unhealthy,22.4,55.04,7.35,1011.47,0.0,568.96,4179.5,Winter,1,2,0,0,3.37,3.19,33.8,102.29,157.24,US Embassy station (reference-grade),1
2017-02-28,178.0,253,Very Unhealthy,22.22,56.5,7.06,1011.87,0.0,527.92,3728.4,Winter,1,2,1,0,147.0,3.37,3.19,90.29,154.4,US Embassy station (reference-grade),1
2017-03-01,180.0,255,Very Unhealthy,22.71,55.92,6.51,1011.03,0.0,505.0,3286.7,Pre-monsoon,1,3,2,0,178.0,147.0,3.37,91.44,153.67,US Embassy station (reference-grade),1
2017-03-02,180.0,255,Very Unhealthy,24.7,56.58,9.36,1009.09,0.0,415.42,3887.6,Pre-monsoon,1,3,3,0,180.0,178.0,147.0,103.62,156.24,US Embassy station (reference-grade),1
2017-03-03,102.0,184,Unhealthy,25.56,63.5,8.54,1006.71,0.0,439.38,3751.2,Pre-monsoon,1,3,4,1,180.0,180.0,178.0,113.37,155.47,US Embassy station (reference-grade),1
2017-03-04,81.8,169,Unhealthy,24.48,68.75,10.02,1006.95,1.6,413.12,4141.6,Pre-monsoon,1,3,5,1,102.0,180.0,180.0,124.6,152.7,US Embassy station (reference-grade),1
2017-03-05,55.8,151,Unhealthy,24.06,80.04,13.06,1006.7,3.4,592.71,7739.8,Pre-monsoon,1,3,6,0,81.8,102.0,180.0,132.09,147.76,US Embassy station (reference-grade),1
2017-03-06,67.7,160,Unhealthy,23.24,81.21,6.87,1007.31,7.2,462.92,3180.6,Pre-monsoon,1,3,0,0,55.8,81.8,102.0,120.76,144.31,US Embassy station (reference-grade),1
2017-03-07,114.0,192,Unhealthy,23.64,80.42,5.14,1008.17,0.0,409.38,2103.2,Pre-monsoon,1,3,1,0,67.7,55.8,81.8,111.61,140.48,US Embassy station (reference-grade),1
2017-03-08,113.0,191,Unhealthy,23.14,83.96,8.11,1007.84,2.1,316.88,2569.3,Pre-monsoon,1,3,2,0,114.0,67.7,55.8,102.04,138.48,US Embassy station (reference-grade),1
2017-03-09,68.5,160,Unhealthy,22.92,80.17,7.63,1007.05,0.9,454.38,3466.5,Pre-monsoon,1,3,3,0,113.0,114.0,67.7,86.11,136.73,US Embassy station (reference-grade),1
2017-03-10,83.3,170,Unhealthy,23.62,86.67,9.73,1006.1,5.8,465.21,4528.0,Pre-monsoon,1,3,4,1,68.5,113.0,114.0,83.44,134.31,US Embassy station (reference-grade),1
2017-03-11,45.6,126,Unhealthy for Sensitive Groups,22.85,89.88,11.95,1006.25,6.9,404.58,4834.8,Pre-monsoon,1,3,5,1,83.3,68.5,113.0,78.27,131.76,US Embassy station (reference-grade),1
2017-03-12,86.7,173,Unhealthy,22.94,75.92,8.47,1007.88,0.0,433.54,3672.5,Pre-monsoon,1,3,6,0,45.6,83.3,68.5,82.69,129.98,US Embassy station (reference-grade),1
2017-03-13,90.4,175,Unhealthy,22.08,59.42,6.81,1011.58,0.0,501.88,3419.0,Pre-monsoon,1,3,0,0,86.7,45.6,83.3,85.93,128.2,US Embassy station (reference-grade),1
2017-03-14,76.0,165,Unhealthy,20.93,62.83,6.63,1012.28,0.0,522.92,3466.5,Pre-monsoon,1,3,1,0,90.4,86.7,45.6,80.5,123.0,US Embassy station (reference-grade),1
2017-03-15,117.0,194,Unhealthy,20.9,59.58,7.35,1011.7,0.0,456.25,3355.3,Pre-monsoon,1,3,2,0,76.0,90.4,86.7,81.07,120.73,US Embassy station (reference-grade),1
2017-03-16,141.0,216,Very Unhealthy,21.29,57.12,8.13,1009.62,0.0,505.62,4112.4,Pre-monsoon,1,3,3,0,117.0,76.0,90.4,91.43,121.3,US Embassy station (reference-grade),1
2017-03-17,177.0,252,Very Unhealthy,22.44,62.75,8.9,1008.11,0.3,425.83,3789.9,Pre-monsoon,1,3,4,1,141.0,117.0,76.0,104.81,121.86,US Embassy station (reference-grade),1
2017-03-18,68.0,160,Unhealthy,21.81,83.88,10.57,1008.91,3.4,320.42,3387.1,Pre-monsoon,1,3,5,1,177.0,141.0,117.0,108.01,116.8,US Embassy station (reference-grade),1
2017-03-19,106.0,186,Unhealthy,23.32,75.42,5.71,1010.73,2.2,407.71,2329.0,Pre-monsoon,1,3,6,0,68.0,177.0,141.0,110.77,114.03,US Embassy station (reference-grade),1
2017-03-20,59.6,154,Unhealthy,20.28,77.71,10.79,1010.93,8.5,419.38,4524.0,Pre-monsoon,1,3,0,0,106.0,68.0,177.0,106.37,110.05,US Embassy station (reference-grade),1
2017-03-21,101.0,183,Unhealthy,20.93,80.25,5.45,1012.09,0.1,430.21,2346.4,Pre-monsoon,1,3,1,0,59.6,106.0,68.0,109.94,107.25,US Embassy station (reference-grade),1
2017-03-22,110.0,189,Unhealthy,23.05,74.08,5.38,1010.68,0.7,418.33,2250.3,Pre-monsoon,1,3,2,0,101.0,59.6,106.0,108.94,103.95,US Embassy station (reference-grade),1
2017-03-23,122.0,198,Unhealthy,24.46,78.17,5.58,1009.04,0.8,394.58,2199.8,Pre-monsoon,1,3,3,0,110.0,101.0,59.6,106.23,99.28,US Embassy station (reference-grade),1
2017-03-25,53.1,144,Unhealthy for Sensitive Groups,25.46,84.62,11.49,1008.9,8.9,486.88,5593.0,Pre-monsoon,1,3,5,1,122.0,110.0,101.0,88.53,95.32,US Embassy station (reference-grade),1
2017-03-26,76.3,166,Unhealthy,24.98,84.12,6.5,1009.8,0.9,477.71,3107.1,Pre-monsoon,1,3,6,0,53.1,122.0,110.0,89.71,94.71,US Embassy station (reference-grade),1
2017-03-27,78.0,167,Unhealthy,25.7,84.79,7.28,1009.8,5.3,459.17,3342.4,Pre-monsoon,1,3,0,0,76.3,53.1,122.0,85.71,96.18,US Embassy station (reference-grade),1
2017-03-28,55.7,151,Unhealthy,25.97,82.67,9.83,1009.2,8.1,580.62,5704.6,Pre-monsoon,1,3,1,0,78.0,76.3,53.1,85.16,97.93,US Embassy station (reference-grade),1
2017-03-29,50.6,138,Unhealthy for Sensitive Groups,24.95,89.08,11.72,1007.32,15.6,497.08,5828.3,Pre-monsoon,1,3,2,0,55.7,78.0,76.3,77.96,99.5,US Embassy station (reference-grade),1
2017-03-30,33.3,96,Moderate,27.18,84.83,14.15,1006.39,10.6,728.54,10311.9,Pre-monsoon,1,3,3,0,50.6,55.7,78.0,67.0,95.71,US Embassy station (reference-grade),1
2017-03-31,45.3,125,Unhealthy for Sensitive Groups,27.93,81.42,14.45,1008.19,3.4,690.0,9973.4,Pre-monsoon,1,3,4,1,33.3,50.6,55.7,56.04,91.29,US Embassy station (reference-grade),1
2017-04-01,33.9,97,Moderate,28.28,76.38,18.32,1006.17,3.5,867.92,15901.0,Pre-monsoon,1,4,5,1,45.3,33.3,50.6,53.3,86.42,US Embassy station (reference-grade),1
2017-04-02,45.8,126,Unhealthy for Sensitive Groups,27.83,78.58,21.3,1004.89,2.5,974.58,20762.7,Pre-monsoon,1,4,6,0,33.9,45.3,33.3,48.94,81.95,US Embassy station (reference-grade),1
2017-04-03,40.2,113,Unhealthy for Sensitive Groups,26.72,83.21,19.44,1005.56,6.1,781.88,15197.7,Pre-monsoon,1,4,0,0,45.8,33.9,45.3,43.54,79.89,US Embassy station (reference-grade),1
2017-04-04,36.0,102,Unhealthy for Sensitive Groups,24.95,88.67,16.59,1006.59,21.6,615.21,10204.8,Pre-monsoon,1,4,1,0,40.2,45.8,33.9,40.73,78.36,US Embassy station (reference-grade),1
2017-04-05,44.6,123,Unhealthy for Sensitive Groups,23.2,90.5,9.32,1007.92,73.4,412.29,3841.2,Pre-monsoon,1,4,2,0,36.0,40.2,45.8,39.87,77.99,US Embassy station (reference-grade),1
2017-04-06,58.8,153,Unhealthy,26.27,87.96,6.39,1007.14,7.5,369.17,2358.1,Pre-monsoon,1,4,3,0,44.6,36.0,40.2,43.51,77.69,US Embassy station (reference-grade),1
2017-04-07,67.6,159,Unhealthy,28.18,82.46,9.13,1006.39,3.8,460.0,4199.4,Pre-monsoon,1,4,4,1,58.8,44.6,36.0,46.7,76.14,US Embassy station (reference-grade),1
2017-04-08,61.7,155,Unhealthy,28.24,84.42,10.26,1006.22,0.9,444.79,4564.7,Pre-monsoon,1,4,5,1,67.6,58.8,44.6,50.67,74.43,US Embassy station (reference-grade),1
2017-04-09,68.9,160,Unhealthy,28.3,83.62,10.55,1005.88,2.3,503.12,5310.1,Pre-monsoon,1,4,6,0,61.7,67.6,58.8,53.97,74.45,US Embassy station (reference-grade),1
2017-04-10,67.6,159,Unhealthy,28.34,77.04,11.2,1005.07,0.0,548.54,6146.0,Pre-monsoon,1,4,0,0,68.9,61.7,67.6,57.89,73.92,US Embassy station (reference-grade),1
2017-04-11,74.2,164,Unhealthy,28.69,72.88,9.1,1005.1,0.0,565.83,5151.4,Pre-monsoon,1,4,1,0,67.6,68.9,61.7,63.34,74.88,US Embassy station (reference-grade),1
2017-04-12,64.5,157,Unhealthy,27.45,77.83,5.66,1006.35,0.0,442.08,2503.3,Pre-monsoon,1,4,2,0,74.2,67.6,68.9,66.19,74.14,US Embassy station (reference-grade),1
2017-04-13,130.0,205,Very Unhealthy,28.51,72.0,5.83,1007.21,0.3,480.0,2800.0,Pre-monsoon,1,4,3,0,64.5,74.2,67.6,76.36,75.46,US Embassy station (reference-grade),1
2017-04-14,150.0,225,Very Unhealthy,27.99,63.0,7.3,1007.02,0.0,462.5,3376.2,Pre-monsoon,1,4,4,1,130.0,64.5,74.2,88.13,77.92,US Embassy station (reference-grade),1
2017-04-15,63.3,156,Unhealthy,27.24,70.62,13.35,1005.58,0.0,645.83,8624.6,Pre-monsoon,1,4,5,1,150.0,130.0,64.5,88.36,76.13,US Embassy station (reference-grade),1
2017-04-16,34.5,98,Moderate,25.76,80.96,8.5,1005.58,4.9,406.04,3451.4,Pre-monsoon,1,4,6,0,63.3,150.0,130.0,83.44,72.58,US Embassy station (reference-grade),1
2017-04-17,78.1,167,Unhealthy,27.08,72.88,6.94,1005.5,0.0,479.17,3326.2,Pre-monsoon,1,4,0,0,34.5,63.3,150.0,84.94,69.29,US Embassy station (reference-grade),1
2017-04-18,61.4,155,Unhealthy,28.26,74.67,9.2,1006.28,0.4,585.83,5392.1,Pre-monsoon,1,4,1,0,78.1,34.5,63.3,83.11,69.07,US Embassy station (reference-grade),1
2017-04-19,36.0,102,Unhealthy for Sensitive Groups,26.28,83.62,13.54,1005.25,24.5,637.29,8627.3,Pre-monsoon,1,4,2,0,61.4,78.1,34.5,79.04,66.73,US Embassy station (reference-grade),1
2017-04-20,41.8,117,Unhealthy for Sensitive Groups,25.24,87.75,13.79,1004.48,54.4,554.17,7640.6,Pre-monsoon,1,4,3,0,36.0,61.4,78.1,66.44,66.14,US Embassy station (reference-grade),1
2017-04-21,45.3,125,Unhealthy for Sensitive Groups,24.64,90.92,11.53,1004.84,47.8,466.25,5375.5,Pre-monsoon,1,4,4,1,41.8,36.0,61.4,51.49,64.28,US Embassy station (reference-grade),1
2017-04-22,32.5,95,Moderate,24.62,94.21,14.06,1003.98,34.0,518.54,7289.8,Pre-monsoon,1,4,5,1,45.3,41.8,36.0,47.09,61.7,US Embassy station (reference-grade),1
2017-04-24,41.6,116,Unhealthy for Sensitive Groups,25.48,90.0,14.43,1003.91,44.3,400.83,5783.7,Pre-monsoon,1,4,0,0,32.5,45.3,41.8,48.1,59.02,US Embassy station (reference-grade),1
2017-04-25,64.5,157,Unhealthy,29.33,80.46,22.09,1002.47,0.7,868.75,19188.5,Pre-monsoon,1,4,1,0,41.6,32.5,45.3,46.16,59.4,US Embassy station (reference-grade),1
2017-04-26,71.0,162,Unhealthy,29.33,80.71,16.97,1004.14,2.1,774.58,13145.3,Pre-monsoon,1,4,2,0,64.5,41.6,32.5,47.53,59.22,US Embassy station (reference-grade),1
2017-04-27,58.3,153,Unhealthy,29.45,78.42,16.07,1005.69,0.1,638.96,10268.6,Pre-monsoon,1,4,3,0,71.0,64.5,41.6,50.71,58.57,US Embassy station (reference-grade),1
2017-04-28,64.0,157,Unhealthy,28.76,80.58,13.03,1005.69,6.0,596.46,7773.8,Pre-monsoon,1,4,4,1,58.3,71.0,64.5,53.89,58.84,US Embassy station (reference-grade),1
2017-04-29,42.8,119,Unhealthy for Sensitive Groups,28.38,79.71,12.97,1006.94,10.8,698.54,9057.8,Pre-monsoon,1,4,5,1,64.0,58.3,71.0,53.53,58.58,US Embassy station (reference-grade),1
2017-05-01,40.0,112,Unhealthy for Sensitive Groups,28.24,78.92,8.52,1007.98,5.8,504.38,4297.7,Pre-monsoon,0,5,0,0,42.8,64.0,58.3,54.6,58.81,US Embassy station (reference-grade),1
2017-05-02,52.5,143,Unhealthy for Sensitive Groups,27.02,81.83,7.11,1008.73,1.3,452.08,3215.4,Pre-monsoon,0,5,1,0,40.0,42.8,64.0,56.16,59.05,US Embassy station (reference-grade),1
2017-05-03,91.1,176,Unhealthy,28.33,81.08,7.21,1008.28,0.5,408.96,2949.6,Pre-monsoon,0,5,2,0,52.5,40.0,42.8,59.96,60.95,US Embassy station (reference-grade),1
2017-05-04,60.7,155,Unhealthy,28.92,78.33,9.08,1007.22,1.1,468.33,4252.1,Pre-monsoon,0,5,3,0,91.1,52.5,40.0,58.49,61.45,US Embassy station (reference-grade),1
2017-05-05,59.1,154,Unhealthy,28.82,79.08,12.82,1006.17,2.8,431.46,5529.9,Pre-monsoon,0,5,4,1,60.7,91.1,52.5,58.6,62.08,US Embassy station (reference-grade),1
2017-05-06,40.2,113,Unhealthy for Sensitive Groups,28.09,82.54,15.45,1007.64,13.9,567.08,8763.8,Pre-monsoon,0,5,5,1,59.1,60.7,91.1,55.2,62.22,US Embassy station (reference-grade),1
2017-05-07,36.0,102,Unhealthy for Sensitive Groups,27.83,81.79,12.98,1007.97,3.3,530.83,6889.8,Pre-monsoon,0,5,6,0,40.2,59.1,60.7,54.23,61.93,US Embassy station (reference-grade),1
2017-05-08,45.5,126,Unhealthy for Sensitive Groups,28.58,81.67,8.49,1007.38,4.2,537.5,4562.0,Pre-monsoon,0,5,0,0,36.0,40.2,59.1,55.01,61.49,US Embassy station (reference-grade),1
2017-05-09,40.6,114,Unhealthy for Sensitive Groups,26.17,88.71,9.6,1006.4,12.8,360.62,3463.5,Pre-monsoon,0,5,1,0,45.5,36.0,40.2,53.31,60.59,US Embassy station (reference-grade),1
2017-05-10,81.5,169,Unhealthy,27.24,82.71,4.75,1007.3,5.9,367.92,1749.1,Pre-monsoon,0,5,2,0,40.6,45.5,36.0,51.94,61.25,US Embassy station (reference-grade),1
2017-05-11,43.8,121,Unhealthy for Sensitive Groups,28.15,84.96,5.28,1007.33,15.9,422.08,2230.0,Pre-monsoon,0,5,3,0,81.5,40.6,45.5,49.53,60.41,US Embassy station (reference-grade),1
2017-05-12,57.7,153,Unhealthy,29.32,78.04,4.42,1006.78,0.2,377.71,1668.2,Pre-monsoon,0,5,4,1,43.8,81.5,40.6,49.33,60.08,US Embassy station (reference-grade),1
2017-05-13,59.1,154,Unhealthy,28.67,80.88,4.92,1004.55,13.8,322.92,1587.7,Pre-monsoon,0,5,5,1,57.7,43.8,81.5,52.03,59.58,US Embassy station (reference-grade),1
2017-05-14,47.6,131,Unhealthy for Sensitive Groups,28.06,84.08,6.89,1003.13,5.1,333.12,2294.4,Pre-monsoon,0,5,6,0,59.1,57.7,43.8,53.69,59.02,US Embassy station (reference-grade),1
2017-05-15,31.2,92,Moderate,27.08,87.5,7.78,1001.97,9.7,353.96,2755.0,Pre-monsoon,0,5,0,0,47.6,59.1,57.7,51.64,55.72,US Embassy station (reference-grade),1
2017-05-16,37.5,106,Unhealthy for Sensitive Groups,27.33,86.12,9.39,1001.07,23.0,435.42,4087.5,Pre-monsoon,0,5,1,0,31.2,47.6,59.1,51.2,51.97,US Embassy station (reference-grade),1
2017-05-17,49.5,135,Unhealthy for Sensitive Groups,28.34,82.71,6.73,1001.39,2.7,316.67,2132.2,Pre-monsoon,0,5,2,0,37.5,31.2,47.6,46.63,51.51,US Embassy station (reference-grade),1
2017-05-18,36.7,104,Unhealthy for Sensitive Groups,29.14,84.17,8.35,1002.52,4.4,419.38,3501.8,Pre-monsoon,0,5,3,0,49.5,37.5,31.2,45.61,51.59,US Embassy station (reference-grade),1
2017-05-19,57.1,152,Unhealthy,29.3,84.25,8.54,1003.46,21.1,390.21,3333.0,Pre-monsoon,0,5,4,1,36.7,49.5,37.5,45.53,50.89,US Embassy station (reference-grade),1
2017-05-20,57.0,152,Unhealthy,30.38,76.92,11.99,1001.86,0.2,541.46,6493.0,Pre-monsoon,0,5,5,1,57.1,36.7,49.5,45.23,50.74,US Embassy station (reference-grade),1
2017-05-21,46.2,127,Unhealthy for Sensitive Groups,30.92,77.25,12.18,1001.37,0.5,560.42,6825.4,Pre-monsoon,0,5,6,0,57.0,57.1,36.7,45.03,51.08,US Embassy station (reference-grade),1
2017-05-22,48.0,132,Unhealthy for Sensitive Groups,30.87,77.75,13.15,1002.35,1.1,609.79,8016.2,Pre-monsoon,0,5,0,0,46.2,57.0,57.1,47.43,51.29,US Embassy station (reference-grade),1
2017-05-24,47.5,131,Unhealthy for Sensitive Groups,29.8,81.5,9.83,1002.66,14.3,501.04,4922.7,Pre-monsoon,0,5,2,0,48.0,46.2,57.0,48.86,51.36,US Embassy station (reference-grade),1
2017-05-25,38.2,108,Unhealthy for Sensitive Groups,30.73,77.58,9.2,1002.22,1.2,513.33,4724.8,Pre-monsoon,0,5,3,0,47.5,48.0,46.2,47.24,51.55,US Embassy station (reference-grade),1
2017-05-26,36.2,103,Unhealthy for Sensitive Groups,30.05,75.92,7.59,1002.58,0.0,521.04,3953.4,Pre-monsoon,0,5,4,1,38.2,47.5,48.0,47.17,51.37,US Embassy station (reference-grade),1
2017-05-27,55.5,151,Unhealthy,29.29,79.83,5.72,1002.12,0.3,420.42,2403.4,Pre-monsoon,0,5,5,1,36.2,38.2,47.5,46.94,51.07,US Embassy station (reference-grade),1
2017-05-28,73.5,164,Unhealthy,29.85,80.29,5.97,1000.72,0.8,399.38,2384.6,Pre-monsoon,0,5,6,0,55.5,36.2,38.2,49.3,51.15,US Embassy station (reference-grade),1
2017-05-29,62.0,156,Unhealthy,29.36,80.71,7.74,998.06,8.0,424.58,3285.2,Pre-monsoon,0,5,0,0,73.5,55.5,36.2,51.56,51.28,US Embassy station (reference-grade),1
2017-05-30,20.6,72,Moderate,27.06,87.83,14.05,994.82,13.4,577.92,8117.3,Pre-monsoon,0,5,1,0,62.0,73.5,55.5,47.64,49.83,US Embassy station (reference-grade),1
2017-05-31,62.0,156,Unhealthy,28.28,87.88,11.85,1000.3,22.3,496.46,5885.1,Pre-monsoon,0,5,2,0,20.6,62.0,73.5,49.71,50.47,US Embassy station (reference-grade),1
2017-06-01,36.5,103,Unhealthy for Sensitive Groups,27.04,91.92,13.36,1001.58,21.2,457.71,6116.1,Monsoon,0,6,3,0,62.0,20.6,62.0,49.47,50.35,US Embassy station (reference-grade),1
2017-06-02,33.5,96,Moderate,28.08,86.83,17.47,1001.89,17.3,663.12,11582.6,Monsoon,0,6,4,1,36.5,62.0,20.6,49.09,49.72,US Embassy station (reference-grade),1
2017-06-03,41.1,115,Unhealthy for Sensitive Groups,30.41,79.75,19.61,1000.67,2.6,680.21,13337.8,Monsoon,0,6,5,1,33.5,36.5,62.0,47.03,48.05,US Embassy station (reference-grade),1
2017-06-04,38.1,107,Unhealthy for Sensitive Groups,28.01,88.38,16.2,1000.45,57.0,737.29,11947.2,Monsoon,0,6,6,0,41.1,33.5,36.5,41.97,47.3,US Embassy station (reference-grade),1
2017-06-05,42.2,117,Unhealthy for Sensitive Groups,28.57,84.96,14.39,1001.64,4.6,531.04,7640.4,Monsoon,0,6,0,0,38.1,41.1,33.5,39.14,46.74,US Embassy station (reference-grade),1
2017-06-06,58.8,153,Unhealthy,29.05,85.12,7.88,1002.64,1.6,408.96,3222.3,Monsoon,0,6,1,0,42.2,38.1,41.1,44.6,47.36,US Embassy station (reference-grade),1
2017-06-07,53.6,146,Unhealthy for Sensitive Groups,30.89,77.29,5.82,1002.02,0.0,465.83,2711.5,Monsoon,0,6,2,0,58.8,42.2,38.1,43.4,47.94,US Embassy station (reference-grade),1
2017-06-08,67.7,160,Unhealthy,29.88,81.46,7.6,1001.08,7.0,460.83,3502.3,Monsoon,0,6,3,0,53.6,58.8,42.2,47.86,48.68,US Embassy station (reference-grade),1
2017-06-09,50.9,139,Unhealthy for Sensitive Groups,29.71,80.88,7.19,1000.36,7.0,419.58,3015.8,Monsoon,0,6,4,1,67.7,53.6,58.8,50.34,49.03,US Embassy station (reference-grade),1
2017-06-10,37.0,105,Unhealthy for Sensitive Groups,29.68,82.29,5.64,999.28,8.8,428.54,2417.7,Monsoon,0,6,5,1,50.9,67.7,53.6,49.76,47.54,US Embassy station (reference-grade),1
2017-06-11,14.0,60,Moderate,27.42,89.71,13.89,997.15,34.4,617.08,8572.3,Monsoon,0,6,6,0,37.0,50.9,67.7,46.31,46.55,US Embassy station (reference-grade),1
2017-06-12,8.65,48,Good,25.82,91.17,26.52,992.18,78.1,695.0,18429.1,Monsoon,0,6,0,0,14.0,37.0,50.9,41.52,44.92,US Embassy station (reference-grade),1
2017-06-13,35.2,100,Moderate,28.63,84.17,15.01,998.25,3.8,543.96,8163.9,Monsoon,0,6,1,0,8.65,14.0,37.0,38.15,44.12,US Embassy station (reference-grade),1
2017-06-14,37.1,105,Unhealthy for Sensitive Groups,28.8,86.83,13.72,1001.91,17.0,556.04,7627.0,Monsoon,0,6,2,0,35.2,8.65,14.0,35.79,43.77,US Embassy station (reference-grade),1
2017-06-15,25.9,82,Moderate,28.5,83.04,16.64,1001.66,2.5,635.21,10568.3,Monsoon,0,6,3,0,37.1,35.2,8.65,29.82,43.59,US Embassy station (reference-grade),1
2017-06-16,20.0,71,Moderate,27.27,89.04,14.27,999.41,14.8,521.46,7439.5,Monsoon,0,6,4,1,25.9,37.1,35.2,25.41,43.01,US Embassy station (reference-grade),1
2017-06-17,40.0,112,Unhealthy for Sensitive Groups,27.62,89.96,11.07,1000.72,18.1,463.54,5129.9,Monsoon,0,6,5,1,20.0,25.9,37.1,25.84,42.69,US Embassy station (reference-grade),1
2017-06-18,36.2,103,Unhealthy for Sensitive Groups,27.79,91.12,11.38,999.24,63.8,499.17,5682.2,Monsoon,0,6,6,0,40.0,20.0,25.9,29.01,42.68,US Embassy station (reference-grade),1
2017-06-19,44.0,122,Unhealthy for Sensitive Groups,27.09,92.88,13.73,998.92,50.8,446.88,6137.1,Monsoon,0,6,0,0,36.2,40.0,20.0,34.06,42.24,US Embassy station (reference-grade),1
2017-06-20,49.8,136,Unhealthy for Sensitive Groups,26.13,94.79,8.78,999.42,16.9,428.12,3760.4,Monsoon,0,6,1,0,44.0,36.2,40.0,36.14,42.0,US Embassy station (reference-grade),1
2017-06-21,47.8,131,Unhealthy for Sensitive Groups,27.42,88.25,9.63,999.03,4.1,424.58,4088.4,Monsoon,0,6,2,0,49.8,44.0,36.2,37.67,42.05,US Embassy station (reference-grade),1
2017-06-23,22.5,76,Moderate,28.6,83.29,9.46,999.12,2.6,417.29,3946.9,Monsoon,0,6,4,1,47.8,49.8,44.0,37.19,41.2,US Embassy station (reference-grade),1
2017-06-24,23.8,78,Moderate,28.58,83.08,12.52,997.99,4.4,571.46,7152.8,Monsoon,0,6,5,1,22.5,47.8,49.8,37.73,40.41,US Embassy station (reference-grade),1
2017-06-25,10.4,53,Moderate,28.75,81.08,16.19,998.9,2.9,717.92,11624.3,Monsoon,0,6,6,0,23.8,22.5,47.8,33.5,39.48,US Embassy station (reference-grade),1
2017-06-26,9.25,51,Moderate,29.15,79.67,16.38,1000.33,0.6,791.04,12956.6,Monsoon,0,6,0,0,10.4,23.8,22.5,29.65,38.59,US Embassy station (reference-grade),1
2017-06-27,8.29,46,Good,29.17,80.25,14.86,1000.76,2.1,728.12,10821.8,Monsoon,0,6,1,0,9.25,10.4,23.8,24.55,37.01,US Embassy station (reference-grade),1
2017-06-28,12.0,56,Moderate,28.58,82.96,14.11,1001.36,4.3,633.75,8943.8,Monsoon,0,6,2,0,8.29,9.25,10.4,19.15,34.96,US Embassy station (reference-grade),1
2017-06-29,13.2,59,Moderate,28.79,82.62,14.72,1000.22,1.3,675.62,9948.6,Monsoon,0,6,3,0,12.0,8.29,9.25,14.21,33.34,US Embassy station (reference-grade),1
2017-06-30,17.2,66,Moderate,28.43,84.25,16.25,997.73,7.4,608.75,9889.7,Monsoon,0,6,4,1,13.2,12.0,8.29,13.45,33.22,US Embassy station (reference-grade),1
2017-07-01,15.0,62,Moderate,28.5,83.08,17.93,997.22,6.0,646.25,11589.4,Monsoon,0,7,5,1,17.2,13.2,12.0,12.19,31.66,US Embassy station (reference-grade),1
2017-07-02,16.6,65,Moderate,28.28,84.12,18.45,997.3,15.8,521.88,9628.6,Monsoon,0,7,6,0,15.0,17.2,13.2,13.08,30.99,US Embassy station (reference-grade),1
2017-07-03,33.3,96,Moderate,26.96,93.21,13.05,997.49,16.6,431.04,5626.9,Monsoon,0,7,0,0,16.6,15.0,17.2,16.51,30.99,US Embassy station (reference-grade),1
2017-07-04,39.3,110,Unhealthy for Sensitive Groups,27.28,90.5,10.55,997.69,17.9,463.54,4892.3,Monsoon,0,7,1,0,33.3,16.6,15.0,20.94,30.93,US Embassy station (reference-grade),1
2017-07-05,27.8,86,Moderate,27.45,90.62,9.8,998.46,13.4,418.33,4101.4,Monsoon,0,7,2,0,39.3,33.3,16.6,23.2,30.58,US Embassy station (reference-grade),1
2017-07-06,29.2,88,Moderate,27.85,87.92,10.5,999.34,11.1,469.58,4932.6,Monsoon,0,7,3,0,27.8,39.3,33.3,25.49,30.15,US Embassy station (reference-grade),1
2017-07-07,33.5,96,Moderate,27.23,91.0,9.32,999.88,26.9,471.88,4398.3,Monsoon,0,7,4,1,29.2,27.8,39.3,27.81,29.31,US Embassy station (reference-grade),1
2017-07-08,34.5,98,Moderate,28.45,83.71,17.3,1000.52,6.4,579.38,10023.2,Monsoon,0,7,5,1,33.5,29.2,27.8,30.6,28.67,US Embassy station (reference-grade),1
2017-07-09,26.8,84,Moderate,28.3,83.21,19.9,1002.2,2.9,715.42,14233.8,Monsoon,0,7,6,0,34.5,33.5,29.2,32.06,27.31,US Embassy station (reference-grade),1
2017-07-10,31.7,93,Moderate,27.65,87.0,15.7,1002.65,10.3,562.92,8840.1,Monsoon,0,7,0,0,26.8,34.5,33.5,31.83,26.67,US Embassy station (reference-grade),1
2017-07-11,35.0,99,Moderate,26.31,94.33,11.58,1001.42,30.3,413.96,4793.3,Monsoon,0,7,1,0,31.7,26.8,34.5,31.21,26.6,US Embassy station (reference-grade),1
2017-07-12,31.9,93,Moderate,26.68,90.0,11.93,1001.65,15.1,455.21,5430.3,Monsoon,0,7,2,0,35.0,31.7,26.8,31.8,27.2,US Embassy station (reference-grade),1
2017-07-13,26.8,84,Moderate,27.26,85.42,13.86,1001.64,5.7,428.12,5934.9,Monsoon,0,7,3,0,31.9,35.0,31.7,31.46,27.8,US Embassy station (reference-grade),1
2017-07-14,23.0,77,Moderate,27.79,84.29,12.2,1001.21,1.5,480.0,5854.0,Monsoon,0,7,4,1,26.8,31.9,35.0,29.96,27.39,US Embassy station (reference-grade),1
2017-07-15,28.6,87,Moderate,28.82,79.71,11.36,1000.23,3.5,477.5,5425.6,Monsoon,0,7,5,1,23.0,26.8,31.9,29.11,27.11,US Embassy station (reference-grade),1
2017-07-16,31.4,93,Moderate,29.26,82.12,7.85,998.78,4.5,502.71,3944.2,Monsoon,0,7,6,0,28.6,23.0,26.8,29.77,27.29,US Embassy station (reference-grade),1
2017-07-17,25.9,82,Moderate,29.82,81.71,7.02,998.17,6.3,491.88,3453.4,Monsoon,0,7,0,0,31.4,28.6,23.0,28.94,27.49,US Embassy station (reference-grade),1
2017-07-18,25.2,81,Moderate,29.31,81.5,12.49,998.88,5.0,602.71,7528.8,Monsoon,0,7,1,0,25.9,31.4,28.6,27.54,27.0,US Embassy station (reference-grade),1
2017-07-19,13.6,59,Moderate,27.32,86.79,19.53,999.38,11.6,723.33,14129.1,Monsoon,0,7,2,0,25.2,25.9,31.4,24.93,26.24,US Embassy station (reference-grade),1
2017-07-20,22.2,75,Moderate,26.64,90.25,16.33,999.08,24.4,573.96,9374.7,Monsoon,0,7,3,0,13.6,25.2,25.9,24.27,25.52,US Embassy station (reference-grade),1
2017-08-11,38.4,108,Unhealthy for Sensitive Groups,27.28,90.58,16.83,1000.6,35.8,537.71,9049.2,Monsoon,0,8,4,1,22.2,13.6,25.2,26.47,25.14,US Embassy station (reference-grade),1
2017-08-12,28.2,87,Moderate,26.92,92.79,14.2,1001.45,54.8,452.71,6430.3,Monsoon,0,8,5,1,38.4,22.2,13.6,26.41,24.48,US Embassy station (reference-grade),1
2017-08-13,35.9,102,Unhealthy for Sensitive Groups,26.98,91.5,11.1,1003.35,15.8,390.62,4335.9,Monsoon,0,8,6,0,28.2,38.4,22.2,27.06,24.93,US Embassy station (reference-grade),1
2017-08-14,51.9,141,Unhealthy for Sensitive Groups,27.25,87.88,10.35,1004.34,6.5,324.17,3355.1,Monsoon,0,8,0,0,35.9,28.2,38.4,30.77,25.87,US Embassy station (reference-grade),1
2017-08-15,38.3,108,Unhealthy for Sensitive Groups,27.55,88.42,10.03,1002.63,7.5,431.88,4333.1,Monsoon,0,8,1,0,51.9,35.9,28.2,32.64,26.8,US Embassy station (reference-grade),1
2017-08-16,63.5,157,Unhealthy,27.42,90.08,9.62,1000.57,22.1,359.58,3459.5,Monsoon,0,8,2,0,38.3,51.9,35.9,39.77,28.61,US Embassy station (reference-grade),1
2017-08-17,44.0,122,Unhealthy for Sensitive Groups,28.24,85.12,9.72,999.29,5.3,424.38,4123.5,Monsoon,0,8,3,0,63.5,38.3,51.9,42.89,29.8,US Embassy station (reference-grade),1
2017-08-18,35.5,101,Unhealthy for Sensitive Groups,28.31,82.0,11.72,1001.13,1.5,551.46,6461.3,Monsoon,0,8,4,1,44.0,63.5,38.3,42.47,30.58,US Embassy station (reference-grade),1
2017-08-19,22.6,76,Moderate,28.79,78.58,12.85,1003.74,0.4,600.0,7710.0,Monsoon,0,8,5,1,35.5,44.0,63.5,41.67,30.89,US Embassy station (reference-grade),1
2017-08-20,27.6,85,Moderate,28.87,81.79,9.5,1003.41,1.2,543.33,5163.9,Monsoon,0,8,6,0,22.6,35.5,44.0,40.49,31.24,US Embassy station (reference-grade),1
2017-08-22,26.4,83,Moderate,28.34,86.08,5.28,1001.71,12.9,349.58,1844.1,Monsoon,0,8,1,0,27.6,22.6,35.5,36.84,31.62,US Embassy station (reference-grade),1
2017-08-23,24.1,79,Moderate,27.78,86.0,8.5,1002.23,24.3,434.58,3695.8,Monsoon,0,8,2,0,26.4,27.6,22.6,34.81,31.87,US Embassy station (reference-grade),1
2017-08-24,25.4,81,Moderate,28.57,83.79,8.89,1001.58,6.0,446.04,3964.2,Monsoon,0,8,3,0,24.1,26.4,27.6,29.37,31.61,US Embassy station (reference-grade),1
2017-08-25,28.2,87,Moderate,28.47,83.04,9.12,1000.58,5.8,460.83,4201.3,Monsoon,0,8,4,1,25.4,24.1,26.4,27.11,31.24,US Embassy station (reference-grade),1
2017-08-26,22.6,76,Moderate,28.27,83.33,11.21,999.12,3.8,438.96,4921.8,Monsoon,0,8,5,1,28.2,25.4,24.1,25.27,31.06,US Embassy station (reference-grade),1
2017-08-27,20.0,71,Moderate,27.48,85.88,12.89,1000.26,8.8,692.29,8921.9,Monsoon,0,8,6,0,22.6,28.2,25.4,24.9,30.76,US Embassy station (reference-grade),1
2017-08-28,22.5,76,Moderate,28.17,82.88,15.29,1002.16,5.6,688.12,10519.7,Monsoon,0,8,0,0,20.0,22.6,28.2,24.17,30.39,US Embassy station (reference-grade),1
2017-08-29,29.0,88,Moderate,27.9,85.12,12.06,1003.74,13.2,484.79,5845.8,Monsoon,0,8,1,0,22.5,20.0,22.6,24.54,30.21,US Embassy station (reference-grade),1
2017-08-30,25.7,82,Moderate,28.17,87.21,6.71,1004.02,22.9,398.54,2675.2,Monsoon,0,8,2,0,29.0,22.5,20.0,24.77,30.17,US Embassy station (reference-grade),1
2017-08-31,27.4,85,Moderate,28.02,86.79,7.86,1003.97,13.2,351.46,2763.3,Monsoon,0,8,3,0,25.7,29.0,22.5,25.06,30.03,US Embassy station (reference-grade),1
2017-09-01,18.9,69,Moderate,27.22,87.5,11.21,1003.31,18.6,364.79,4088.7,Monsoon,0,9,4,1,27.4,25.7,29.0,23.73,29.49,US Embassy station (reference-grade),1
2017-09-02,22.4,76,Moderate,26.96,89.83,10.1,1001.98,6.1,391.67,3954.2,Monsoon,0,9,5,1,18.9,27.4,25.7,23.7,29.17,US Embassy station (reference-grade),1
2017-09-03,24.6,80,Moderate,27.54,88.21,8.09,1002.66,16.6,409.38,3310.8,Monsoon,0,9,6,0,22.4,18.9,27.4,24.36,29.1,US Embassy station (reference-grade),1
2017-09-04,29.4,89,Moderate,28.65,85.71,8.2,1003.57,1.3,411.25,3370.5,Monsoon,0,9,0,0,24.6,22.4,18.9,25.34,29.31,US Embassy station (reference-grade),1
2017-09-05,41.4,116,Unhealthy for Sensitive Groups,29.18,83.04,8.07,1003.87,0.4,447.71,3611.5,Monsoon,0,9,1,0,29.4,24.6,22.4,27.11,29.74,US Embassy station (reference-grade),1
2017-09-06,54.5,148,Unhealthy for Sensitive Groups,28.77,85.21,7.07,1004.46,5.4,442.08,3125.9,Monsoon,0,9,2,0,41.4,29.4,24.6,31.23,30.51,US Embassy station (reference-grade),1
2017-09-07,34.2,98,Moderate,29.18,82.5,8.07,1004.71,2.7,531.46,4287.1,Monsoon,0,9,3,0,54.5,41.4,29.4,32.2,30.79,US Embassy station (reference-grade),1
2017-09-08,21.1,73,Moderate,28.49,83.96,9.65,1005.18,8.5,547.71,5287.7,Monsoon,0,9,4,1,34.2,54.5,41.4,32.51,30.65,US Embassy station (reference-grade),1
2017-09-09,17.0,66,Moderate,27.77,87.25,12.19,1004.23,14.4,532.92,6494.9,Monsoon,0,9,5,1,21.1,34.2,54.5,31.74,30.76,US Embassy station (reference-grade),1
2017-09-10,24.5,80,Moderate,26.92,90.25,10.62,1005.8,26.3,447.5,4751.0,Monsoon,0,9,6,0,17.0,21.1,34.2,31.73,30.84,US Embassy station (reference-grade),1
2017-09-11,55.3,150,Unhealthy for Sensitive Groups,26.55,90.62,6.69,1006.79,17.7,264.79,1771.9,Monsoon,0,9,0,0,24.5,17.0,21.1,35.43,31.4,US Embassy station (reference-grade),1
2017-09-12,35.2,100,Moderate,27.15,87.12,5.92,1006.82,13.2,322.08,1905.7,Monsoon,0,9,1,0,55.3,24.5,17.0,34.54,31.64,US Embassy station (reference-grade),1
2017-09-13,44.3,123,Unhealthy for Sensitive Groups,27.41,87.17,6.88,1006.48,8.3,338.12,2324.6,Monsoon,0,9,2,0,35.2,55.3,24.5,33.09,31.92,US Embassy station (reference-grade),1
2017-09-14,36.6,104,Unhealthy for Sensitive Groups,28.2,84.83,6.08,1005.33,5.0,351.04,2134.0,Monsoon,0,9,3,0,44.3,35.2,55.3,33.43,31.41,US Embassy station (reference-grade),1
2017-09-15,55.9,151,Unhealthy,29.2,81.54,4.42,1003.6,0.5,314.38,1391.1,Monsoon,0,9,4,1,36.6,44.3,35.2,38.4,31.99,US Embassy station (reference-grade),1
2017-09-16,68.9,160,Unhealthy,30.46,77.29,4.88,1001.95,0.1,382.5,1866.3,Monsoon,0,9,5,1,55.9,36.6,44.3,45.81,32.17,US Embassy station (reference-grade),1
2017-09-17,38.8,109,Unhealthy for Sensitive Groups,28.7,84.96,8.3,1001.66,9.4,295.21,2450.2,Monsoon,0,9,6,0,68.9,55.9,36.6,47.86,32.0,US Embassy station (reference-grade),1
2017-09-19,18.1,68,Moderate,26.55,90.54,13.45,1001.81,20.0,522.92,7033.2,Monsoon,0,9,1,0,38.8,68.9,55.9,42.54,31.42,US Embassy station (reference-grade),1
2017-09-22,27.4,85,Moderate,28.19,86.17,7.38,1005.05,3.6,434.38,3205.3,Monsoon,0,9,4,1,18.1,38.8,68.9,41.43,31.58,US Embassy station (reference-grade),1
2017-09-24,50.8,139,Unhealthy for Sensitive Groups,29.79,81.33,4.75,1004.56,0.4,372.71,1770.4,Monsoon,0,9,6,0,27.4,18.1,38.8,42.36,32.35,US Embassy station (reference-grade),1
2017-09-25,63.0,156,Unhealthy,28.84,86.29,5.12,1003.15,4.3,319.58,1635.2,Monsoon,0,9,0,0,50.8,27.4,18.1,46.13,33.57,US Embassy station (reference-grade),1
2017-09-26,76.2,166,Unhealthy,29.14,84.67,4.96,1003.75,5.3,291.04,1444.3,Monsoon,0,9,1,0,63.0,50.8,27.4,49.03,35.31,US Embassy station (reference-grade),1
2017-09-27,79.9,168,Unhealthy,28.48,87.08,4.27,1004.77,20.4,309.38,1322.6,Monsoon,0,9,2,0,76.2,63.0,50.8,50.6,37.13,US Embassy station (reference-grade),1
2017-09-28,34.2,98,Moderate,27.5,88.0,4.25,1003.87,18.1,368.54,1566.3,Monsoon,0,9,3,0,79.9,76.2,63.0,49.94,37.33,US Embassy station (reference-grade),1
2017-09-29,17.9,67,Moderate,26.35,90.96,11.9,1004.45,33.6,491.67,5848.8,Monsoon,0,9,4,1,34.2,79.9,76.2,49.91,37.17,US Embassy station (reference-grade),1
2017-09-30,37.5,106,Unhealthy for Sensitive Groups,26.72,89.42,10.17,1007.21,15.5,374.79,3811.9,Monsoon,0,9,5,1,17.9,34.2,79.9,51.36,37.75,US Embassy station (reference-grade),1
2017-10-01,46.3,128,Unhealthy for Sensitive Groups,27.03,88.67,6.9,1006.89,16.0,297.5,2051.5,Post-monsoon,0,10,6,0,37.5,17.9,34.2,50.71,38.55,US Embassy station (reference-grade),1
2017-10-02,43.6,121,Unhealthy for Sensitive Groups,27.47,87.62,6.89,1005.54,6.8,344.79,2374.8,Post-monsoon,0,10,0,0,46.3,37.5,17.9,47.94,39.03,US Embassy station (reference-grade),1
2017-10-03,75.7,165,Unhealthy,27.98,85.54,5.26,1005.64,2.3,296.25,1557.8,Post-monsoon,0,10,1,0,43.6,46.3,37.5,47.87,40.7,US Embassy station (reference-grade),1
2017-10-04,39.7,111,Unhealthy for Sensitive Groups,29.17,81.17,4.05,1005.87,2.8,341.25,1380.6,Post-monsoon,0,10,2,0,75.7,43.6,46.3,42.13,41.11,US Embassy station (reference-grade),1
2017-10-06,59.7,154,Unhealthy,28.96,82.38,6.14,1005.83,12.0,401.46,2465.6,Post-monsoon,0,10,4,1,39.7,75.7,43.6,45.77,42.47,US Embassy station (reference-grade),1
2017-10-07,19.6,71,Moderate,26.72,87.96,10.04,1006.38,12.2,496.25,4983.2,Post-monsoon,0,10,5,1,59.7,39.7,75.7,46.01,42.38,US Embassy station (reference-grade),1
2017-10-08,12.6,58,Moderate,26.64,85.79,14.62,1005.38,2.6,514.79,7528.8,Post-monsoon,0,10,6,0,19.6,59.7,39.7,42.46,41.98,US Embassy station (reference-grade),1
2017-10-09,15.1,62,Moderate,26.34,88.96,13.85,1005.39,11.6,433.75,6005.6,Post-monsoon,0,10,0,0,12.6,19.6,59.7,38.0,41.5,US Embassy station (reference-grade),1
2017-10-10,28.4,87,Moderate,27.44,84.67,8.08,1004.91,0.9,374.17,3024.5,Post-monsoon,0,10,1,0,15.1,12.6,19.6,35.83,41.07,US Embassy station (reference-grade),1
2017-10-11,43.3,120,Unhealthy for Sensitive Groups,28.42,81.0,4.97,1004.26,0.1,333.96,1658.7,Post-monsoon,0,10,2,0,28.4,15.1,12.6,31.2,40.69,US Embassy station (reference-grade),1
2017-10-12,43.8,121,Unhealthy for Sensitive Groups,29.04,79.83,6.24,1004.15,0.2,373.33,2328.7,Post-monsoon,0,10,3,0,43.3,28.4,15.1,31.79,41.01,US Embassy station (reference-grade),1
2017-10-13,21.1,73,Moderate,28.61,80.33,7.95,1003.72,4.7,423.75,3367.0,Post-monsoon,0,10,4,1,43.8,43.3,28.4,26.27,41.01,US Embassy station (reference-grade),1
2017-10-14,20.5,72,Moderate,28.19,84.04,7.81,1003.88,1.4,395.42,3089.2,Post-monsoon,0,10,5,1,21.1,43.8,43.3,26.4,41.13,US Embassy station (reference-grade),1
2017-10-15,56.7,152,Unhealthy,27.98,85.58,4.12,1004.03,1.8,351.04,1446.6,Post-monsoon,0,10,6,0,20.5,21.1,43.8,32.7,42.2,US Embassy station (reference-grade),1
2017-10-16,90.7,176,Unhealthy,28.31,79.08,6.31,1004.15,0.0,352.71,2225.0,Post-monsoon,0,10,0,0,56.7,20.5,21.1,43.5,43.38,US Embassy station (reference-grade),1
2017-10-17,83.3,170,Unhealthy,28.58,76.79,5.68,1004.1,0.8,368.54,2093.0,Post-monsoon,0,10,1,0,90.7,56.7,20.5,51.34,44.99,US Embassy station (reference-grade),1
2017-10-18,54.6,148,Unhealthy for Sensitive Groups,27.6,86.04,7.49,1005.53,11.5,349.58,2619.0,Post-monsoon,0,10,2,0,83.3,90.7,56.7,52.96,45.33,US Embassy station (reference-grade),1
2017-10-19,24.4,80,Moderate,26.12,90.96,10.92,1006.8,61.3,322.08,3517.4,Post-monsoon,0,10,3,0,54.6,83.3,90.7,50.19,44.92,US Embassy station (reference-grade),1
2017-10-21,9.82,52,Moderate,24.56,91.0,26.27,1000.4,57.3,937.08,24614.1,Post-monsoon,0,10,5,1,24.4,54.6,83.3,48.57,43.39,US Embassy station (reference-grade),1
2017-10-22,25.7,82,Moderate,24.72,80.12,9.87,1004.77,0.2,507.5,5009.4,Post-monsoon,0,10,6,0,9.82,24.4,54.6,49.32,41.95,US Embassy station (reference-grade),1
2017-10-23,56.3,152,Unhealthy,25.98,81.67,7.29,1007.25,0.2,348.75,2543.0,Post-monsoon,0,10,0,0,25.7,9.82,24.4,49.26,42.53,US Embassy station (reference-grade),1
2017-10-24,74.6,164,Unhealthy,26.24,87.0,7.69,1009.71,2.9,320.62,2464.8,Post-monsoon,0,10,1,0,56.3,25.7,9.82,46.96,44.41,US Embassy station (reference-grade),1
2017-10-25,94.0,178,Unhealthy,26.72,81.33,5.15,1012.12,0.1,314.17,1618.0,Post-monsoon,0,10,2,0,74.6,56.3,25.7,48.49,46.63,US Embassy station (reference-grade),1
2017-10-26,68.9,160,Unhealthy,25.95,76.92,7.05,1013.01,0.0,370.0,2607.0,Post-monsoon,0,10,3,0,94.0,74.6,56.3,50.53,47.24,US Embassy station (reference-grade),1
2017-10-27,90.9,176,Unhealthy,24.18,76.17,6.53,1011.53,0.0,338.33,2209.0,Post-monsoon,0,10,4,1,68.9,94.0,74.6,60.03,48.17,US Embassy station (reference-grade),1
2017-10-28,78.9,167,Unhealthy,24.08,76.29,5.63,1011.32,0.1,322.29,1814.2,Post-monsoon,0,10,5,1,90.9,68.9,94.0,69.9,48.26,US Embassy station (reference-grade),1
2017-10-29,81.0,169,Unhealthy,24.07,72.38,5.0,1012.52,0.2,342.71,1715.0,Post-monsoon,0,10,6,0,78.9,90.9,68.9,77.8,48.29,US Embassy station (reference-grade),1
2017-10-30,56.5,152,Unhealthy,22.78,83.62,5.59,1013.21,2.2,259.17,1449.2,Post-monsoon,0,10,0,0,81.0,78.9,90.9,77.83,49.04,US Embassy station (reference-grade),1
2017-10-31,61.5,155,Unhealthy,22.28,82.38,6.05,1012.19,0.0,349.58,2116.4,Post-monsoon,0,10,1,0,56.5,81.0,78.9,75.96,50.49,US Embassy station (reference-grade),1
2017-11-01,53.7,146,Unhealthy for Sensitive Groups,23.06,80.0,5.58,1012.49,0.0,355.21,1981.8,Post-monsoon,1,11,2,0,61.5,56.5,81.0,70.2,51.03,US Embassy station (reference-grade),1
2017-11-02,60.1,154,Unhealthy,23.75,77.83,6.37,1010.62,0.0,338.33,2155.5,Post-monsoon,1,11,3,0,53.7,61.5,56.5,68.94,51.49,US Embassy station (reference-grade),1
2017-11-03,61.9,155,Unhealthy,24.37,76.38,7.49,1010.36,0.0,311.46,2333.3,Post-monsoon,1,11,4,1,60.1,53.7,61.5,64.8,52.1,US Embassy station (reference-grade),1
2017-11-04,45.1,125,Unhealthy for Sensitive Groups,25.09,76.42,7.11,1010.95,0.0,266.67,1896.7,Post-monsoon,1,11,5,1,61.9,60.1,53.7,59.97,51.08,US Embassy station (reference-grade),1
2017-11-05,42.2,117,Unhealthy for Sensitive Groups,25.82,73.71,8.43,1011.1,1.0,295.83,2494.9,Post-monsoon,1,11,6,0,45.1,61.9,60.1,54.43,51.16,US Embassy station (reference-grade),1
2017-11-06,63.3,156,Unhealthy,25.01,73.08,7.54,1010.65,0.0,287.08,2165.1,Post-monsoon,1,11,0,0,42.2,45.1,61.9,55.4,51.28,US Embassy station (reference-grade),1
2017-11-07,64.2,157,Unhealthy,24.89,76.25,7.62,1010.6,0.0,299.79,2283.4,Post-monsoon,1,11,1,0,63.3,42.2,45.1,55.79,52.77,US Embassy station (reference-grade),1
2017-11-08,59.6,154,Unhealthy,24.46,76.79,6.65,1010.47,0.0,302.29,2011.5,Post-monsoon,1,11,2,0,64.2,63.3,42.2,56.63,54.34,US Embassy station (reference-grade),1
2017-11-09,76.6,166,Unhealthy,24.55,69.75,5.3,1009.7,0.0,349.79,1855.4,Post-monsoon,1,11,3,0,59.6,64.2,63.3,58.99,56.39,US Embassy station (reference-grade),1
2017-11-10,72.2,163,Unhealthy,24.25,70.21,5.67,1010.11,0.0,330.42,1873.7,Post-monsoon,1,11,4,1,76.6,59.6,64.2,60.46,57.85,US Embassy station (reference-grade),1
2017-11-11,76.3,166,Unhealthy,23.76,71.88,6.53,1010.52,0.0,305.42,1994.1,Post-monsoon,1,11,5,1,72.2,76.6,59.6,64.91,58.95,US Embassy station (reference-grade),1
2017-11-12,79.2,168,Unhealthy,24.17,71.71,6.56,1009.02,0.0,316.04,2072.7,Post-monsoon,1,11,6,0,76.3,72.2,76.6,70.2,60.13,US Embassy station (reference-grade),1
2017-11-13,62.0,156,Unhealthy,24.62,68.42,6.57,1008.42,0.0,320.83,2106.8,Post-monsoon,1,11,0,0,79.2,76.3,72.2,70.01,61.49,US Embassy station (reference-grade),1
2017-11-14,52.8,144,Unhealthy for Sensitive Groups,25.14,70.75,6.9,1008.82,0.0,341.25,2354.6,Post-monsoon,1,11,1,0,62.0,79.2,76.3,68.39,62.57,US Embassy station (reference-grade),1
2017-11-15,53.1,144,Unhealthy for Sensitive Groups,24.5,78.29,7.57,1010.22,8.4,249.79,1891.1,Post-monsoon,1,11,2,0,52.8,62.0,79.2,67.46,62.45,US Embassy station (reference-grade),1
2017-11-16,27.1,85,Moderate,22.25,86.12,10.7,1010.42,6.1,310.0,3317.0,Post-monsoon,1,11,3,0,53.1,52.8,62.0,60.39,60.33,US Embassy station (reference-grade),1
2017-11-17,30.0,90,Moderate,23.82,84.92,6.24,1010.0,3.3,245.83,1534.4,Post-monsoon,1,11,4,1,27.1,53.1,52.8,54.36,58.55,US Embassy station (reference-grade),1
2017-11-18,48.9,134,Unhealthy for Sensitive Groups,25.23,82.33,4.91,1009.97,0.0,251.25,1233.2,Post-monsoon,1,11,5,1,30.0,27.1,53.1,50.44,58.36,US Embassy station (reference-grade),1
2017-11-21,125.0,200,Unhealthy,23.08,72.75,8.31,1010.31,0.0,366.46,3044.7,Post-monsoon,1,11,1,0,48.9,30.0,27.1,56.99,61.71,US Embassy station (reference-grade),1
2017-11-22,117.0,194,Unhealthy,21.29,64.21,9.62,1009.32,0.0,412.29,3964.9,Post-monsoon,1,11,2,0,125.0,48.9,30.0,64.84,65.29,US Embassy station (reference-grade),1
2017-11-23,176.0,251,Very Unhealthy,20.95,69.38,8.45,1009.28,0.0,410.83,3471.5,Post-monsoon,1,11,3,0,117.0,125.0,48.9,82.44,70.3,US Embassy station (reference-grade),1
2017-11-24,133.0,208,Very Unhealthy,21.21,69.12,8.03,1010.82,0.0,396.88,3188.2,Post-monsoon,1,11,4,1,176.0,117.0,125.0,93.86,72.85,US Embassy station (reference-grade),1
2017-11-25,142.0,217,Very Unhealthy,20.9,68.96,7.71,1012.69,0.0,385.83,2975.7,Post-monsoon,1,11,5,1,133.0,176.0,117.0,110.27,75.1,US Embassy station (reference-grade),1
2017-11-26,134.0,209,Very Unhealthy,20.67,73.33,7.12,1013.04,0.0,394.58,2808.1,Post-monsoon,1,11,6,0,142.0,133.0,176.0,125.13,76.43,US Embassy station (reference-grade),1
2017-11-27,138.0,213,Very Unhealthy,21.32,75.75,7.13,1011.43,0.0,419.79,2992.8,Post-monsoon,1,11,0,0,134.0,142.0,133.0,137.86,78.74,US Embassy station (reference-grade),1
2017-11-28,228.0,306,Hazardous,19.98,74.12,6.48,1011.7,0.0,477.92,3098.5,Post-monsoon,1,11,1,0,138.0,134.0,142.0,152.57,83.31,US Embassy station (reference-grade),1
2017-11-29,210.0,285,Very Unhealthy,20.32,72.33,8.13,1013.32,0.0,419.79,3412.6,Post-monsoon,1,11,2,0,228.0,138.0,134.0,165.86,87.68,US Embassy station (reference-grade),1
2017-11-30,171.0,246,Very Unhealthy,20.16,74.0,7.5,1012.42,0.0,361.46,2712.4,Post-monsoon,1,11,3,0,210.0,228.0,138.0,165.14,90.68,US Embassy station (reference-grade),1
2017-12-01,121.0,197,Unhealthy,20.22,75.25,6.38,1011.9,0.0,297.08,1896.4,Winter,1,12,4,1,171.0,210.0,228.0,163.43,92.83,US Embassy station (reference-grade),1
2017-12-02,126.0,201,Very Unhealthy,20.94,70.0,6.18,1013.04,0.0,307.71,1902.7,Winter,1,12,5,1,121.0,171.0,210.0,161.14,94.98,US Embassy station (reference-grade),1
2017-12-04,119.0,196,Unhealthy,20.64,69.83,5.96,1011.76,0.0,343.12,2045.9,Winter,1,12,0,0,126.0,121.0,171.0,159.0,97.15,US Embassy station (reference-grade),1
2017-12-05,132.0,207,Very Unhealthy,20.76,68.58,4.5,1011.37,0.0,313.96,1414.1,Winter,1,12,1,0,119.0,126.0,121.0,158.14,99.55,US Embassy station (reference-grade),1
2017-12-27,172.0,247,Very Unhealthy,19.46,82.42,8.48,1013.18,0.0,235.83,1998.7,Winter,1,12,2,0,132.0,119.0,126.0,150.14,103.22,US Embassy station (reference-grade),1
2017-12-28,181.0,256,Very Unhealthy,19.32,82.71,7.69,1012.93,0.0,219.17,1685.8,Winter,1,12,3,0,172.0,132.0,119.0,146.0,107.75,US Embassy station (reference-grade),1
2017-12-29,154.0,229,Very Unhealthy,18.5,87.17,5.98,1014.15,0.0,190.42,1137.7,Winter,1,12,4,1,181.0,172.0,132.0,143.57,111.48,US Embassy station (reference-grade),1
2017-12-31,146.0,221,Very Unhealthy,18.95,77.38,6.84,1011.82,0.0,226.88,1551.3,Winter,1,12,6,0,154.0,181.0,172.0,147.14,114.23,US Embassy station (reference-grade),1
2018-01-01,151.0,226,Very Unhealthy,18.6,79.58,5.9,1010.32,0.0,205.0,1210.4,Winter,1,1,0,0,146.0,154.0,181.0,150.71,117.13,US Embassy station (reference-grade),1
2018-01-02,173.0,248,Very Unhealthy,19.49,76.17,6.75,1009.2,0.3,279.58,1887.2,Winter,1,1,1,0,151.0,146.0,154.0,158.43,120.91,US Embassy station (reference-grade),1
2018-01-03,141.0,216,Very Unhealthy,18.22,72.08,10.55,1010.42,0.0,391.67,4133.7,Winter,1,1,2,0,173.0,151.0,146.0,159.71,123.05,US Embassy station (reference-grade),1
2018-01-04,183.0,258,Very Unhealthy,15.61,71.67,7.1,1012.82,0.0,326.46,2316.5,Winter,1,1,3,0,141.0,173.0,151.0,161.29,126.75,US Embassy station (reference-grade),1
2018-01-08,213.0,288,Very Unhealthy,14.06,70.58,8.91,1014.25,0.0,339.38,3023.3,Winter,1,1,0,0,183.0,141.0,173.0,165.86,131.3,US Embassy station (reference-grade),1
2018-01-09,193.0,268,Very Unhealthy,14.49,73.29,8.66,1015.0,0.0,318.96,2761.6,Winter,1,1,1,0,213.0,183.0,141.0,171.43,135.1,US Embassy station (reference-grade),1
2018-01-10,213.0,288,Very Unhealthy,14.69,76.92,8.0,1015.12,0.0,328.96,2631.7,Winter,1,1,2,0,193.0,213.0,183.0,181.0,140.13,US Embassy station (reference-grade),1
2018-01-11,252.0,354,Hazardous,14.91,77.5,6.83,1013.99,0.0,361.67,2471.4,Winter,1,1,3,0,213.0,193.0,213.0,195.43,146.77,US Embassy station (reference-grade),1
2018-01-12,245.0,340,Hazardous,15.5,78.04,6.15,1013.07,0.0,305.42,1878.3,Winter,1,1,4,1,252.0,213.0,193.0,205.71,153.17,US Embassy station (reference-grade),1
2018-01-13,252.0,354,Hazardous,16.2,78.17,4.03,1012.98,0.0,261.88,1056.2,Winter,1,1,5,1,245.0,252.0,213.0,221.57,160.66,US Embassy station (reference-grade),1
2018-01-14,289.0,427,Hazardous,17.44,77.04,5.85,1013.27,0.0,278.12,1628.2,Winter,1,1,6,0,252.0,245.0,252.0,236.71,169.3,US Embassy station (reference-grade),1
2018-01-16,194.0,269,Very Unhealthy,17.47,77.75,7.5,1011.91,0.0,324.79,2435.9,Winter,1,1,1,0,289.0,252.0,245.0,234.0,174.13,US Embassy station (reference-grade),1
2018-01-17,184.0,259,Very Unhealthy,17.9,78.71,7.22,1011.96,0.0,317.29,2291.1,Winter,1,1,2,0,194.0,289.0,252.0,232.71,176.1,US Embassy station (reference-grade),1
2018-01-20,134.0,209,Very Unhealthy,17.32,74.96,6.79,1011.97,0.0,358.12,2430.8,Winter,1,1,5,1,184.0,194.0,289.0,221.43,176.67,US Embassy station (reference-grade),1
2018-01-21,215.0,290,Very Unhealthy,17.35,74.5,6.96,1011.71,0.0,362.92,2525.3,Winter,1,1,6,0,134.0,184.0,194.0,216.14,177.97,US Embassy station (reference-grade),1
2018-01-22,215.0,290,Very Unhealthy,17.51,78.46,7.45,1010.49,0.0,357.08,2660.3,Winter,1,1,0,0,215.0,134.0,184.0,211.86,180.7,US Embassy station (reference-grade),1
2018-01-23,199.0,274,Very Unhealthy,18.84,77.75,6.7,1009.86,0.0,331.25,2220.8,Winter,1,1,1,0,215.0,215.0,134.0,204.29,182.6,US Embassy station (reference-grade),1
2018-01-31,233.0,316,Hazardous,18.09,69.58,6.19,1010.51,0.0,400.83,2480.2,Winter,1,1,2,0,199.0,215.0,215.0,196.29,185.9,US Embassy station (reference-grade),1
2018-02-01,188.0,263,Very Unhealthy,18.39,67.83,6.06,1010.92,0.0,361.46,2189.8,Winter,1,2,3,0,233.0,199.0,215.0,195.43,187.57,US Embassy station (reference-grade),1
2018-02-04,201.0,276,Very Unhealthy,20.52,77.96,8.75,1011.81,0.0,323.96,2834.6,Winter,1,2,6,0,188.0,233.0,199.0,197.86,186.67,US Embassy station (reference-grade),1
2018-02-07,253.0,356,Hazardous,20.45,70.33,7.71,1010.23,0.0,309.38,2384.8,Winter,1,2,2,0,201.0,188.0,233.0,214.86,188.1,US Embassy station (reference-grade),1
2018-02-08,102.0,184,Unhealthy,20.85,68.42,7.69,1009.81,0.0,268.33,2063.9,Winter,1,2,3,0,253.0,201.0,188.0,198.71,185.8,US Embassy station (reference-grade),1
2018-02-10,120.0,196,Unhealthy,22.05,68.5,5.83,1012.86,0.0,342.92,1998.9,Winter,1,2,5,1,102.0,253.0,201.0,185.14,185.77,US Embassy station (reference-grade),1
2018-02-11,99.2,182,Unhealthy,20.82,47.54,8.79,1015.16,0.0,311.25,2735.1,Winter,1,2,6,0,120.0,102.0,253.0,170.89,184.87,US Embassy station (reference-grade),1
2018-02-14,104.0,185,Unhealthy,21.31,64.29,8.37,1015.96,0.0,395.21,3308.2,Winter,1,2,2,0,99.2,120.0,102.0,152.46,184.37,US Embassy station (reference-grade),1
2018-02-15,113.0,191,Unhealthy,20.51,66.12,7.49,1016.42,0.0,442.08,3310.1,Winter,1,2,3,0,104.0,99.2,120.0,141.74,183.74,US Embassy station (reference-grade),1
2018-02-16,117.0,194,Unhealthy,19.88,59.83,8.41,1014.08,0.0,379.79,3193.4,Winter,1,2,4,1,113.0,104.0,99.2,129.74,181.91,US Embassy station (reference-grade),1
2018-02-18,190.0,265,Very Unhealthy,22.12,60.88,6.07,1010.39,0.0,470.83,2858.4,Winter,1,2,6,0,117.0,113.0,104.0,120.74,182.21,US Embassy station (reference-grade),1
2018-02-19,162.0,237,Very Unhealthy,22.39,61.0,6.13,1011.07,0.0,416.04,2550.0,Winter,1,2,0,0,190.0,117.0,113.0,129.31,182.47,US Embassy station (reference-grade),1
2018-02-20,223.0,298,Very Unhealthy,22.99,67.88,5.15,1010.94,0.0,376.04,1935.0,Winter,1,2,1,0,162.0,190.0,117.0,144.03,185.04,US Embassy station (reference-grade),1
2018-02-21,179.0,254,Very Unhealthy,23.22,66.58,5.0,1009.02,0.0,411.88,2057.7,Winter,1,2,2,0,223.0,162.0,190.0,155.43,185.97,US Embassy station (reference-grade),1
2018-02-23,166.0,241,Very Unhealthy,23.87,68.83,8.19,1009.3,0.0,439.17,3597.5,Winter,1,2,4,1,179.0,223.0,162.0,164.29,185.74,US Embassy station (reference-grade),1
2018-02-24,126.0,201,Very Unhealthy,24.82,73.62,7.15,1011.47,0.0,370.62,2650.0,Winter,1,2,5,1,166.0,179.0,223.0,166.14,185.24,US Embassy station (reference-grade),1
2018-02-25,133.0,208,Very Unhealthy,25.19,70.17,6.69,1010.81,0.0,348.75,2333.7,Winter,1,2,6,0,126.0,166.0,179.0,168.43,183.57,US Embassy station (reference-grade),1
2018-03-04,92.8,177,Unhealthy,26.71,70.38,11.12,1006.26,0.0,547.08,6081.7,Pre-monsoon,1,3,6,0,133.0,126.0,166.0,154.54,179.57,US Embassy station (reference-grade),1
2018-03-05,75.9,165,Unhealthy,26.4,73.88,8.45,1008.22,1.0,424.79,3589.5,Pre-monsoon,1,3,0,0,92.8,133.0,126.0,142.24,175.66,US Embassy station (reference-grade),1
2018-03-06,113.0,191,Unhealthy,26.44,51.08,7.0,1008.53,0.3,396.25,2775.4,Pre-monsoon,1,3,1,0,75.9,92.8,133.0,126.53,172.33,US Embassy station (reference-grade),1
2018-03-07,95.2,179,Unhealthy,24.84,45.96,7.06,1010.41,0.0,454.58,3210.5,Pre-monsoon,1,3,2,0,113.0,75.9,92.8,114.56,167.1,US Embassy station (reference-grade),1
2018-03-08,98.2,181,Unhealthy,23.57,48.17,8.61,1010.69,0.0,502.08,4324.2,Pre-monsoon,1,3,3,0,95.2,113.0,75.9,104.87,162.21,US Embassy station (reference-grade),1
2018-03-09,153.0,228,Very Unhealthy,24.22,56.21,8.52,1009.51,0.0,525.0,4473.4,Pre-monsoon,1,3,4,1,98.2,95.2,113.0,108.73,158.91,US Embassy station (reference-grade),1
2018-03-10,193.0,268,Very Unhealthy,24.95,51.92,7.38,1009.63,0.0,625.21,4610.9,Pre-monsoon,1,3,5,1,153.0,98.2,95.2,117.3,155.71,US Embassy station (reference-grade),1
2018-03-11,190.0,265,Very Unhealthy,25.29,47.25,6.88,1010.04,0.0,655.83,4508.9,Pre-monsoon,1,3,6,0,193.0,153.0,98.2,131.19,155.58,US Embassy station (reference-grade),1
2018-03-12,133.0,208,Very Unhealthy,25.2,62.04,10.38,1009.26,0.1,491.88,5105.3,Pre-monsoon,1,3,0,0,190.0,193.0,153.0,139.34,153.88,US Embassy station (reference-grade),1
2018-03-13,62.5,156,Unhealthy,24.9,73.17,8.69,1008.7,0.3,529.38,4598.9,Pre-monsoon,1,3,1,0,133.0,190.0,193.0,132.13,151.49,US Embassy station (reference-grade),1
2018-03-14,131.0,206,Very Unhealthy,25.29,71.75,6.18,1007.8,0.1,564.58,3491.0,Pre-monsoon,1,3,2,0,62.5,133.0,190.0,137.24,148.69,US Embassy station (reference-grade),1
2018-03-15,81.5,169,Unhealthy,26.45,72.12,7.18,1006.99,0.0,465.42,3341.3,Pre-monsoon,1,3,3,0,131.0,62.5,133.0,134.86,144.24,US Embassy station (reference-grade),1
2018-03-16,74.9,165,Unhealthy,26.59,72.08,12.18,1006.33,1.6,618.12,7530.8,Pre-monsoon,1,3,4,1,81.5,131.0,62.5,123.7,140.11,US Embassy station (reference-grade),1
2018-03-17,97.4,180,Unhealthy,26.86,58.04,10.03,1007.32,0.5,583.75,5854.5,Pre-monsoon,1,3,5,1,74.9,81.5,131.0,110.04,135.59,US Embassy station (reference-grade),1
2018-03-18,144.0,219,Very Unhealthy,26.3,61.25,6.69,1009.19,0.0,556.04,3718.5,Pre-monsoon,1,3,6,0,97.4,74.9,81.5,103.47,134.12,US Embassy station (reference-grade),1
2018-03-20,104.0,185,Unhealthy,25.87,51.54,6.53,1008.41,0.0,613.54,4008.5,Pre-monsoon,1,3,1,0,144.0,97.4,74.9,99.33,130.89,US Embassy station (reference-grade),1
2018-03-21,178.0,253,Very Unhealthy,26.44,54.21,7.11,1007.81,0.0,647.29,4603.9,Pre-monsoon,1,3,2,0,104.0,144.0,97.4,115.83,128.39,US Embassy station (reference-grade),1
2018-03-22,141.0,216,Very Unhealthy,27.2,64.12,6.63,1005.89,0.0,537.5,3565.4,Pre-monsoon,1,3,3,0,178.0,104.0,144.0,117.26,129.69,US Embassy station (reference-grade),1
2018-03-23,132.0,207,Very Unhealthy,27.32,70.12,7.52,1006.38,0.4,514.38,3868.5,Pre-monsoon,1,3,4,1,141.0,178.0,104.0,124.47,130.09,US Embassy station (reference-grade),1
2018-03-24,85.9,172,Unhealthy,27.9,72.12,5.82,1009.21,0.0,493.75,2874.0,Pre-monsoon,1,3,5,1,132.0,141.0,178.0,126.04,129.64,US Embassy station (reference-grade),1
2018-03-25,128.0,203,Very Unhealthy,28.51,66.75,7.11,1010.62,0.0,543.75,3865.2,Pre-monsoon,1,3,6,0,85.9,132.0,141.0,130.41,130.44,US Embassy station (reference-grade),1
2018-03-26,95.7,179,Unhealthy,27.03,72.83,5.95,1009.48,2.1,400.62,2385.4,Pre-monsoon,1,3,0,0,128.0,85.9,132.0,123.51,129.87,US Embassy station (reference-grade),1
2018-03-27,87.4,173,Unhealthy,25.8,79.54,6.24,1008.25,4.0,367.92,2294.9,Pre-monsoon,1,3,1,0,95.7,128.0,85.9,121.14,128.88,US Embassy station (reference-grade),1
2018-03-28,95.4,179,Unhealthy,26.89,78.29,6.3,1007.65,0.5,450.0,2835.0,Pre-monsoon,1,3,2,0,87.4,95.7,128.0,109.34,125.73,US Embassy station (reference-grade),1
2018-03-29,69.9,161,Unhealthy,27.4,74.46,10.92,1007.05,0.0,489.79,5346.9,Pre-monsoon,1,3,3,0,95.4,87.4,95.7,99.19,122.66,US Embassy station (reference-grade),1
2018-03-30,52.2,142,Unhealthy for Sensitive Groups,26.15,79.08,10.88,1007.33,0.8,651.46,7084.6,Pre-monsoon,1,3,4,1,69.9,95.4,87.4,87.79,116.96,US Embassy station (reference-grade),1
2018-03-31,47.1,130,Unhealthy for Sensitive Groups,24.36,83.29,9.54,1008.25,7.1,344.58,3286.5,Pre-monsoon,1,3,5,1,52.2,69.9,95.4,82.24,112.57,US Embassy station (reference-grade),1
2018-04-01,87.9,174,Unhealthy,26.2,69.5,5.75,1008.28,0.0,395.62,2276.5,Pre-monsoon,1,4,6,0,47.1,52.2,69.9,76.51,109.96,US Embassy station (reference-grade),1
2018-04-02,81.3,169,Unhealthy,26.31,66.29,6.94,1008.77,0.0,356.04,2470.0,Pre-monsoon,1,4,0,0,87.9,47.1,52.2,74.46,108.47,US Embassy station (reference-grade),1
2018-04-03,127.0,202,Very Unhealthy,27.41,63.83,6.44,1007.6,0.1,409.38,2635.4,Pre-monsoon,1,4,1,0,81.3,87.9,47.1,80.11,108.27,US Embassy station (reference-grade),1
2018-04-04,158.0,233,Very Unhealthy,27.32,64.38,4.82,1006.34,0.0,426.67,2056.9,Pre-monsoon,1,4,2,0,127.0,81.3,87.9,89.06,110.45,US Embassy station (reference-grade),1
2018-04-05,134.0,209,Very Unhealthy,27.22,67.33,8.4,1005.65,0.1,516.04,4334.8,Pre-monsoon,1,4,3,0,158.0,127.0,81.3,98.21,112.38,US Embassy station (reference-grade),1
2018-04-06,60.2,154,Unhealthy,25.95,76.54,6.31,1007.42,12.0,409.38,2582.5,Pre-monsoon,1,4,4,1,134.0,158.0,127.0,99.36,110.62,US Embassy station (reference-grade),1
2018-04-07,54.7,148,Unhealthy for Sensitive Groups,25.72,80.25,6.65,1008.94,9.4,345.21,2295.6,Pre-monsoon,1,4,5,1,60.2,134.0,158.0,100.44,109.27,US Embassy station (reference-grade),1
2018-04-08,67.3,159,Unhealthy,26.74,76.58,6.33,1009.68,1.3,466.25,2951.0,Pre-monsoon,1,4,6,0,54.7,60.2,134.0,97.5,108.24,US Embassy station (reference-grade),1
2018-04-09,83.4,171,Unhealthy,26.55,77.71,5.78,1010.12,4.5,431.25,2494.1,Pre-monsoon,1,4,0,0,67.3,54.7,60.2,97.8,105.92,US Embassy station (reference-grade),1
2018-04-10,65.7,158,Unhealthy,27.01,71.25,6.88,1008.58,6.4,506.46,3484.0,Pre-monsoon,1,4,1,0,83.4,67.3,54.7,89.04,101.68,US Embassy station (reference-grade),1
2018-04-11,92.1,177,Unhealthy,26.69,78.79,7.73,1007.72,7.3,512.08,3958.0,Pre-monsoon,1,4,2,0,65.7,83.4,67.3,79.63,98.42,US Embassy station (reference-grade),1
2018-04-12,49.6,136,Unhealthy for Sensitive Groups,28.05,67.62,7.51,1006.49,0.8,442.92,3325.6,Pre-monsoon,1,4,3,0,92.1,65.7,83.4,67.57,95.64,US Embassy station (reference-grade),1
2018-04-13,60.7,155,Unhealthy,27.81,68.5,9.34,1007.18,2.3,490.42,4581.3,Pre-monsoon,1,4,4,1,49.6,92.1,65.7,67.64,95.58,US Embassy station (reference-grade),1
2018-04-14,29.7,89,Moderate,27.19,78.29,10.09,1006.43,5.9,517.08,5218.2,Pre-monsoon,1,4,5,1,60.7,49.6,92.1,64.07,92.2,US Embassy station (reference-grade),1
2018-04-15,76.6,166,Unhealthy,28.7,70.58,7.64,1006.48,0.1,472.71,3610.3,Pre-monsoon,1,4,6,0,29.7,60.7,49.6,65.4,92.04,US Embassy station (reference-grade),1
2018-04-16,65.7,158,Unhealthy,28.64,69.21,5.34,1007.39,4.9,380.0,2029.8,Pre-monsoon,1,4,0,0,76.6,29.7,60.7,62.87,91.73,US Embassy station (reference-grade),1
2018-04-17,64.6,157,Unhealthy,27.91,75.08,8.5,1007.83,3.6,301.25,2559.4,Pre-monsoon,1,4,1,0,65.7,76.6,29.7,62.71,90.64,US Embassy station (reference-grade),1
2018-04-19,43.0,119,Unhealthy for Sensitive Groups,25.61,84.67,11.67,1005.02,8.5,410.21,4785.8,Pre-monsoon,1,4,3,0,64.6,65.7,76.6,55.7,87.27,US Embassy station (reference-grade),1
2018-04-20,67.7,160,Unhealthy,28.38,81.21,14.58,1004.55,5.8,639.58,9327.3,Pre-monsoon,1,4,4,1,43.0,64.6,65.7,58.29,86.06,US Embassy station (reference-grade),1
2018-04-21,66.6,159,Unhealthy,28.02,82.46,15.18,1004.41,16.0,696.88,10580.9,Pre-monsoon,1,4,5,1,67.7,43.0,64.6,59.13,82.35,US Embassy station (reference-grade),1
2018-04-22,53.8,146,Unhealthy for Sensitive Groups,27.88,84.08,13.25,1005.6,7.8,529.58,7019.2,Pre-monsoon,1,4,6,0,66.6,67.7,43.0,62.57,79.44,US Embassy station (reference-grade),1
2018-04-23,77.5,166,Unhealthy,28.58,78.75,8.5,1006.09,0.3,501.88,4263.8,Pre-monsoon,1,4,0,0,53.8,66.6,67.7,62.7,77.62,US Embassy station (reference-grade),1
2018-04-24,96.3,180,Unhealthy,29.21,77.83,5.65,1005.64,0.8,427.08,2414.8,Pre-monsoon,1,4,1,0,77.5,53.8,66.6,67.07,77.97,US Embassy station (reference-grade),1
2018-04-25,47.1,130,Unhealthy for Sensitive Groups,28.3,77.58,9.47,1005.2,7.2,481.67,4561.8,Pre-monsoon,1,4,2,0,96.3,77.5,53.8,64.57,75.27,US Embassy station (reference-grade),1
2018-04-26,49.0,134,Unhealthy for Sensitive Groups,27.47,73.17,7.27,1006.05,0.3,430.62,3129.2,Pre-monsoon,1,4,3,0,47.1,96.3,77.5,65.43,73.72,US Embassy station (reference-grade),1
2018-04-27,54.5,148,Unhealthy for Sensitive Groups,27.25,70.29,7.19,1008.05,0.0,430.0,3090.6,Pre-monsoon,1,4,4,1,49.0,47.1,96.3,63.54,72.62,US Embassy station (reference-grade),1
2018-04-28,74.0,164,Unhealthy,27.92,71.62,8.06,1007.08,0.5,436.04,3515.6,Pre-monsoon,1,4,5,1,54.5,49.0,47.1,64.6,71.91,US Embassy station (reference-grade),1
2018-04-29,37.0,105,Unhealthy for Sensitive Groups,25.54,84.67,11.59,1005.72,15.3,345.83,4008.8,Pre-monsoon,1,4,6,0,74.0,54.5,49.0,62.2,70.81,US Embassy station (reference-grade),1
2018-04-30,32.9,95,Moderate,23.67,91.0,13.96,1005.94,54.9,342.5,4780.7,Pre-monsoon,1,4,0,0,37.0,74.0,54.5,55.83,70.17,US Embassy station (reference-grade),1
2018-05-01,31.2,92,Moderate,25.4,81.04,8.46,1006.8,2.7,381.04,3224.6,Pre-monsoon,0,5,1,0,32.9,37.0,74.0,46.53,69.64,US Embassy station (reference-grade),1
2018-05-02,39.3,110,Unhealthy for Sensitive Groups,25.42,83.04,7.65,1007.43,11.1,385.21,2945.2,Pre-monsoon,0,5,2,0,31.2,32.9,37.0,45.41,68.02,US Embassy station (reference-grade),1
2018-05-03,50.0,137,Unhealthy for Sensitive Groups,26.11,80.75,6.81,1008.32,4.5,386.25,2629.7,Pre-monsoon,0,5,3,0,39.3,31.2,32.9,45.56,66.97,US Embassy station (reference-grade),1
2018-05-04,57.2,152,Unhealthy,25.45,87.04,9.22,1007.18,23.4,390.0,3594.5,Pre-monsoon,0,5,4,1,50.0,39.3,31.2,45.94,64.65,US Embassy station (reference-grade),1
2018-05-05,42.3,118,Unhealthy for Sensitive Groups,25.13,90.0,7.03,1006.62,40.1,278.33,1956.5,Pre-monsoon,0,5,5,1,57.2,50.0,39.3,41.41,60.79,US Embassy station (reference-grade),1
2018-05-06,35.3,100,Moderate,28.38,81.67,15.09,1005.69,6.3,590.21,8904.8,Pre-monsoon,0,5,6,0,42.3,57.2,50.0,41.17,57.5,US Embassy station (reference-grade),1
2018-05-07,38.4,108,Unhealthy for Sensitive Groups,28.76,81.12,16.5,1003.89,8.0,627.71,10354.6,Pre-monsoon,0,5,0,0,35.3,42.3,57.2,41.96,56.77,US Embassy station (reference-grade),1
2018-05-08,35.1,99,Moderate,28.86,83.96,16.83,1003.0,8.4,706.88,11899.1,Pre-monsoon,0,5,1,0,38.4,35.3,42.3,42.51,56.12,US Embassy station (reference-grade),1
2018-05-09,40.0,112,Unhealthy for Sensitive Groups,27.93,85.38,15.22,1004.82,20.5,633.54,9645.7,Pre-monsoon,0,5,2,0,35.1,38.4,35.3,42.61,55.21,US Embassy station (reference-grade),1
2018-05-10,24.2,79,Moderate,27.12,84.92,11.64,1007.46,11.8,491.04,5714.5,Pre-monsoon,0,5,3,0,40.0,35.1,38.4,38.93,53.24,US Embassy station (reference-grade),1
2018-05-11,27.2,85,Moderate,24.51,87.21,10.46,1006.31,40.9,308.54,3228.1,Pre-monsoon,0,5,4,1,24.2,40.0,35.1,34.64,51.95,US Embassy station (reference-grade),1
2018-05-12,50.6,138,Unhealthy for Sensitive Groups,26.48,78.25,6.02,1006.57,0.0,377.29,2270.0,Pre-monsoon,0,5,5,1,27.2,24.2,40.0,35.83,50.57,US Embassy station (reference-grade),1
2018-05-13,71.7,162,Unhealthy,25.5,85.38,9.16,1006.55,7.0,389.17,3565.7,Pre-monsoon,0,5,6,0,50.6,27.2,24.2,41.03,51.31,US Embassy station (reference-grade),1
2018-05-14,53.3,145,Unhealthy for Sensitive Groups,26.35,83.88,8.12,1006.7,13.5,454.38,3691.8,Pre-monsoon,0,5,0,0,71.7,50.6,27.2,43.16,51.06,US Embassy station (reference-grade),1
2018-05-15,64.7,157,Unhealthy,27.15,81.42,7.41,1005.05,2.9,457.5,3389.3,Pre-monsoon,0,5,1,0,53.3,71.7,50.6,47.39,52.23,US Embassy station (reference-grade),1
2018-05-16,54.9,149,Unhealthy for Sensitive Groups,25.69,85.46,10.29,1004.6,15.7,389.79,4011.6,Pre-monsoon,0,5,2,0,64.7,53.3,71.7,49.51,51.5,US Embassy station (reference-grade),1
2018-05-17,51.9,141,Unhealthy for Sensitive Groups,25.85,84.38,8.57,1004.1,35.1,334.79,2868.0,Pre-monsoon,0,5,3,0,54.9,64.7,53.3,53.47,51.04,US Embassy station (reference-grade),1
2018-05-19,32.9,95,Moderate,25.6,88.5,7.67,1003.52,5.7,396.46,3041.2,Pre-monsoon,0,5,5,1,51.9,54.9,64.7,54.29,49.99,US Embassy station (reference-grade),1
2018-05-20,43.0,119,Unhealthy for Sensitive Groups,25.78,87.96,8.17,1004.26,11.3,333.75,2728.4,Pre-monsoon,0,5,6,0,32.9,51.9,54.9,53.2,49.99,US Embassy station (reference-grade),1
2018-05-21,49.5,135,Unhealthy for Sensitive Groups,25.68,90.62,7.58,1004.25,60.1,327.5,2482.2,Pre-monsoon,0,5,0,0,43.0,32.9,51.9,50.03,49.38,US Embassy station (reference-grade),1
2018-05-22,60.1,154,Unhealthy,26.46,88.88,8.96,1004.83,23.9,391.04,3503.1,Pre-monsoon,0,5,1,0,49.5,43.0,32.9,51.0,49.16,US Embassy station (reference-grade),1
2018-05-23,38.3,108,Unhealthy for Sensitive Groups,26.97,89.04,10.6,1004.75,14.4,445.42,4721.4,Pre-monsoon,0,5,2,0,60.1,49.5,43.0,47.23,48.65,US Embassy station (reference-grade),1
2018-05-24,42.6,118,Unhealthy for Sensitive Groups,27.17,87.12,13.98,1003.56,7.9,477.5,6677.0,Pre-monsoon,0,5,3,0,38.3,60.1,49.5,45.47,47.48,US Embassy station (reference-grade),1
2018-05-25,23.9,79,Moderate,28.19,83.75,14.82,1002.75,4.6,625.42,9269.2,Pre-monsoon,0,5,4,1,42.6,38.3,60.1,41.47,45.07,US Embassy station (reference-grade),1
2018-05-26,28.3,87,Moderate,29.28,79.75,15.06,1002.9,5.3,678.54,10220.5,Pre-monsoon,0,5,5,1,23.9,42.6,38.3,40.81,44.44,US Embassy station (reference-grade),1
2018-05-27,22.6,76,Moderate,29.73,78.29,11.53,1003.08,0.0,605.62,6982.4,Pre-monsoon,0,5,6,0,28.3,23.9,42.6,37.9,43.56,US Embassy station (reference-grade),1
2018-05-28,50.7,138,Unhealthy for Sensitive Groups,29.2,76.75,8.06,1001.05,0.1,506.88,4086.7,Pre-monsoon,0,5,0,0,22.6,28.3,23.9,38.07,43.44,US Embassy station (reference-grade),1
2018-05-29,29.5,89,Moderate,28.95,76.88,6.17,1000.31,0.6,475.62,2933.0,Pre-monsoon,0,5,1,0,50.7,22.6,28.3,33.7,41.95,US Embassy station (reference-grade),1
2018-05-30,61.9,155,Unhealthy,28.95,73.92,7.13,1000.55,0.2,474.38,3381.9,Pre-monsoon,0,5,2,0,29.5,50.7,22.6,37.07,42.78,US Embassy station (reference-grade),1
2018-05-31,43.1,120,Unhealthy for Sensitive Groups,27.96,88.25,12.53,1003.57,16.0,456.67,5721.7,Pre-monsoon,0,5,3,0,61.9,29.5,50.7,37.14,43.12,US Embassy station (reference-grade),1
2018-06-01,33.6,97,Moderate,27.19,88.33,6.94,1005.26,15.3,414.58,2876.2,Monsoon,0,6,4,1,43.1,61.9,29.5,38.53,43.2,US Embassy station (reference-grade),1
2018-06-02,43.8,121,Unhealthy for Sensitive Groups,27.56,87.67,7.81,1004.2,8.8,407.92,3185.1,Monsoon,0,6,5,1,33.6,43.1,61.9,40.74,43.35,US Embassy station (reference-grade),1
2018-06-03,57.5,152,Unhealthy,27.9,84.83,7.54,1001.92,3.9,450.0,3393.8,Monsoon,0,6,6,0,43.8,33.6,43.1,45.73,43.6,US Embassy station (reference-grade),1
2018-06-04,56.1,151,Unhealthy,28.81,83.79,7.14,1001.74,1.8,452.08,3226.7,Monsoon,0,6,0,0,57.5,43.8,33.6,46.5,43.57,US Embassy station (reference-grade),1
2018-06-05,39.7,111,Unhealthy for Sensitive Groups,28.6,84.25,7.26,1003.39,6.7,409.58,2972.9,Monsoon,0,6,1,0,56.1,57.5,43.8,47.96,43.48,US Embassy station (reference-grade),1
2018-06-06,34.8,99,Moderate,29.32,83.58,5.32,1003.4,6.6,448.33,2383.6,Monsoon,0,6,2,0,39.7,56.1,57.5,44.09,43.46,US Embassy station (reference-grade),1
2018-06-07,33.4,96,Moderate,29.72,82.25,7.21,1000.69,4.8,486.46,3508.6,Monsoon,0,6,3,0,34.8,39.7,56.1,42.7,43.3,US Embassy station (reference-grade),1
2018-06-08,24.4,80,Moderate,28.99,85.42,7.08,997.9,7.6,403.54,2856.7,Monsoon,0,6,4,1,33.4,34.8,39.7,41.39,42.94,US Embassy station (reference-grade),1
2018-06-09,40.0,112,Unhealthy for Sensitive Groups,29.35,86.33,5.88,994.16,14.3,349.79,2055.0,Monsoon,0,6,5,1,24.4,33.4,34.8,40.84,42.94,US Embassy station (reference-grade),1
2018-06-10,19.2,70,Moderate,28.4,85.79,7.22,992.22,12.6,400.42,2891.3,Monsoon,0,6,6,0,40.0,24.4,33.4,35.37,42.77,US Embassy station (reference-grade),1
2018-06-11,20.7,73,Moderate,28.43,83.88,7.73,991.45,7.6,456.67,3529.7,Monsoon,0,6,0,0,19.2,40.0,24.4,30.31,42.56,US Embassy station (reference-grade),1
2018-06-12,32.0,94,Moderate,28.37,88.29,10.78,991.52,11.3,466.25,5023.8,Monsoon,0,6,1,0,20.7,19.2,40.0,29.21,41.94,US Embassy station (reference-grade),1
2018-06-13,31.2,92,Moderate,28.39,87.67,12.34,993.05,1.6,462.08,5701.0,Monsoon,0,6,2,0,32.0,20.7,19.2,28.7,40.59,US Embassy station (reference-grade),1
2018-06-14,52.3,142,Unhealthy for Sensitive Groups,29.75,82.92,14.59,994.77,4.1,462.08,6740.6,Monsoon,0,6,3,0,31.2,32.0,20.7,31.4,40.55,US Embassy station (reference-grade),1
2018-06-15,49.8,136,Unhealthy for Sensitive Groups,29.84,85.25,17.0,996.77,1.1,503.96,8565.2,Monsoon,0,6,4,1,52.3,31.2,32.0,35.03,40.06,US Embassy station (reference-grade),1
2018-06-16,23.6,78,Moderate,29.87,84.54,15.12,998.59,8.7,570.0,8616.5,Monsoon,0,6,5,1,49.8,52.3,31.2,32.69,39.01,US Embassy station (reference-grade),1
2018-06-18,36.3,103,Unhealthy for Sensitive Groups,30.76,82.0,15.33,997.56,0.2,670.83,10283.3,Monsoon,0,6,0,0,23.6,49.8,52.3,35.13,38.49,US Embassy station (reference-grade),1
2018-06-19,37.3,105,Unhealthy for Sensitive Groups,29.81,84.46,12.43,998.76,2.8,421.88,5245.3,Monsoon,0,6,1,0,36.3,23.6,49.8,37.5,38.64,US Embassy station (reference-grade),1
2018-06-20,41.0,115,Unhealthy for Sensitive Groups,29.72,83.46,10.0,1000.57,4.2,520.0,5200.0,Monsoon,0,6,2,0,37.3,36.3,23.6,38.79,38.57,US Embassy station (reference-grade),1
2018-06-21,49.8,136,Unhealthy for Sensitive Groups,29.55,83.0,11.88,1001.29,7.1,556.88,6612.9,Monsoon,0,6,3,0,41.0,37.3,36.3,41.44,38.58,US Embassy station (reference-grade),1
2018-06-22,27.9,86,Moderate,29.15,83.0,13.55,1001.13,1.6,579.17,7847.7,Monsoon,0,6,4,1,49.8,41.0,37.3,37.96,37.51,US Embassy station (reference-grade),1
2018-06-23,36.5,103,Unhealthy for Sensitive Groups,27.95,88.67,12.63,1000.44,15.2,500.42,6321.9,Monsoon,0,6,5,1,27.9,49.8,41.0,36.06,37.45,US Embassy station (reference-grade),1
2018-06-24,32.0,94,Moderate,27.29,89.67,12.32,999.18,18.6,443.75,5467.4,Monsoon,0,6,6,0,36.5,27.9,49.8,37.26,37.1,US Embassy station (reference-grade),1
2018-06-25,35.2,100,Moderate,26.75,90.75,11.3,998.12,28.5,328.75,3713.5,Monsoon,0,6,0,0,32.0,36.5,27.9,37.1,37.47,US Embassy station (reference-grade),1
2018-06-26,31.3,92,Moderate,27.89,86.58,10.25,997.96,16.5,603.75,6191.0,Monsoon,0,6,1,0,35.2,32.0,36.5,36.24,37.57,US Embassy station (reference-grade),1
2018-06-27,15.2,62,Moderate,27.88,84.5,18.89,999.82,5.1,807.71,15255.6,Monsoon,0,6,2,0,31.3,35.2,32.0,32.56,37.33,US Embassy station (reference-grade),1
2018-06-28,25.9,82,Moderate,28.06,83.67,16.79,1003.03,4.7,725.62,12184.5,Monsoon,0,6,3,0,15.2,31.3,35.2,29.14,36.5,US Embassy station (reference-grade),1
2018-06-29,36.8,104,Unhealthy for Sensitive Groups,28.13,83.96,15.05,1002.48,1.5,616.25,9274.6,Monsoon,0,6,4,1,25.9,15.2,31.3,30.41,36.74,US Embassy station (reference-grade),1
2018-06-30,32.0,94,Moderate,28.31,84.96,14.35,1001.43,8.7,617.5,8863.7,Monsoon,0,6,5,1,36.8,25.9,15.2,29.77,35.75,US Embassy station (reference-grade),1
2018-07-01,29.3,89,Moderate,28.55,84.58,16.2,1001.15,8.6,661.88,10725.1,Monsoon,0,7,6,0,32.0,36.8,25.9,29.39,35.29,US Embassy station (reference-grade),1
2018-07-02,25.6,82,Moderate,28.61,85.33,16.88,1000.0,8.6,649.79,10970.6,Monsoon,0,7,0,0,29.3,32.0,36.8,28.01,35.02,US Embassy station (reference-grade),1
2018-07-03,23.5,78,Moderate,26.98,93.04,15.08,998.94,34.4,473.54,7138.6,Monsoon,0,7,1,0,25.6,29.3,32.0,26.9,34.34,US Embassy station (reference-grade),1
2018-07-04,27.8,86,Moderate,27.09,92.42,15.05,998.62,24.4,480.21,7229.1,Monsoon,0,7,2,0,23.5,25.6,29.3,28.7,33.35,US Embassy station (reference-grade),1
2018-07-05,46.4,128,Unhealthy for Sensitive Groups,27.89,89.04,10.78,998.6,8.5,380.42,4099.0,Monsoon,0,7,3,0,27.8,23.5,25.6,31.63,33.03,US Embassy station (reference-grade),1
2018-07-06,45.0,124,Unhealthy for Sensitive Groups,28.82,84.0,9.12,998.02,0.6,526.46,4801.7,Monsoon,0,7,4,1,46.4,27.8,23.5,32.8,33.21,US Embassy station (reference-grade),1
2018-07-07,32.5,95,Moderate,29.1,80.88,12.69,997.96,1.2,585.62,7432.6,Monsoon,0,7,5,1,45.0,46.4,27.8,32.87,33.13,US Embassy station (reference-grade),1
2018-07-08,19.9,71,Moderate,28.55,84.0,17.45,998.14,2.3,703.54,12276.8,Monsoon,0,7,6,0,32.5,45.0,46.4,31.53,32.68,US Embassy station (reference-grade),1
2018-07-09,25.5,82,Moderate,28.4,83.88,17.9,999.09,2.4,685.83,12279.3,Monsoon,0,7,0,0,19.9,32.5,45.0,31.51,32.72,US Embassy station (reference-grade),1
2018-07-10,29.1,88,Moderate,28.14,86.29,15.28,999.24,9.2,628.96,9610.0,Monsoon,0,7,1,0,25.5,19.9,32.5,32.31,32.35,US Embassy station (reference-grade),1
2018-07-11,34.5,98,Moderate,28.88,83.5,14.5,998.02,2.0,659.17,9555.2,Monsoon,0,7,2,0,29.1,25.5,19.9,33.27,32.86,US Embassy station (reference-grade),1
2018-07-12,20.9,73,Moderate,28.81,84.17,13.52,997.14,5.1,625.42,8456.2,Monsoon,0,7,3,0,34.5,29.1,25.5,29.63,32.87,US Embassy station (reference-grade),1
2018-07-13,28.8,88,Moderate,29.05,82.33,12.62,997.24,3.4,660.62,8340.4,Monsoon,0,7,4,1,20.9,34.5,29.1,27.31,32.76,US Embassy station (reference-grade),1
2018-07-14,21.1,73,Moderate,29.72,77.5,12.62,996.59,2.0,656.46,8282.3,Monsoon,0,7,5,1,28.8,20.9,34.5,25.69,32.43,US Embassy station (reference-grade),1
2018-07-15,15.4,63,Moderate,29.33,79.42,16.92,996.36,2.7,842.29,14248.8,Monsoon,0,7,6,0,21.1,28.8,20.9,25.04,31.2,US Embassy station (reference-grade),1
2018-07-16,14.0,60,Moderate,28.52,82.21,21.55,997.18,3.7,839.17,18087.5,Monsoon,0,7,0,0,15.4,21.1,28.8,23.4,30.0,US Embassy station (reference-grade),1
2018-07-18,24.9,80,Moderate,29.38,82.12,11.9,997.85,2.8,581.25,6919.3,Monsoon,0,7,2,0,14.0,15.4,21.1,22.8,30.05,US Embassy station (reference-grade),1
2018-07-19,37.6,106,Unhealthy for Sensitive Groups,31.21,78.42,5.02,995.84,0.1,428.33,2150.6,Monsoon,0,7,3,0,24.9,14.0,15.4,23.24,30.09,US Embassy station (reference-grade),1
2018-07-20,49.2,135,Unhealthy for Sensitive Groups,30.28,81.54,13.07,995.47,3.7,587.08,7671.2,Monsoon,0,7,4,1,37.6,24.9,14.0,27.29,30.49,US Embassy station (reference-grade),1
2018-07-21,10.9,54,Moderate,28.28,84.25,22.27,997.31,12.1,867.92,19329.2,Monsoon,0,7,5,1,49.2,37.6,24.9,24.73,29.48,US Embassy station (reference-grade),1
2018-07-22,16.0,64,Moderate,27.93,86.25,21.06,998.12,10.7,797.5,16797.3,Monsoon,0,7,6,0,10.9,49.2,37.6,24.0,28.36,US Embassy station (reference-grade),1
2018-07-23,34.4,98,Moderate,27.7,88.42,15.68,999.38,16.3,507.29,7951.8,Monsoon,0,7,0,0,16.0,10.9,49.2,26.71,28.57,US Embassy station (reference-grade),1
2018-07-24,34.7,99,Moderate,27.16,91.67,12.02,1000.21,13.9,391.67,4709.8,Monsoon,0,7,1,0,34.4,16.0,10.9,29.67,28.51,US Embassy station (reference-grade),1
2018-07-25,129.0,204,Very Unhealthy,27.37,90.0,11.66,999.87,14.6,357.71,4171.8,Monsoon,0,7,2,0,34.7,34.4,16.0,44.54,31.75,US Embassy station (reference-grade),1
2018-07-26,67.8,160,Unhealthy,26.38,91.5,13.64,999.7,15.5,417.08,5689.7,Monsoon,0,7,3,0,129.0,34.7,34.4,48.86,32.83,US Embassy station (reference-grade),1
2018-07-27,76.8,166,Unhealthy,26.7,90.62,11.71,998.6,19.1,378.75,4436.1,Monsoon,0,7,4,1,67.8,129.0,34.7,52.8,34.35,US Embassy station (reference-grade),1
2018-07-28,143.0,218,Very Unhealthy,27.35,90.25,11.3,999.03,20.9,427.5,4832.5,Monsoon,0,7,5,1,76.8,67.8,129.0,71.67,38.61,US Embassy station (reference-grade),1
2018-07-29,50.2,137,Unhealthy for Sensitive Groups,27.83,88.5,12.72,998.74,16.5,481.25,6121.9,Monsoon,0,7,6,0,143.0,76.8,67.8,76.56,39.42,US Embassy station (reference-grade),1
2018-07-30,167.0,242,Very Unhealthy,27.59,89.17,12.0,998.2,12.8,507.08,6085.0,Monsoon,0,7,0,0,50.2,143.0,76.8,95.5,43.76,US Embassy station (reference-grade),1
2018-07-31,78.2,167,Unhealthy,27.99,86.46,12.67,997.32,5.8,581.46,7365.1,Monsoon,0,7,1,0,167.0,50.2,143.0,101.71,45.3,US Embassy station (reference-grade),1
2018-08-01,107.0,187,Unhealthy,27.41,87.0,8.8,997.21,9.6,483.12,4249.5,Monsoon,0,8,2,0,78.2,167.0,50.2,98.57,47.89,US Embassy station (reference-grade),1
2018-08-02,41.3,115,Unhealthy for Sensitive Groups,27.35,88.62,14.05,999.5,57.5,517.5,7270.9,Monsoon,0,8,3,0,107.0,78.2,167.0,94.79,48.41,US Embassy station (reference-grade),1
2018-08-03,86.1,172,Unhealthy,27.19,89.0,13.49,999.54,9.3,473.54,6388.9,Monsoon,0,8,4,1,41.3,107.0,78.2,96.11,50.5,US Embassy station (reference-grade),1
2018-08-04,48.0,132,Unhealthy for Sensitive Groups,27.83,86.88,9.81,998.68,11.7,449.58,4409.7,Monsoon,0,8,5,1,86.1,41.3,107.0,82.54,51.17,US Embassy station (reference-grade),1
2018-08-05,187.0,262,Very Unhealthy,28.45,84.46,7.24,998.55,13.6,306.67,2220.8,Monsoon,0,8,6,0,48.0,86.1,41.3,102.09,55.86,US Embassy station (reference-grade),1
2018-08-06,84.3,171,Unhealthy,28.15,85.58,8.73,997.44,5.5,379.38,3313.2,Monsoon,0,8,0,0,187.0,48.0,86.1,90.27,57.17,US Embassy station (reference-grade),1
2018-08-07,28.3,87,Moderate,28.39,81.38,16.62,998.64,3.0,786.25,13068.1,Monsoon,0,8,1,0,84.3,187.0,48.0,83.14,57.03,US Embassy station (reference-grade),1
2018-08-08,80.7,169,Unhealthy,28.5,81.62,15.03,1000.62,2.5,745.0,11199.8,Monsoon,0,8,2,0,28.3,84.3,187.0,79.39,59.06,US Embassy station (reference-grade),1
2018-08-09,131.0,206,Very Unhealthy,28.8,80.42,11.1,1002.16,1.1,434.79,4828.0,Monsoon,0,8,3,0,80.7,28.3,84.3,92.2,62.57,US Embassy station (reference-grade),1
2018-08-10,51.6,141,Unhealthy for Sensitive Groups,28.95,83.12,9.9,1000.9,1.9,507.29,5022.2,Monsoon,0,8,4,1,131.0,80.7,28.3,87.27,63.32,US Embassy station (reference-grade),1
2018-08-11,33.9,97,Moderate,29.27,81.96,12.8,998.52,2.7,460.62,5894.1,Monsoon,0,8,5,1,51.6,131.0,80.7,85.26,63.3,US Embassy station (reference-grade),1
2018-08-12,34.8,99,Moderate,28.59,84.79,12.85,996.94,5.2,492.71,6331.3,Monsoon,0,8,6,0,33.9,51.6,131.0,63.51,63.77,US Embassy station (reference-grade),1
2018-08-13,175.0,250,Very Unhealthy,29.0,82.79,9.74,996.97,5.9,511.04,4976.3,Monsoon,0,8,0,0,34.8,33.9,51.6,76.47,68.64,US Embassy station (reference-grade),1
2018-08-14,116.0,193,Unhealthy,29.42,80.33,10.91,996.7,4.3,502.08,5479.0,Monsoon,0,8,1,0,175.0,34.8,33.9,89.0,71.8,US Embassy station (reference-grade),1
2018-08-15,12.8,58,Moderate,29.39,79.29,16.7,999.47,5.0,732.08,12225.8,Monsoon,0,8,2,0,116.0,175.0,34.8,79.3,71.72,US Embassy station (reference-grade),1
2018-08-20,985.0,500,Hazardous,28.85,81.92,16.46,999.62,5.0,776.67,12782.6,Monsoon,0,8,0,0,12.8,116.0,175.0,201.3,104.08,US Embassy station (reference-grade),1
2018-08-21,985.0,500,Hazardous,27.98,86.38,14.61,1000.08,3.7,612.29,8947.1,Monsoon,0,8,1,0,985.0,12.8,116.0,334.64,136.09,US Embassy station (reference-grade),1
2018-09-14,985.0,500,Hazardous,28.22,87.67,5.7,1004.81,14.6,251.67,1434.5,Monsoon,0,9,4,1,985.0,985.0,12.8,470.51,167.67,US Embassy station (reference-grade),1
2018-09-19,985.0,500,Hazardous,30.55,76.62,6.85,1001.83,4.8,384.58,2636.0,Monsoon,0,9,2,0,985.0,985.0,985.0,606.26,198.86,US Embassy station (reference-grade),1
2018-09-20,985.0,500,Hazardous,28.34,84.08,12.0,1004.7,16.6,501.88,6024.6,Monsoon,0,9,3,0,985.0,985.0,985.0,721.97,231.33,US Embassy station (reference-grade),1
2018-11-01,39.8,112,Unhealthy for Sensitive Groups,26.02,72.67,3.88,1011.69,0.0,304.58,1181.5,Post-monsoon,1,11,3,0,985.0,985.0,985.0,711.09,232.12,US Embassy station (reference-grade),1
2018-11-02,107.0,187,Unhealthy,25.99,77.83,2.74,1011.53,0.3,342.71,938.2,Post-monsoon,1,11,4,1,39.8,985.0,985.0,724.54,234.54,US Embassy station (reference-grade),1
2018-11-03,83.0,170,Unhealthy,25.04,86.58,4.98,1012.01,0.6,326.88,1627.6,Post-monsoon,1,11,5,1,107.0,39.8,985.0,595.69,236.15,US Embassy station (reference-grade),1
2018-11-04,86.2,173,Unhealthy,25.52,84.54,6.8,1011.51,0.8,392.92,2671.8,Post-monsoon,1,11,6,0,83.0,107.0,39.8,467.29,234.73,US Embassy station (reference-grade),1
2018-11-05,65.6,158,Unhealthy,25.77,83.92,7.02,1010.67,0.4,406.67,2853.4,Post-monsoon,1,11,0,0,86.2,83.0,107.0,335.94,234.65,US Embassy station (reference-grade),1
2018-11-06,91.8,176,Unhealthy,24.92,87.75,6.64,1010.78,2.3,399.58,2653.9,Post-monsoon,1,11,1,0,65.6,86.2,83.0,208.34,235.15,US Embassy station (reference-grade),1
2018-11-07,126.0,201,Very Unhealthy,24.26,80.17,6.36,1012.93,0.1,324.17,2061.2,Post-monsoon,1,11,2,0,91.8,65.6,86.2,85.63,234.59,US Embassy station (reference-grade),1
2018-11-08,109.0,189,Unhealthy,23.41,70.96,7.3,1011.9,0.0,473.75,3460.3,Post-monsoon,1,11,3,0,126.0,91.8,65.6,95.51,236.55,US Embassy station (reference-grade),1
2018-11-09,147.0,222,Very Unhealthy,22.31,68.21,6.52,1010.59,0.0,479.58,3129.3,Post-monsoon,1,11,4,1,109.0,126.0,91.8,101.23,235.88,US Embassy station (reference-grade),1
2018-11-10,235.0,320,Hazardous,22.95,62.67,4.34,1011.13,0.0,484.58,2103.9,Post-monsoon,1,11,5,1,147.0,109.0,126.0,122.94,241.11,US Embassy station (reference-grade),1
2018-11-11,161.0,236,Very Unhealthy,23.4,63.83,6.02,1011.73,0.0,371.67,2239.3,Post-monsoon,1,11,6,0,235.0,147.0,109.0,133.63,242.91,US Embassy station (reference-grade),1
2018-11-12,152.0,227,Very Unhealthy,23.41,70.33,5.5,1010.7,0.0,370.21,2034.6,Post-monsoon,1,11,0,0,161.0,235.0,147.0,145.97,246.6,US Embassy station (reference-grade),1
2018-11-13,115.0,193,Unhealthy,23.55,69.46,5.39,1009.14,0.0,358.12,1930.9,Post-monsoon,1,11,1,0,152.0,161.0,235.0,149.29,247.56,US Embassy station (reference-grade),1
2018-11-15,239.0,328,Hazardous,23.52,77.83,6.87,1011.04,0.0,363.33,2496.4,Post-monsoon,1,11,3,0,115.0,152.0,161.0,165.43,253.93,US Embassy station (reference-grade),1
2018-11-16,177.0,252,Very Unhealthy,24.57,75.12,7.58,1010.58,0.0,420.62,3186.2,Post-monsoon,1,11,4,1,239.0,115.0,152.0,175.14,253.59,US Embassy station (reference-grade),1
2018-11-17,142.0,217,Very Unhealthy,24.62,78.29,8.29,1009.94,0.0,414.58,3437.6,Post-monsoon,1,11,5,1,177.0,239.0,115.0,174.43,255.52,US Embassy station (reference-grade),1
2018-11-18,146.0,221,Very Unhealthy,22.98,66.58,7.52,1012.49,0.0,367.5,2763.9,Post-monsoon,1,11,6,0,142.0,177.0,239.0,161.71,259.44,US Embassy station (reference-grade),1
2018-11-19,137.0,212,Very Unhealthy,21.51,66.17,7.13,1013.91,0.0,419.38,2991.5,Post-monsoon,1,11,0,0,146.0,142.0,177.0,158.29,261.32,US Embassy station (reference-grade),1
2018-11-20,187.0,262,Very Unhealthy,22.33,67.71,4.46,1013.63,0.0,362.5,1617.7,Post-monsoon,1,11,1,0,137.0,146.0,142.0,163.29,263.18,US Embassy station (reference-grade),1
2018-11-21,121.0,197,Unhealthy,21.63,71.5,7.2,1014.02,0.0,461.25,3319.1,Post-monsoon,1,11,2,0,187.0,137.0,146.0,164.14,265.5,US Embassy station (reference-grade),1
2018-11-22,128.0,203,Very Unhealthy,21.02,71.67,7.18,1013.81,0.0,377.71,2710.1,Post-monsoon,1,11,3,0,121.0,187.0,137.0,148.29,268.63,US Embassy station (reference-grade),1
2018-11-23,147.0,222,Very Unhealthy,21.86,70.38,5.13,1013.89,0.0,390.0,2002.0,Post-monsoon,1,11,4,1,128.0,121.0,187.0,144.0,272.37,US Embassy station (reference-grade),1
2018-11-24,125.0,200,Unhealthy,22.08,71.33,6.08,1013.82,0.0,411.67,2502.6,Post-monsoon,1,11,5,1,147.0,128.0,121.0,141.57,270.71,US Embassy station (reference-grade),1
2018-11-25,89.0,174,Unhealthy,21.68,72.04,6.38,1013.54,0.0,345.42,2203.5,Post-monsoon,1,11,6,0,125.0,147.0,128.0,133.43,269.81,US Embassy station (reference-grade),1
2018-11-26,136.0,211,Very Unhealthy,22.44,65.92,5.28,1013.1,0.0,315.21,1665.4,Post-monsoon,1,11,0,0,89.0,125.0,147.0,133.29,273.91,US Embassy station (reference-grade),1
2018-11-27,102.0,184,Unhealthy,22.1,70.46,7.13,1014.85,0.0,352.71,2514.5,Post-monsoon,1,11,1,0,136.0,89.0,125.0,121.14,244.48,US Embassy station (reference-grade),1
2018-11-28,80.8,169,Unhealthy,22.06,68.46,6.68,1015.12,0.0,361.46,2414.2,Post-monsoon,1,11,2,0,102.0,136.0,89.0,115.4,214.34,US Embassy station (reference-grade),1
2018-11-29,131.0,206,Very Unhealthy,21.79,66.08,5.09,1015.38,0.0,306.46,1560.4,Post-monsoon,1,11,3,0,80.8,102.0,136.0,115.83,185.87,US Embassy station (reference-grade),1
2018-11-30,101.0,183,Unhealthy,21.05,68.29,5.82,1015.06,0.0,375.42,2183.7,Post-monsoon,1,11,4,1,131.0,80.8,102.0,109.26,156.41,US Embassy station (reference-grade),1
2018-12-01,184.0,259,Very Unhealthy,21.88,62.75,6.32,1013.23,0.0,447.92,2831.2,Winter,1,12,5,1,101.0,131.0,80.8,117.69,129.71,US Embassy station (reference-grade),1
2018-12-02,117.0,194,Unhealthy,20.32,69.54,6.72,1011.77,0.0,487.08,3271.6,Winter,1,12,6,0,184.0,101.0,131.0,121.69,132.28,US Embassy station (reference-grade),1
2018-12-03,125.0,200,Unhealthy,20.13,68.54,7.98,1013.18,0.0,397.29,3170.1,Winter,1,12,0,0,117.0,184.0,101.0,120.11,132.88,US Embassy station (reference-grade),1
2018-12-04,158.0,233,Very Unhealthy,19.8,71.79,7.63,1013.68,0.0,379.17,2894.3,Winter,1,12,1,0,125.0,117.0,184.0,128.11,135.38,US Embassy station (reference-grade),1
2018-12-05,129.0,204,Very Unhealthy,19.67,73.08,7.62,1011.91,0.0,379.17,2891.1,Winter,1,12,2,0,158.0,125.0,117.0,135.0,136.81,US Embassy station (reference-grade),1
2018-12-06,178.0,253,Very Unhealthy,19.85,73.75,7.09,1010.93,0.0,371.25,2631.2,Winter,1,12,3,0,129.0,158.0,125.0,141.71,140.55,US Embassy station (reference-grade),1
2018-12-07,179.0,254,Very Unhealthy,19.45,69.71,6.71,1011.5,0.0,440.21,2953.1,Winter,1,12,4,1,178.0,129.0,158.0,152.86,143.46,US Embassy station (reference-grade),1
2018-12-08,206.0,281,Very Unhealthy,19.24,69.33,8.4,1012.93,0.0,442.29,3713.4,Winter,1,12,5,1,179.0,178.0,129.0,156.0,146.13,US Embassy station (reference-grade),1
2018-12-09,150.0,225,Very Unhealthy,19.01,75.96,7.76,1012.08,0.0,382.71,2969.2,Winter,1,12,6,0,206.0,179.0,178.0,160.71,147.49,US Embassy station (reference-grade),1
2018-12-10,156.0,231,Very Unhealthy,18.77,70.79,8.57,1012.05,0.0,341.88,2930.2,Winter,1,12,0,0,150.0,206.0,179.0,165.14,147.79,US Embassy station (reference-grade),1
2018-12-11,167.0,242,Very Unhealthy,19.0,68.33,6.57,1011.87,0.0,306.67,2013.8,Winter,1,12,1,0,156.0,150.0,206.0,166.43,145.53,US Embassy station (reference-grade),1
2018-12-12,220.0,295,Very Unhealthy,19.72,70.42,6.78,1013.37,0.0,285.83,1936.5,Winter,1,12,2,0,167.0,156.0,150.0,179.43,147.49,US Embassy station (reference-grade),1
2018-12-13,191.0,266,Very Unhealthy,19.94,71.38,6.81,1014.54,0.0,354.58,2414.1,Winter,1,12,3,0,220.0,167.0,156.0,181.29,148.79,US Embassy station (reference-grade),1
2018-12-17,147.0,222,Very Unhealthy,19.87,86.88,8.83,1015.48,11.3,188.12,1661.0,Winter,1,12,0,0,191.0,220.0,167.0,176.71,149.86,US Embassy station (reference-grade),1
2018-12-18,53.2,145,Unhealthy for Sensitive Groups,17.59,90.12,11.85,1013.36,24.3,356.67,4228.0,Winter,1,12,1,0,147.0,191.0,220.0,154.89,143.67,US Embassy station (reference-grade),1
2018-12-19,54.4,148,Unhealthy for Sensitive Groups,17.24,85.83,6.98,1014.74,0.0,314.17,2192.6,Winter,1,12,2,0,53.2,147.0,191.0,141.23,139.58,US Embassy station (reference-grade),1
2018-12-20,130.0,205,Very Unhealthy,17.52,80.79,7.98,1014.71,0.0,350.0,2794.2,Winter,1,12,3,0,54.4,53.2,147.0,137.51,139.18,US Embassy station (reference-grade),1
2018-12-21,130.0,205,Very Unhealthy,17.79,78.5,6.53,1013.55,0.0,386.67,2526.2,Winter,1,12,4,1,130.0,54.4,53.2,132.23,138.65,US Embassy station (reference-grade),1
2018-12-22,166.0,241,Very Unhealthy,17.94,75.88,8.36,1014.37,0.0,368.33,3078.7,Winter,1,12,5,1,130.0,130.0,54.4,124.51,139.61,US Embassy station (reference-grade),1
2018-12-23,181.0,256,Very Unhealthy,17.9,79.33,7.48,1013.71,0.0,302.5,2262.4,Winter,1,12,6,0,166.0,130.0,130.0,123.09,139.41,US Embassy station (reference-grade),1
2018-12-24,167.0,242,Very Unhealthy,17.8,80.58,7.06,1012.88,0.0,299.79,2117.3,Winter,1,12,0,0,181.0,166.0,130.0,125.94,140.95,US Embassy station (reference-grade),1
2018-12-25,194.0,269,Very Unhealthy,17.42,74.5,6.75,1012.58,0.0,344.79,2328.8,Winter,1,12,1,0,167.0,181.0,166.0,146.06,143.15,US Embassy station (reference-grade),1
2018-12-26,197.0,272,Very Unhealthy,16.78,69.29,7.61,1012.37,0.0,342.5,2607.3,Winter,1,12,2,0,194.0,167.0,181.0,166.43,144.81,US Embassy station (reference-grade),1
2018-12-27,179.0,254,Very Unhealthy,16.14,68.79,7.88,1011.92,0.0,357.92,2820.1,Winter,1,12,3,0,197.0,194.0,167.0,173.43,146.61,US Embassy station (reference-grade),1
2018-12-28,149.0,224,Very Unhealthy,15.6,61.38,8.32,1012.68,0.0,395.21,3288.5,Winter,1,12,4,1,179.0,197.0,194.0,176.14,148.61,US Embassy station (reference-grade),1
2018-12-29,144.0,219,Very Unhealthy,15.23,61.0,8.44,1015.58,0.0,357.5,3016.4,Winter,1,12,5,1,149.0,179.0,197.0,173.0,148.88,US Embassy station (reference-grade),1
2018-12-30,134.0,209,Very Unhealthy,16.75,71.29,9.68,1016.37,0.0,324.79,3143.7,Winter,1,12,6,0,144.0,149.0,179.0,166.29,149.95,US Embassy station (reference-grade),1
2018-12-31,128.0,203,Very Unhealthy,16.74,78.04,7.5,1016.39,0.0,236.04,1771.3,Winter,1,12,0,0,134.0,144.0,149.0,160.71,151.52,US Embassy station (reference-grade),1
2019-01-01,133.0,208,Very Unhealthy,17.22,75.42,7.07,1017.02,0.0,305.0,2156.6,Winter,1,1,1,0,128.0,134.0,144.0,152.0,151.59,US Embassy station (reference-grade),1
2019-01-02,151.0,226,Very Unhealthy,17.17,71.21,7.26,1016.84,0.0,332.29,2413.3,Winter,1,1,2,0,133.0,128.0,134.0,145.43,153.25,US Embassy station (reference-grade),1
2019-01-03,156.0,231,Very Unhealthy,16.52,73.67,7.21,1017.3,0.0,337.29,2432.7,Winter,1,1,3,0,151.0,133.0,128.0,142.14,152.32,US Embassy station (reference-grade),1
2019-01-04,258.0,366,Hazardous,16.04,70.08,7.85,1018.07,0.0,332.29,2608.5,Winter,1,1,4,1,156.0,151.0,133.0,157.71,157.02,US Embassy station (reference-grade),1
2019-01-05,183.0,258,Very Unhealthy,16.06,72.46,7.39,1016.47,0.0,291.88,2157.4,Winter,1,1,5,1,258.0,156.0,151.0,163.29,158.95,US Embassy station (reference-grade),1
2019-01-06,161.0,236,Very Unhealthy,17.32,71.12,7.05,1014.53,0.0,253.12,1784.5,Winter,1,1,6,0,183.0,258.0,156.0,167.14,159.05,US Embassy station (reference-grade),1
2019-01-07,183.0,258,Very Unhealthy,17.01,71.92,7.75,1012.65,0.0,237.5,1841.6,Winter,1,1,0,0,161.0,183.0,258.0,175.0,160.85,US Embassy station (reference-grade),1
2019-01-08,162.0,237,Very Unhealthy,17.1,72.17,8.85,1011.9,0.0,318.96,2824.1,Winter,1,1,1,0,183.0,161.0,183.0,179.14,160.32,US Embassy station (reference-grade),1
2019-01-09,161.0,236,Very Unhealthy,17.56,72.42,7.66,1013.53,0.0,372.08,2851.1,Winter,1,1,2,0,162.0,183.0,161.0,180.57,159.72,US Embassy station (reference-grade),1
2019-01-10,181.0,256,Very Unhealthy,16.62,71.54,8.17,1014.48,0.0,442.71,3615.5,Winter,1,1,3,0,161.0,162.0,183.0,184.14,158.89,US Embassy station (reference-grade),1
2019-01-11,199.0,274,Very Unhealthy,16.18,68.75,7.3,1014.92,0.0,331.67,2419.8,Winter,1,1,4,1,181.0,161.0,162.0,175.71,160.52,US Embassy station (reference-grade),1
2019-01-12,207.0,282,Very Unhealthy,16.8,72.29,7.84,1014.82,0.0,344.17,2698.8,Winter,1,1,5,1,199.0,181.0,161.0,179.14,162.22,US Embassy station (reference-grade),1
2019-01-14,160.0,235,Very Unhealthy,17.4,72.21,7.71,1013.17,0.0,344.17,2654.4,Winter,1,1,0,0,207.0,199.0,181.0,179.0,161.99,US Embassy station (reference-grade),1
2019-01-15,187.0,262,Very Unhealthy,17.42,69.12,8.28,1014.51,0.0,419.58,3472.1,Winter,1,1,1,0,160.0,207.0,199.0,179.57,160.89,US Embassy station (reference-grade),1
2019-01-16,140.0,215,Very Unhealthy,17.68,62.17,9.24,1014.95,0.0,350.0,3233.1,Winter,1,1,2,0,187.0,160.0,207.0,176.43,159.19,US Embassy station (reference-grade),1
2019-01-17,189.0,264,Very Unhealthy,18.08,67.54,5.9,1012.78,0.0,358.96,2116.4,Winter,1,1,3,0,140.0,187.0,160.0,180.43,160.59,US Embassy station (reference-grade),1
2019-01-18,257.0,364,Hazardous,18.14,68.96,5.13,1013.02,0.0,397.71,2041.6,Winter,1,1,4,1,189.0,140.0,187.0,191.29,167.38,US Embassy station (reference-grade),1
2019-01-19,260.0,370,Hazardous,18.12,70.83,6.88,1014.05,0.0,454.38,3125.7,Winter,1,1,5,1,257.0,189.0,140.0,200.0,174.23,US Embassy station (reference-grade),1
2019-01-20,267.0,384,Hazardous,18.46,67.62,8.09,1014.25,0.0,425.42,3442.3,Winter,1,1,6,0,260.0,257.0,189.0,208.57,178.8,US Embassy station (reference-grade),1
2019-01-21,212.0,287,Very Unhealthy,18.65,71.08,7.88,1014.24,0.0,386.46,3046.6,Winter,1,1,0,0,267.0,260.0,257.0,216.0,181.53,US Embassy station (reference-grade),1
2019-01-22,203.0,278,Very Unhealthy,18.94,67.83,6.65,1014.35,0.0,332.92,2215.3,Winter,1,1,1,0,212.0,267.0,260.0,218.29,182.77,US Embassy station (reference-grade),1
2019-01-23,249.0,348,Hazardous,19.8,63.79,5.41,1014.45,0.0,303.75,1642.8,Winter,1,1,2,0,203.0,212.0,267.0,233.86,185.03,US Embassy station (reference-grade),1
2019-01-24,225.0,300,Very Unhealthy,19.85,68.92,8.18,1014.82,0.0,356.25,2915.3,Winter,1,1,3,0,249.0,203.0,212.0,239.0,186.97,US Embassy station (reference-grade),1
2019-01-25,160.0,235,Very Unhealthy,20.78,67.25,8.54,1015.1,0.0,355.83,3039.4,Winter,1,1,4,1,225.0,249.0,203.0,225.14,185.83,US Embassy station (reference-grade),1
2019-01-26,174.0,249,Very Unhealthy,21.26,63.25,7.74,1014.97,0.0,334.38,2587.2,Winter,1,1,5,1,160.0,225.0,249.0,212.86,185.07,US Embassy station (reference-grade),1
2019-01-27,136.0,211,Very Unhealthy,22.54,55.54,10.02,1014.76,0.0,422.08,4231.4,Winter,1,1,6,0,174.0,160.0,225.0,194.14,183.63,US Embassy station (reference-grade),1
2019-01-28,126.0,201,Very Unhealthy,20.49,67.38,10.44,1015.01,0.0,368.33,3846.0,Winter,1,1,0,0,136.0,174.0,160.0,181.86,182.87,US Embassy station (reference-grade),1
2019-01-29,131.0,206,Very Unhealthy,19.08,60.58,12.18,1014.8,0.1,523.75,6376.7,Winter,1,1,1,0,126.0,136.0,174.0,171.57,182.43,US Embassy station (reference-grade),1
2019-01-30,131.0,206,Very Unhealthy,16.85,58.12,9.67,1016.76,0.0,454.38,4392.3,Winter,1,1,2,0,131.0,126.0,136.0,154.71,182.33,US Embassy station (reference-grade),1
2019-01-31,170.0,245,Very Unhealthy,18.47,60.33,6.3,1015.93,0.0,339.58,2140.8,Winter,1,1,3,0,131.0,131.0,126.0,146.86,183.73,US Embassy station (reference-grade),1
2019-02-01,245.0,340,Hazardous,18.78,68.21,6.73,1014.18,0.0,343.54,2313.2,Winter,1,2,4,1,170.0,131.0,131.0,159.0,187.47,US Embassy station (reference-grade),1
2019-02-02,214.0,289,Very Unhealthy,19.41,64.17,6.7,1013.06,0.0,380.0,2546.0,Winter,1,2,5,1,245.0,170.0,131.0,164.71,189.57,US Embassy station (reference-grade),1
2019-02-03,321.0,491,Hazardous,18.88,62.17,8.24,1015.15,0.0,426.25,3511.2,Winter,1,2,6,0,214.0,245.0,170.0,191.14,195.07,US Embassy station (reference-grade),1
2019-02-04,232.0,314,Hazardous,18.71,55.88,9.23,1016.62,0.0,409.17,3778.0,Winter,1,2,0,0,321.0,214.0,245.0,206.29,194.2,US Embassy station (reference-grade),1
2019-02-05,158.0,233,Very Unhealthy,18.09,59.79,8.13,1014.8,0.0,350.42,2850.1,Winter,1,2,1,0,232.0,321.0,214.0,210.14,193.37,US Embassy station (reference-grade),1
2019-02-06,217.0,292,Very Unhealthy,18.18,57.67,7.03,1012.4,0.0,380.62,2677.1,Winter,1,2,2,0,158.0,232.0,321.0,222.43,195.23,US Embassy station (reference-grade),1
2019-02-07,240.0,330,Hazardous,20.38,57.08,5.96,1013.28,0.0,302.5,1802.4,Winter,1,2,3,0,217.0,158.0,232.0,232.43,197.13,US Embassy station (reference-grade),1
2019-02-08,265.0,380,Hazardous,21.38,64.62,7.89,1013.15,0.0,356.67,2813.2,Winter,1,2,4,1,240.0,217.0,158.0,235.29,200.57,US Embassy station (reference-grade),1
2019-02-09,77.0,166,Unhealthy,21.78,66.29,10.63,1012.77,0.0,515.0,5474.0,Winter,1,2,5,1,265.0,240.0,217.0,215.71,197.77,US Embassy station (reference-grade),1
2019-02-10,205.0,280,Very Unhealthy,19.88,61.71,11.13,1016.29,0.0,536.46,5970.3,Winter,1,2,6,0,77.0,265.0,240.0,199.14,198.57,US Embassy station (reference-grade),1
2019-02-11,112.0,191,Unhealthy,18.33,62.04,9.82,1016.49,0.0,397.92,3906.2,Winter,1,2,0,0,205.0,77.0,265.0,182.0,195.67,US Embassy station (reference-grade),1
2019-02-13,125.0,200,Unhealthy,20.81,64.46,7.44,1016.36,0.0,371.04,2759.6,Winter,1,2,2,0,112.0,205.0,77.0,177.29,192.93,US Embassy station (reference-grade),1
2019-02-14,171.0,246,Very Unhealthy,20.96,66.5,7.4,1013.93,0.0,405.62,3003.3,Winter,1,2,3,0,125.0,112.0,205.0,170.71,193.3,US Embassy station (reference-grade),1
2019-02-15,390.0,500,Hazardous,21.93,63.58,7.05,1013.39,0.0,413.12,2910.8,Winter,1,2,4,1,171.0,125.0,112.0,192.14,200.07,US Embassy station (reference-grade),1
2019-02-16,265.0,380,Hazardous,20.47,69.88,8.88,1013.06,0.0,358.96,3188.7,Winter,1,2,5,1,390.0,171.0,125.0,192.14,204.23,US Embassy station (reference-grade),1
2019-02-17,155.0,230,Very Unhealthy,19.92,74.04,7.83,1010.07,0.4,415.62,3255.7,Winter,1,2,6,0,265.0,390.0,171.0,203.29,203.1,US Embassy station (reference-grade),1
2019-02-18,236.0,322,Hazardous,19.87,67.5,5.67,1010.27,0.0,446.67,2531.1,Winter,1,2,0,0,155.0,265.0,390.0,207.71,202.4,US Embassy station (reference-grade),1
2019-02-19,211.0,286,Very Unhealthy,21.47,68.75,7.12,1012.05,0.0,517.08,3684.2,Winter,1,2,1,0,236.0,155.0,265.0,221.86,200.77,US Embassy station (reference-grade),1
2019-02-20,127.0,202,Very Unhealthy,23.18,73.67,7.79,1014.38,0.1,522.08,4065.7,Winter,1,2,2,0,211.0,236.0,155.0,222.14,196.1,US Embassy station (reference-grade),1
2019-02-21,203.0,278,Very Unhealthy,23.75,70.54,5.07,1015.02,0.0,520.0,2636.8,Winter,1,2,3,0,127.0,211.0,236.0,226.71,195.8,US Embassy station (reference-grade),1
2019-02-22,186.0,261,Very Unhealthy,23.94,64.96,5.7,1011.32,0.0,490.42,2793.3,Winter,1,2,4,1,203.0,127.0,211.0,197.57,195.23,US Embassy station (reference-grade),1
2019-02-23,147.0,222,Very Unhealthy,25.23,70.67,7.42,1008.63,0.0,579.38,4297.0,Winter,1,2,5,1,186.0,203.0,127.0,180.71,191.83,US Embassy station (reference-grade),1
2019-02-24,130.0,205,Very Unhealthy,24.39,54.83,6.85,1009.17,0.0,384.58,2634.4,Winter,1,2,6,0,147.0,186.0,203.0,177.14,188.67,US Embassy station (reference-grade),1
2019-02-25,110.0,189,Unhealthy,20.37,70.79,10.35,1010.39,11.4,315.83,3270.2,Winter,1,2,0,0,130.0,147.0,186.0,159.14,187.0,US Embassy station (reference-grade),1
2019-02-26,85.2,172,Unhealthy,21.68,79.79,8.36,1010.38,6.2,317.92,2657.3,Winter,1,2,1,0,110.0,130.0,147.0,141.17,184.04,US Embassy station (reference-grade),1
2019-02-27,47.6,131,Unhealthy for Sensitive Groups,20.64,86.62,7.19,1009.93,18.7,312.71,2248.9,Winter,1,2,2,0,85.2,110.0,130.0,129.83,181.09,US Embassy station (reference-grade),1
2019-02-28,52.4,143,Unhealthy for Sensitive Groups,19.91,88.21,7.98,1010.07,7.5,346.88,2769.2,Winter,1,2,3,0,47.6,85.2,110.0,108.31,178.64,US Embassy station (reference-grade),1
2019-03-01,94.2,178,Unhealthy,19.09,70.71,7.4,1012.97,0.0,424.17,3140.6,Pre-monsoon,1,3,4,1,52.4,47.6,85.2,95.2,177.41,US Embassy station (reference-grade),1
2019-03-02,87.9,174,Unhealthy,18.09,60.0,7.78,1012.79,0.0,444.79,3460.1,Pre-monsoon,1,3,5,1,94.2,52.4,47.6,86.76,175.98,US Embassy station (reference-grade),1
2019-03-03,135.0,210,Very Unhealthy,19.43,65.33,8.23,1009.87,0.0,423.33,3485.4,Pre-monsoon,1,3,6,0,87.9,94.2,52.4,87.47,174.81,US Embassy station (reference-grade),1
2019-03-04,245.0,340,Hazardous,20.51,73.08,5.26,1007.7,2.1,174.38,916.9,Pre-monsoon,1,3,0,0,135.0,87.9,94.2,106.76,174.81,US Embassy station (reference-grade),1
2019-03-05,113.0,191,Unhealthy,21.17,82.54,9.0,1006.8,5.6,292.71,2634.4,Pre-monsoon,1,3,1,0,245.0,135.0,87.9,110.73,171.44,US Embassy station (reference-grade),1
2019-03-06,112.0,191,Unhealthy,21.18,82.75,5.94,1008.1,0.0,393.75,2337.9,Pre-monsoon,1,3,2,0,113.0,245.0,135.0,119.93,164.48,US Embassy station (reference-grade),1
2019-03-07,124.0,199,Unhealthy,22.42,76.29,4.44,1009.35,0.1,378.75,1680.7,Pre-monsoon,1,3,3,0,112.0,113.0,245.0,130.16,160.88,US Embassy station (reference-grade),1
2019-03-08,109.0,189,Unhealthy,22.07,57.83,8.5,1010.41,0.0,641.46,5455.1,Pre-monsoon,1,3,4,1,124.0,112.0,113.0,132.27,159.24,US Embassy station (reference-grade),1
2019-03-09,178.0,253,Very Unhealthy,21.87,60.42,6.95,1010.85,0.0,563.12,3913.7,Pre-monsoon,1,3,5,1,109.0,124.0,112.0,145.14,157.94,US Embassy station (reference-grade),1
2019-03-10,186.0,261,Very Unhealthy,22.71,79.04,9.3,1011.13,1.7,450.0,4186.9,Pre-monsoon,1,3,6,0,178.0,109.0,124.0,152.43,156.14,US Embassy station (reference-grade),1
2019-03-11,121.0,197,Unhealthy,24.08,85.62,5.27,1011.81,2.0,436.04,2298.3,Pre-monsoon,1,3,0,0,186.0,178.0,109.0,134.71,151.34,US Embassy station (reference-grade),1
2019-03-12,83.4,171,Unhealthy,25.38,79.62,8.12,1010.67,0.0,486.67,3952.1,Pre-monsoon,1,3,1,0,121.0,186.0,178.0,130.49,151.56,US Embassy station (reference-grade),1
2019-03-13,106.0,186,Unhealthy,26.35,78.83,7.95,1011.16,0.0,544.79,4331.1,Pre-monsoon,1,3,2,0,83.4,121.0,186.0,129.63,148.26,US Embassy station (reference-grade),1
2019-03-15,116.0,193,Unhealthy,27.01,69.0,6.21,1011.88,0.0,600.62,3731.4,Pre-monsoon,1,3,4,1,106.0,83.4,121.0,128.49,148.39,US Embassy station (reference-grade),1
2019-03-16,87.2,173,Unhealthy,27.42,60.0,9.33,1011.48,0.1,646.46,6028.2,Pre-monsoon,1,3,5,1,116.0,106.0,83.4,125.37,147.13,US Embassy station (reference-grade),1
2019-03-17,118.0,195,Unhealthy,26.9,66.29,6.77,1011.55,0.4,648.75,4392.6,Pre-monsoon,1,3,6,0,87.2,116.0,106.0,116.8,145.36,US Embassy station (reference-grade),1
2019-03-18,80.3,168,Unhealthy,25.32,63.29,7.38,1011.14,0.0,513.33,3790.1,Pre-monsoon,1,3,0,0,118.0,87.2,116.0,101.7,135.04,US Embassy station (reference-grade),1
2019-03-19,92.7,177,Unhealthy,24.88,71.46,7.19,1008.59,0.2,590.42,4243.6,Pre-monsoon,1,3,1,0,80.3,118.0,87.2,97.66,129.3,US Embassy station (reference-grade),1
2019-03-20,95.2,179,Unhealthy,25.52,70.5,10.27,1008.87,0.0,676.67,6949.9,Pre-monsoon,1,3,2,0,92.7,80.3,118.0,99.34,127.3,US Embassy station (reference-grade),1
2019-03-21,82.8,170,Unhealthy,27.14,63.67,9.95,1009.48,0.0,817.29,8128.6,Pre-monsoon,1,3,3,0,95.2,92.7,80.3,96.03,122.2,US Embassy station (reference-grade),1
2019-03-22,153.0,228,Very Unhealthy,26.02,80.17,10.62,1009.1,2.1,631.25,6704.4,Pre-monsoon,1,3,4,1,82.8,95.2,92.7,101.31,120.26,US Embassy station (reference-grade),1
2019-03-23,93.4,178,Unhealthy,27.45,65.29,9.04,1008.32,0.0,760.83,6876.0,Pre-monsoon,1,3,5,1,153.0,82.8,95.2,102.2,119.14,US Embassy station (reference-grade),1
2019-03-24,200.0,275,Very Unhealthy,26.67,46.08,6.33,1008.85,0.0,649.17,4111.4,Pre-monsoon,1,3,6,0,93.4,153.0,82.8,113.91,119.04,US Embassy station (reference-grade),1
2019-03-25,146.0,221,Very Unhealthy,26.88,50.96,7.47,1008.94,0.0,676.04,5047.8,Pre-monsoon,1,3,0,0,200.0,93.4,153.0,123.3,117.71,US Embassy station (reference-grade),1
2019-03-26,195.0,270,Very Unhealthy,27.28,56.0,10.47,1010.14,0.0,725.0,7591.4,Pre-monsoon,1,3,1,0,146.0,200.0,93.4,137.91,119.31,US Embassy station (reference-grade),1
2019-03-27,112.0,191,Unhealthy,26.32,52.17,11.78,1011.73,0.2,482.29,5681.0,Pre-monsoon,1,3,2,0,195.0,146.0,200.0,140.31,118.71,US Embassy station (reference-grade),1
2019-03-28,92.9,177,Unhealthy,26.42,58.75,7.14,1011.05,0.0,655.0,4675.1,Pre-monsoon,1,3,3,0,112.0,195.0,146.0,141.76,118.14,US Embassy station (reference-grade),1
2019-03-29,168.0,243,Very Unhealthy,27.17,63.12,7.47,1008.27,0.7,617.71,4614.8,Pre-monsoon,1,3,4,1,92.9,112.0,195.0,143.9,120.9,US Embassy station (reference-grade),1
2019-03-30,83.7,171,Unhealthy,27.63,71.88,7.37,1007.26,0.7,567.5,4180.6,Pre-monsoon,1,3,5,1,168.0,92.9,112.0,142.51,122.1,US Embassy station (reference-grade),1
2019-03-31,50.7,138,Unhealthy for Sensitive Groups,24.93,83.04,11.05,1007.32,5.2,548.12,6054.5,Pre-monsoon,1,3,6,0,83.7,168.0,92.9,121.19,122.05,US Embassy station (reference-grade),1
2019-04-01,48.8,134,Unhealthy for Sensitive Groups,26.47,75.71,13.33,1008.44,26.3,512.92,6836.8,Pre-monsoon,1,4,0,0,50.7,83.7,168.0,107.3,120.53,US Embassy station (reference-grade),1
2019-04-02,63.9,157,Unhealthy,23.45,86.0,12.3,1008.25,10.0,283.96,3491.5,Pre-monsoon,1,4,1,0,48.8,50.7,83.7,88.57,119.73,US Embassy station (reference-grade),1
2019-04-03,50.6,138,Unhealthy for Sensitive Groups,23.56,84.38,8.41,1009.69,2.6,379.79,3193.4,Pre-monsoon,1,4,2,0,63.9,48.8,50.7,79.8,116.92,US Embassy station (reference-grade),1
2019-04-04,137.0,212,Very Unhealthy,24.97,86.17,8.37,1009.97,8.4,335.83,2809.8,Pre-monsoon,1,4,3,0,50.6,63.9,48.8,86.1,113.32,US Embassy station (reference-grade),1
2019-04-06,50.0,137,Unhealthy for Sensitive Groups,25.58,81.88,6.36,1008.76,1.1,344.79,2193.7,Pre-monsoon,1,4,5,1,137.0,50.6,63.9,69.24,111.22,US Embassy station (reference-grade),1
2019-04-07,73.8,164,Unhealthy,25.03,77.88,5.19,1008.49,0.4,420.0,2180.5,Pre-monsoon,1,4,6,0,50.0,137.0,50.6,67.83,109.95,US Embassy station (reference-grade),1
2019-04-08,85.5,172,Unhealthy,24.52,84.33,8.85,1007.23,29.7,350.21,3100.8,Pre-monsoon,1,4,0,0,73.8,50.0,137.0,72.8,108.66,US Embassy station (reference-grade),1
2019-04-09,27.6,85,Moderate,24.02,87.25,10.59,1007.69,7.2,299.58,3171.8,Pre-monsoon,1,4,1,0,85.5,73.8,50.0,69.77,105.95,US Embassy station (reference-grade),1
2019-04-10,46.1,127,Unhealthy for Sensitive Groups,23.78,88.42,6.89,1008.91,10.1,260.21,1792.2,Pre-monsoon,1,4,2,0,27.6,85.5,73.8,67.23,101.55,US Embassy station (reference-grade),1
2019-04-11,109.0,189,Unhealthy,25.28,85.12,4.34,1008.03,4.1,325.62,1412.4,Pre-monsoon,1,4,3,0,46.1,27.6,85.5,75.57,98.99,US Embassy station (reference-grade),1
2019-04-12,69.9,161,Unhealthy,26.04,86.67,4.72,1007.13,4.6,324.58,1531.0,Pre-monsoon,1,4,4,1,109.0,46.1,27.6,65.99,97.28,US Embassy station (reference-grade),1
2019-04-14,83.2,170,Unhealthy,28.29,81.04,7.93,1007.13,0.5,421.46,3341.8,Pre-monsoon,1,4,6,0,69.9,109.0,46.1,70.73,97.28,US Embassy station (reference-grade),1
2019-04-15,46.7,129,Unhealthy for Sensitive Groups,28.48,81.62,10.71,1006.23,0.0,371.04,3973.2,Pre-monsoon,1,4,0,0,83.2,69.9,109.0,66.86,95.3,US Embassy station (reference-grade),1
2019-04-16,52.0,142,Unhealthy for Sensitive Groups,28.24,83.5,10.51,1006.62,7.0,393.96,4139.8,Pre-monsoon,1,4,1,0,46.7,83.2,69.9,62.07,93.17,US Embassy station (reference-grade),1
2019-04-17,59.9,154,Unhealthy,27.4,78.67,9.4,1008.32,0.0,458.33,4310.2,Pre-monsoon,1,4,2,0,52.0,46.7,83.2,66.69,92.26,US Embassy station (reference-grade),1
2019-04-18,82.1,170,Unhealthy,27.32,73.88,7.41,1007.76,0.0,396.04,2934.0,Pre-monsoon,1,4,3,0,59.9,52.0,46.7,71.83,91.06,US Embassy station (reference-grade),1
2019-04-19,127.0,202,Very Unhealthy,27.41,78.12,6.41,1006.63,0.3,427.29,2740.0,Pre-monsoon,1,4,4,1,82.1,59.9,52.0,74.4,92.62,US Embassy station (reference-grade),1
2019-04-20,83.4,171,Unhealthy,27.84,71.88,6.37,1005.27,0.0,533.54,3396.9,Pre-monsoon,1,4,5,1,127.0,82.1,59.9,76.33,92.31,US Embassy station (reference-grade),1
2019-04-21,74.2,164,Unhealthy,27.74,71.88,7.01,1004.75,0.0,485.62,3405.4,Pre-monsoon,1,4,6,0,83.4,127.0,82.1,75.04,91.61,US Embassy station (reference-grade),1
2019-04-22,55.9,151,Unhealthy,27.8,66.71,7.92,1005.45,0.0,525.42,4159.5,Pre-monsoon,1,4,0,0,74.2,83.4,127.0,76.36,90.71,US Embassy station (reference-grade),1
2019-04-23,70.0,161,Unhealthy,28.17,63.75,6.21,1007.11,0.0,448.96,2787.3,Pre-monsoon,1,4,1,0,55.9,74.2,83.4,78.93,87.94,US Embassy station (reference-grade),1
2019-04-24,135.0,210,Very Unhealthy,29.65,63.5,4.38,1007.66,0.1,433.75,1899.5,Pre-monsoon,1,4,2,0,70.0,55.9,74.2,89.66,89.33,US Embassy station (reference-grade),1
2019-04-25,89.2,175,Unhealthy,30.75,62.21,4.21,1006.7,0.0,473.75,1995.7,Pre-monsoon,1,4,3,0,135.0,70.0,55.9,90.67,85.64,US Embassy station (reference-grade),1
2019-04-26,52.5,143,Unhealthy for Sensitive Groups,30.01,70.71,8.57,1005.1,0.0,513.54,4401.5,Pre-monsoon,1,4,4,1,89.2,135.0,70.0,80.03,82.52,US Embassy station (reference-grade),1
2019-04-27,58.1,153,Unhealthy,30.48,72.5,10.38,1003.98,0.2,599.38,6221.0,Pre-monsoon,1,4,5,1,52.5,89.2,135.0,76.41,77.96,US Embassy station (reference-grade),1
2019-04-28,55.9,151,Unhealthy,31.21,68.04,17.2,1003.87,0.0,766.67,13183.5,Pre-monsoon,1,4,6,0,58.1,52.5,89.2,73.8,76.09,US Embassy station (reference-grade),1
2019-04-29,55.0,149,Unhealthy for Sensitive Groups,30.95,67.79,18.88,1004.27,0.1,928.33,17522.3,Pre-monsoon,1,4,0,0,55.9,58.1,52.5,73.67,74.82,US Embassy station (reference-grade),1
2019-04-30,28.4,87,Moderate,30.81,66.71,19.76,1004.37,0.2,1042.29,20598.3,Pre-monsoon,1,4,1,0,55.0,55.9,58.1,67.73,70.17,US Embassy station (reference-grade),1
2019-05-01,119.0,196,Unhealthy,30.7,68.5,18.35,1004.47,0.8,925.42,16981.4,Pre-monsoon,0,5,2,0,28.4,55.0,55.9,65.44,71.35,US Embassy station (reference-grade),1
2019-05-02,129.0,204,Very Unhealthy,30.03,73.38,11.95,1005.2,0.5,709.79,8479.1,Pre-monsoon,0,5,3,0,119.0,28.4,55.0,71.13,73.96,US Embassy station (reference-grade),1
2019-05-03,144.0,219,Very Unhealthy,28.36,83.12,13.38,1005.32,10.4,531.25,7105.5,Pre-monsoon,0,5,4,1,129.0,119.0,28.4,84.2,77.13,US Embassy station (reference-grade),1
2019-05-05,125.0,200,Unhealthy,27.43,75.71,11.75,1005.64,0.0,544.38,6394.1,Pre-monsoon,0,5,6,0,144.0,129.0,119.0,93.76,79.17,US Embassy station (reference-grade),1
2019-05-06,51.7,141,Unhealthy for Sensitive Groups,29.25,76.67,14.72,1003.61,0.5,618.12,9096.7,Pre-monsoon,0,5,0,0,125.0,144.0,129.0,93.16,79.2,US Embassy station (reference-grade),1
2019-05-07,77.5,166,Unhealthy,29.64,77.62,16.04,1002.3,0.0,667.29,10704.5,Pre-monsoon,0,5,1,0,51.7,125.0,144.0,96.37,77.22,US Embassy station (reference-grade),1
2019-05-08,61.5,155,Unhealthy,30.26,77.54,16.57,1001.1,0.0,640.62,10615.7,Pre-monsoon,0,5,2,0,77.5,51.7,125.0,101.1,77.6,US Embassy station (reference-grade),1
2019-05-09,58.8,153,Unhealthy,30.43,76.58,18.47,1000.2,0.0,738.96,13652.3,Pre-monsoon,0,5,3,0,61.5,77.5,51.7,92.5,77.1,US Embassy station (reference-grade),1
2019-05-10,55.0,149,Unhealthy for Sensitive Groups,30.9,74.38,17.85,1002.1,0.0,771.04,13766.3,Pre-monsoon,0,5,4,1,58.8,61.5,77.5,81.93,76.09,US Embassy station (reference-grade),1
2019-05-11,48.5,133,Unhealthy for Sensitive Groups,31.08,72.42,17.09,1004.24,0.0,782.08,13367.1,Pre-monsoon,0,5,5,1,55.0,58.8,61.5,68.29,76.78,US Embassy station (reference-grade),1
2019-05-14,46.1,127,Unhealthy for Sensitive Groups,28.93,78.25,8.7,1004.12,1.9,441.67,3842.5,Pre-monsoon,0,5,1,0,48.5,55.0,58.8,57.01,76.78,US Embassy station (reference-grade),1
2019-05-15,52.4,143,Unhealthy for Sensitive Groups,27.43,85.58,8.39,1005.33,24.3,406.04,3407.4,Pre-monsoon,0,5,2,0,46.1,48.5,55.0,57.11,74.9,US Embassy station (reference-grade),1
2019-05-16,45.0,124,Unhealthy for Sensitive Groups,29.06,80.21,10.48,1005.28,3.6,397.29,4163.3,Pre-monsoon,0,5,3,0,52.4,46.1,48.5,52.47,74.07,US Embassy station (reference-grade),1
2019-05-17,41.9,117,Unhealthy for Sensitive Groups,30.2,75.5,15.05,1003.75,0.6,687.29,10346.6,Pre-monsoon,0,5,4,1,45.0,52.4,46.1,49.67,72.69,US Embassy station (reference-grade),1
2019-05-18,68.7,160,Unhealthy,30.66,76.42,16.78,1003.01,0.4,772.92,12968.9,Pre-monsoon,0,5,5,1,41.9,45.0,52.4,51.09,73.42,US Embassy station (reference-grade),1
2019-05-19,65.0,158,Unhealthy,30.52,77.21,11.16,1004.73,10.4,557.08,6216.1,Pre-monsoon,0,5,6,0,68.7,41.9,45.0,52.51,73.86,US Embassy station (reference-grade),1
2019-05-20,74.7,164,Unhealthy,30.2,76.21,7.48,1005.86,0.0,544.79,4072.3,Pre-monsoon,0,5,0,0,65.0,68.7,41.9,56.26,74.35,US Embassy station (reference-grade),1
2019-05-21,78.9,167,Unhealthy,30.83,74.92,8.76,1005.11,0.1,451.88,3957.7,Pre-monsoon,0,5,1,0,74.7,65.0,68.7,60.94,74.24,US Embassy station (reference-grade),1
2019-05-22,43.9,122,Unhealthy for Sensitive Groups,30.7,74.62,10.95,1004.37,2.9,618.96,6775.0,Pre-monsoon,0,5,2,0,78.9,74.7,65.0,59.73,71.47,US Embassy station (reference-grade),1
2019-05-23,36.8,104,Unhealthy for Sensitive Groups,29.16,76.92,10.41,1004.47,8.1,579.38,6032.7,Pre-monsoon,0,5,3,0,43.9,78.9,74.7,58.56,69.92,US Embassy station (reference-grade),1
2019-05-24,31.8,93,Moderate,26.88,90.75,10.28,1003.66,37.5,410.0,4216.2,Pre-monsoon,0,5,4,1,36.8,43.9,78.9,57.11,68.51,US Embassy station (reference-grade),1
2019-05-25,37.1,105,Unhealthy for Sensitive Groups,27.99,87.71,12.15,1001.6,25.2,599.38,7282.4,Pre-monsoon,0,5,5,1,31.8,36.8,43.9,52.6,67.88,US Embassy station (reference-grade),1
2019-05-26,44.9,124,Unhealthy for Sensitive Groups,29.94,80.17,14.42,1001.71,4.8,618.75,8925.5,Pre-monsoon,0,5,6,0,37.1,31.8,36.8,49.73,67.04,US Embassy station (reference-grade),1
2019-05-27,40.7,114,Unhealthy for Sensitive Groups,30.67,77.42,13.75,1002.16,0.2,615.62,8462.3,Pre-monsoon,0,5,0,0,44.9,37.1,31.8,44.87,63.9,US Embassy station (reference-grade),1
2019-05-28,61.5,155,Unhealthy,30.23,77.08,11.57,1002.25,0.0,565.83,6544.8,Pre-monsoon,0,5,1,0,40.7,44.9,37.1,42.39,62.98,US Embassy station (reference-grade),1
2019-05-29,56.4,152,Unhealthy,30.38,76.04,9.71,1001.75,0.0,579.58,5626.8,Pre-monsoon,0,5,2,0,61.5,40.7,44.9,44.17,63.11,US Embassy station (reference-grade),1
2019-05-30,39.9,112,Unhealthy for Sensitive Groups,30.18,75.21,11.85,1001.98,0.0,631.67,7482.6,Pre-monsoon,0,5,3,0,56.4,61.5,40.7,44.61,62.5,US Embassy station (reference-grade),1
2019-05-31,37.2,105,Unhealthy for Sensitive Groups,29.34,79.96,9.63,1002.57,2.1,481.46,4638.0,Pre-monsoon,0,5,4,1,39.9,56.4,61.5,45.39,61.88,US Embassy station (reference-grade),1
2019-06-01,38.2,108,Unhealthy for Sensitive Groups,27.8,84.88,8.46,1003.29,60.5,356.88,3020.1,Monsoon,0,6,5,1,37.2,39.9,56.4,45.54,61.32,US Embassy station (reference-grade),1
2019-06-02,41.0,115,Unhealthy for Sensitive Groups,27.25,86.71,9.73,1003.99,35.1,333.75,3247.1,Monsoon,0,6,6,0,38.2,37.2,39.9,44.99,61.74,US Embassy station (reference-grade),1
2019-06-03,28.3,87,Moderate,27.2,86.75,11.51,1003.03,11.8,442.5,5094.3,Monsoon,0,6,0,0,41.0,38.2,37.2,43.21,58.71,US Embassy station (reference-grade),1
2019-06-04,21.8,75,Moderate,26.25,89.96,9.69,1002.93,33.3,413.75,4008.2,Monsoon,0,6,1,0,28.3,41.0,38.2,37.54,55.14,US Embassy station (reference-grade),1
2019-06-05,9.58,52,Moderate,26.48,91.08,11.42,1002.58,28.7,422.29,4824.7,Monsoon,0,6,2,0,21.8,28.3,41.0,30.85,50.66,US Embassy station (reference-grade),1
2019-06-06,13.3,59,Moderate,27.52,86.71,13.4,1002.92,17.0,562.92,7543.1,Monsoon,0,6,3,0,9.58,21.8,28.3,27.05,46.94,US Embassy station (reference-grade),1
2019-06-07,13.0,58,Moderate,28.11,81.46,13.21,1003.99,0.8,470.83,6220.9,Monsoon,0,6,4,1,13.3,9.58,21.8,23.6,45.65,US Embassy station (reference-grade),1
2019-06-08,19.9,71,Moderate,27.78,85.21,11.1,1003.05,2.1,487.29,5411.0,Monsoon,0,6,5,1,13.0,13.3,9.58,20.98,43.73,US Embassy station (reference-grade),1
2019-06-09,23.2,77,Moderate,28.38,85.79,13.63,1000.9,5.2,540.42,7365.4,Monsoon,0,6,6,0,19.9,13.0,13.3,18.44,42.45,US Embassy station (reference-grade),1
2019-06-10,27.0,84,Moderate,29.55,80.12,12.35,999.68,1.2,587.08,7248.0,Monsoon,0,6,0,0,23.2,19.9,13.0,18.25,41.39,US Embassy station (reference-grade),1
2019-06-11,33.8,97,Moderate,29.7,77.54,7.78,999.6,0.0,560.62,4358.9,Monsoon,0,6,1,0,27.0,23.2,19.9,19.97,40.68,US Embassy station (reference-grade),1
2019-06-13,45.6,126,Unhealthy for Sensitive Groups,30.18,82.17,6.24,998.13,0.9,382.92,2388.4,Monsoon,0,6,3,0,33.8,27.0,23.2,25.11,40.59,US Embassy station (reference-grade),1
2019-06-14,35.3,100,Moderate,28.72,87.29,8.28,997.65,6.4,370.62,3070.0,Monsoon,0,6,4,1,45.6,33.8,27.0,28.26,40.23,US Embassy station (reference-grade),1
2019-06-15,43.8,121,Unhealthy for Sensitive Groups,29.56,85.96,13.29,998.01,8.2,403.54,5362.1,Monsoon,0,6,5,1,35.3,45.6,33.8,32.66,39.94,US Embassy station (reference-grade),1
2019-06-16,40.9,114,Unhealthy for Sensitive Groups,30.02,81.33,19.51,997.77,0.5,692.5,13509.5,Monsoon,0,6,6,0,43.8,35.3,45.6,35.66,39.8,US Embassy station (reference-grade),1
2019-06-17,32.1,94,Moderate,30.16,81.58,17.29,998.17,2.1,655.0,11323.3,Monsoon,0,6,0,0,40.9,43.8,35.3,36.93,39.48,US Embassy station (reference-grade),1
2019-06-18,54.0,147,Unhealthy for Sensitive Groups,30.22,81.71,6.85,998.35,0.0,412.29,2822.5,Monsoon,0,6,1,0,32.1,40.9,43.8,40.79,38.99,US Embassy station (reference-grade),1
2019-06-19,68.6,160,Unhealthy,30.84,79.5,6.45,998.6,0.5,432.71,2792.8,Monsoon,0,6,2,0,54.0,32.1,40.9,45.76,39.11,US Embassy station (reference-grade),1
2019-06-20,49.1,134,Unhealthy for Sensitive Groups,29.4,84.08,8.02,1000.18,4.8,487.29,3908.5,Monsoon,0,6,3,0,68.6,54.0,32.1,46.26,38.25,US Embassy station (reference-grade),1
2019-06-21,33.2,96,Moderate,28.88,84.79,12.44,1001.06,5.8,540.21,6718.8,Monsoon,0,6,4,1,49.1,68.6,54.0,45.96,36.73,US Embassy station (reference-grade),1
2019-06-22,25.8,82,Moderate,28.9,84.88,14.38,1002.37,3.3,643.33,9250.6,Monsoon,0,6,5,1,33.2,49.1,68.6,43.39,36.13,US Embassy station (reference-grade),1
2019-06-23,29.6,89,Moderate,29.72,80.54,8.96,1002.84,1.5,502.5,4503.7,Monsoon,0,6,6,0,25.8,33.2,49.1,41.77,35.89,US Embassy station (reference-grade),1
2019-06-24,19.7,71,Moderate,30.29,76.21,11.32,1003.23,0.7,551.25,6238.3,Monsoon,0,6,0,0,29.6,25.8,33.2,40.0,35.48,US Embassy station (reference-grade),1
2019-06-25,25.1,81,Moderate,30.4,79.08,13.85,1002.78,2.0,671.46,9299.7,Monsoon,0,6,1,0,19.7,29.6,25.8,35.87,35.08,US Embassy station (reference-grade),1
2019-06-26,16.0,64,Moderate,30.63,74.54,17.99,1001.2,0.0,848.12,15255.6,Monsoon,0,6,2,0,25.1,19.7,29.6,28.36,34.12,US Embassy station (reference-grade),1
2019-06-27,21.8,75,Moderate,29.25,80.71,16.05,998.68,4.0,705.42,11319.0,Monsoon,0,6,3,0,16.0,25.1,19.7,24.46,33.49,US Embassy station (reference-grade),1
2019-06-28,25.3,81,Moderate,28.63,87.0,14.74,997.89,20.7,631.25,9305.7,Monsoon,0,6,4,1,21.8,16.0,25.1,23.33,32.28,US Embassy station (reference-grade),1
2019-06-29,38.1,107,Unhealthy for Sensitive Groups,29.28,84.58,9.3,997.2,1.8,416.46,3874.8,Monsoon,0,6,5,1,25.3,21.8,16.0,25.09,31.67,US Embassy station (reference-grade),1
2019-06-30,38.4,108,Unhealthy for Sensitive Groups,29.61,81.92,6.13,997.05,4.2,413.54,2536.4,Monsoon,0,6,6,0,38.1,25.3,21.8,26.34,31.62,US Embassy station (reference-grade),1
2019-07-01,24.8,80,Moderate,29.41,81.0,15.71,996.93,2.8,730.62,11479.9,Monsoon,0,7,0,0,38.4,38.1,25.3,27.07,31.21,US Embassy station (reference-grade),1
2019-07-02,16.9,66,Moderate,28.05,84.71,21.41,998.48,5.0,804.17,17219.2,Monsoon,0,7,1,0,24.8,38.4,38.1,25.9,30.5,US Embassy station (reference-grade),1
2019-07-03,16.6,65,Moderate,28.56,82.83,16.85,999.1,7.7,606.67,10219.8,Monsoon,0,7,2,0,16.9,24.8,38.4,25.99,29.69,US Embassy station (reference-grade),1
2019-07-04,33.7,97,Moderate,28.88,85.21,11.53,997.86,6.5,541.46,6244.8,Monsoon,0,7,3,0,16.6,16.9,24.8,27.69,29.87,US Embassy station (reference-grade),1
2019-07-05,20.7,73,Moderate,29.02,81.67,15.93,995.52,4.1,690.0,10991.1,Monsoon,0,7,4,1,33.7,16.6,16.9,27.03,29.83,US Embassy station (reference-grade),1
2019-07-06,17.8,67,Moderate,27.42,89.83,19.6,993.94,8.4,621.25,12176.5,Monsoon,0,7,5,1,20.7,33.7,16.6,24.13,30.1,US Embassy station (reference-grade),1
2019-07-07,33.3,96,Moderate,27.58,90.71,13.01,995.06,13.7,503.54,6550.2,Monsoon,0,7,6,0,17.8,20.7,33.7,23.4,30.77,US Embassy station (reference-grade),1
2019-07-08,32.0,94,Moderate,27.68,90.96,15.51,998.29,44.5,555.42,8613.6,Monsoon,0,7,0,0,33.3,17.8,20.7,24.43,31.4,US Embassy station (reference-grade),1
2019-07-09,29.0,88,Moderate,27.77,89.33,18.81,998.78,18.2,552.29,10387.7,Monsoon,0,7,1,0,32.0,33.3,17.8,26.16,31.71,US Embassy station (reference-grade),1
2019-07-10,28.7,88,Moderate,28.38,87.38,17.27,998.46,11.3,630.62,10891.4,Monsoon,0,7,2,0,29.0,32.0,33.3,27.89,31.89,US Embassy station (reference-grade),1
2019-07-11,24.4,80,Moderate,27.91,89.5,17.22,1000.51,22.4,592.29,10202.2,Monsoon,0,7,3,0,28.7,29.0,32.0,26.56,31.8,US Embassy station (reference-grade),1
2019-07-13,31.4,93,Moderate,27.97,89.38,15.13,1001.54,25.4,558.33,8447.1,Monsoon,0,7,5,1,24.4,28.7,29.0,28.09,31.72,US Embassy station (reference-grade),1
2019-07-14,34.7,99,Moderate,28.01,90.25,13.77,999.4,10.5,437.08,6019.0,Monsoon,0,7,6,0,31.4,24.4,28.7,30.5,31.36,US Embassy station (reference-grade),1
2019-07-15,41.8,117,Unhealthy for Sensitive Groups,28.73,86.75,14.35,998.7,5.6,504.79,7245.9,Monsoon,0,7,0,0,34.7,31.4,24.4,31.71,31.58,US Embassy station (reference-grade),1
2019-07-16,65.5,158,Unhealthy,29.63,83.92,12.1,1000.2,0.7,506.04,6123.1,Monsoon,0,7,1,0,41.8,34.7,31.4,36.5,32.3,US Embassy station (reference-grade),1
2019-07-17,76.4,166,Unhealthy,30.13,79.5,6.48,1000.06,0.2,455.0,2948.0,Monsoon,0,7,2,0,65.5,41.8,34.7,43.27,33.48,US Embassy station (reference-grade),1
2019-07-18,76.5,166,Unhealthy,30.29,80.79,7.77,999.86,0.6,351.46,2731.1,Monsoon,0,7,3,0,76.4,65.5,41.8,50.1,34.96,US Embassy station (reference-grade),1
2019-07-19,40.7,114,Unhealthy for Sensitive Groups,29.6,82.08,11.33,1001.28,3.3,548.75,6219.2,Monsoon,0,7,4,1,76.5,76.4,65.5,52.43,34.52,US Embassy station (reference-grade),1
2019-07-20,24.3,79,Moderate,29.64,80.25,10.85,1002.6,2.8,640.42,6951.2,Monsoon,0,7,5,1,40.7,76.5,76.4,51.41,33.04,US Embassy station (reference-grade),1
2019-07-21,23.6,78,Moderate,29.73,80.96,11.4,1002.5,1.4,614.58,7006.3,Monsoon,0,7,6,0,24.3,40.7,76.5,49.83,32.19,US Embassy station (reference-grade),1
2019-07-22,18.5,69,Moderate,29.66,81.42,13.99,1002.01,1.0,712.92,9974.9,Monsoon,0,7,0,0,23.6,24.3,40.7,46.5,31.7,US Embassy station (reference-grade),1
2019-07-23,19.5,70,Moderate,29.58,78.46,15.43,1001.3,1.4,675.0,10414.7,Monsoon,0,7,1,0,18.5,23.6,24.3,39.93,31.49,US Embassy station (reference-grade),1
2019-07-24,19.7,71,Moderate,28.9,84.08,13.82,1000.84,13.9,526.04,7270.3,Monsoon,0,7,2,0,19.5,18.5,23.6,31.83,31.16,US Embassy station (reference-grade),1
2019-07-25,63.7,157,Unhealthy,28.81,84.96,9.46,1000.46,12.7,402.29,3806.7,Monsoon,0,7,3,0,19.7,19.5,18.5,30.0,32.63,US Embassy station (reference-grade),1
2019-07-26,37.3,105,Unhealthy for Sensitive Groups,27.57,89.54,12.64,998.68,13.3,461.67,5836.2,Monsoon,0,7,4,1,63.7,19.7,19.5,29.51,33.04,US Embassy station (reference-grade),1
2019-07-27,14.4,61,Moderate,27.64,86.79,17.5,999.15,7.5,732.08,12811.5,Monsoon,0,7,5,1,37.3,63.7,19.7,28.1,32.98,US Embassy station (reference-grade),1
2019-07-28,11.0,55,Moderate,28.43,78.54,23.11,1000.9,2.7,928.96,21470.5,Monsoon,0,7,6,0,14.4,37.3,63.7,26.3,32.62,US Embassy station (reference-grade),1
2019-07-29,18.3,68,Moderate,28.13,83.5,20.75,1002.32,3.4,783.54,16261.8,Monsoon,0,7,0,0,11.0,14.4,37.3,26.27,32.39,US Embassy station (reference-grade),1
2019-07-30,35.1,99,Moderate,28.04,85.38,14.45,1002.75,11.9,572.5,8270.2,Monsoon,0,7,1,0,18.3,11.0,14.4,28.5,32.29,US Embassy station (reference-grade),1
2019-07-31,48.2,132,Unhealthy for Sensitive Groups,27.95,86.79,13.75,1001.29,8.7,503.12,6918.0,Monsoon,0,7,2,0,35.1,18.3,11.0,32.57,32.62,US Embassy station (reference-grade),1
2019-08-01,27.5,85,Moderate,28.42,84.58,12.19,1000.0,3.9,506.04,6167.4,Monsoon,0,8,3,0,48.2,35.1,18.3,27.4,32.71,US Embassy station (reference-grade),1
2019-08-02,30.1,90,Moderate,28.85,81.88,13.09,998.66,2.4,595.83,7798.0,Monsoon,0,8,4,1,27.5,48.2,35.1,26.37,33.15,US Embassy station (reference-grade),1
2019-08-03,21.3,74,Moderate,28.85,81.21,13.58,997.6,1.9,518.96,7044.9,Monsoon,0,8,5,1,30.1,27.5,48.2,27.36,33.3,US Embassy station (reference-grade),1
2019-08-04,29.7,89,Moderate,29.57,80.88,10.14,995.79,2.6,487.71,4946.2,Monsoon,0,8,6,0,21.3,30.1,27.5,30.03,33.17,US Embassy station (reference-grade),1
2019-08-05,28.2,87,Moderate,30.91,78.17,6.72,993.73,1.0,441.04,2966.0,Monsoon,0,8,0,0,29.7,21.3,30.1,31.44,33.42,US Embassy station (reference-grade),1
2019-08-06,26.4,83,Moderate,29.6,82.67,12.24,993.17,12.1,520.42,6368.6,Monsoon,0,8,1,0,28.2,29.7,21.3,30.2,33.71,US Embassy station (reference-grade),1
2019-08-07,10.5,54,Moderate,27.75,84.71,26.34,994.68,18.4,967.92,25492.5,Monsoon,0,8,2,0,26.4,28.2,29.7,24.81,32.95,US Embassy station (reference-grade),1
2019-08-08,16.0,64,Moderate,26.74,90.96,21.25,997.8,14.2,720.0,15300.0,Monsoon,0,8,3,0,10.5,26.4,28.2,23.17,32.41,US Embassy station (reference-grade),1
2019-08-09,31.5,93,Moderate,28.18,86.04,12.52,1000.16,4.6,492.08,6159.2,Monsoon,0,8,4,1,16.0,10.5,26.4,23.37,32.5,US Embassy station (reference-grade),1
2019-08-10,31.4,93,Moderate,29.37,82.67,6.42,998.85,0.8,444.79,2854.1,Monsoon,0,8,5,1,31.5,16.0,10.5,24.81,32.59,US Embassy station (reference-grade),1
2019-08-12,7.44,41,Good,29.05,85.83,10.65,996.56,9.7,498.96,5311.8,Monsoon,0,8,0,0,31.4,31.5,16.0,21.63,32.02,US Embassy station (reference-grade),1
2019-08-13,4.83,27,Good,26.79,91.46,20.74,1000.25,75.9,712.29,14771.1,Monsoon,0,8,1,0,7.44,31.4,31.5,18.3,31.14,US Embassy station (reference-grade),1
2019-08-14,14.9,62,Moderate,27.36,90.25,16.85,1003.62,13.5,521.25,8783.1,Monsoon,0,8,2,0,4.83,7.44,31.4,16.65,30.48,US Embassy station (reference-grade),1
2019-08-15,21.5,74,Moderate,26.72,93.62,12.05,1004.22,26.1,461.46,5560.6,Monsoon,0,8,3,0,14.9,4.83,7.44,18.22,29.8,US Embassy station (reference-grade),1
2019-08-16,26.8,84,Moderate,27.45,91.17,11.06,1002.42,18.0,453.54,5017.3,Monsoon,0,8,4,1,21.5,14.9,4.83,19.77,28.51,US Embassy station (reference-grade),1
2019-08-17,21.3,74,Moderate,27.56,86.96,12.7,1001.93,12.1,443.33,5632.2,Monsoon,0,8,5,1,26.8,21.5,14.9,18.31,26.67,US Embassy station (reference-grade),1
2019-08-18,16.1,64,Moderate,28.11,81.96,18.35,1003.63,3.1,597.71,10970.4,Monsoon,0,8,6,0,21.3,26.8,21.5,16.12,24.66,US Embassy station (reference-grade),1
2019-08-19,30.2,90,Moderate,28.63,82.46,12.91,1004.48,2.8,536.25,6924.3,Monsoon,0,8,0,0,16.1,21.3,26.8,19.38,24.31,US Embassy station (reference-grade),1
2019-08-20,21.3,74,Moderate,29.14,81.92,9.15,1002.87,1.6,495.0,4531.3,Monsoon,0,8,1,0,30.2,16.1,21.3,21.73,24.21,US Embassy station (reference-grade),1
2019-08-21,39.2,110,Unhealthy for Sensitive Groups,29.73,81.75,6.35,1001.24,0.7,470.83,2989.8,Monsoon,0,8,2,0,21.3,30.2,16.1,25.2,24.73,US Embassy station (reference-grade),1
2019-08-22,46.3,128,Unhealthy for Sensitive Groups,29.16,85.71,5.07,1000.55,9.1,388.33,1967.6,Monsoon,0,8,3,0,39.2,21.3,30.2,28.74,25.66,US Embassy station (reference-grade),1
2019-08-23,34.4,98,Moderate,28.5,84.25,11.03,1001.85,8.9,441.88,4873.5,Monsoon,0,8,4,1,46.3,39.2,21.3,29.83,26.15,US Embassy station (reference-grade),1
2019-08-24,14.4,61,Moderate,27.05,90.04,14.78,1002.54,11.8,515.21,7614.3,Monsoon,0,8,5,1,34.4,46.3,39.2,28.84,25.98,US Embassy station (reference-grade),1
2019-08-25,23.6,78,Moderate,28.14,84.17,12.7,1002.19,4.8,518.75,6590.3,Monsoon,0,8,6,0,14.4,34.4,46.3,29.91,24.64,US Embassy station (reference-grade),1
2019-08-26,38.2,108,Unhealthy for Sensitive Groups,28.99,81.83,13.2,1001.86,1.0,607.5,8016.5,Monsoon,0,8,0,0,23.6,14.4,34.4,31.06,24.67,US Embassy station (reference-grade),1
2019-08-27,24.4,80,Moderate,29.25,80.0,12.39,1001.3,0.3,547.92,6789.6,Monsoon,0,8,1,0,38.2,23.6,14.4,31.5,25.0,US Embassy station (reference-grade),1
2019-08-28,36.0,102,Unhealthy for Sensitive Groups,28.96,81.25,11.85,1002.33,0.5,469.17,5561.6,Monsoon,0,8,2,0,24.4,38.2,23.6,31.04,25.84,US Embassy station (reference-grade),1
2019-08-29,27.9,86,Moderate,29.38,81.83,10.42,1002.79,1.4,520.42,5425.3,Monsoon,0,8,3,0,36.0,24.4,38.2,28.41,26.16,US Embassy station (reference-grade),1
2019-08-30,31.5,93,Moderate,30.0,77.29,6.35,1000.62,0.1,413.33,2622.9,Monsoon,0,8,4,1,27.9,36.0,24.4,28.0,26.04,US Embassy station (reference-grade),1
2019-08-31,33.3,96,Moderate,29.45,82.79,5.08,999.46,1.7,324.38,1646.2,Monsoon,0,8,5,1,31.5,27.9,36.0,30.7,25.54,US Embassy station (reference-grade),1
2019-09-01,44.7,124,Unhealthy for Sensitive Groups,29.6,84.33,6.03,999.74,8.0,485.62,2929.9,Monsoon,0,9,6,0,33.3,31.5,27.9,33.71,26.11,US Embassy station (reference-grade),1
2019-09-02,35.5,101,Unhealthy for Sensitive Groups,29.47,81.21,6.65,999.85,2.2,465.0,3094.2,Monsoon,0,9,0,0,44.7,33.3,31.5,33.33,26.29,US Embassy station (reference-grade),1
2019-09-03,14.0,60,Moderate,28.82,82.33,13.78,999.86,9.8,709.79,9777.4,Monsoon,0,9,1,0,35.5,44.7,33.3,31.84,26.05,US Embassy station (reference-grade),1
2019-09-04,16.2,64,Moderate,28.82,80.67,14.31,1000.24,3.9,779.38,11151.6,Monsoon,0,9,2,0,14.0,35.5,44.7,29.01,25.6,US Embassy station (reference-grade),1
2019-09-05,32.0,94,Moderate,28.79,81.21,15.04,1000.34,3.2,692.5,10416.4,Monsoon,0,9,3,0,16.2,14.0,35.5,29.6,25.73,US Embassy station (reference-grade),1
2019-09-06,22.5,76,Moderate,28.56,81.33,17.05,999.54,3.5,748.54,12762.6,Monsoon,0,9,4,1,32.0,16.2,14.0,28.31,25.6,US Embassy station (reference-grade),1
2019-09-07,18.4,68,Moderate,28.07,84.58,19.39,1000.19,5.5,750.62,14552.7,Monsoon,0,9,5,1,22.5,32.0,16.2,26.19,25.86,US Embassy station (reference-grade),1
2019-09-08,28.2,87,Moderate,28.17,86.58,18.09,1001.35,3.7,612.5,11081.1,Monsoon,0,9,6,0,18.4,22.5,32.0,23.83,26.27,US Embassy station (reference-grade),1
2019-09-09,39.0,110,Unhealthy for Sensitive Groups,27.8,89.04,14.2,1000.87,10.4,454.17,6449.2,Monsoon,0,9,0,0,28.2,18.4,22.5,24.33,26.52,US Embassy station (reference-grade),1
2019-09-11,19.8,71,Moderate,28.16,86.08,13.39,1001.95,4.7,528.33,7075.3,Monsoon,0,9,2,0,39.0,28.2,18.4,25.16,26.13,US Embassy station (reference-grade),1
2019-09-12,22.5,76,Moderate,26.59,92.17,18.26,1004.3,16.0,567.71,10367.8,Monsoon,0,9,3,0,19.8,39.0,28.2,26.06,26.63,US Embassy station (reference-grade),1
2019-09-13,48.0,132,Unhealthy for Sensitive Groups,27.09,90.0,14.26,1006.57,12.2,496.67,7081.6,Monsoon,0,9,4,1,22.5,19.8,39.0,28.34,28.07,US Embassy station (reference-grade),1
2019-09-14,40.9,114,Unhealthy for Sensitive Groups,28.25,85.79,11.91,1005.82,4.2,468.96,5584.5,Monsoon,0,9,5,1,48.0,22.5,19.8,30.97,28.94,US Embassy station (reference-grade),1
2019-09-15,29.3,89,Moderate,28.72,84.79,8.72,1004.67,4.0,458.75,3998.8,Monsoon,0,9,6,0,40.9,48.0,22.5,32.53,29.2,US Embassy station (reference-grade),1
2019-09-16,34.0,97,Moderate,28.94,83.46,9.29,1004.07,3.5,463.33,4303.2,Monsoon,0,9,0,0,29.3,40.9,48.0,33.36,29.44,US Embassy station (reference-grade),1
2019-09-17,41.5,116,Unhealthy for Sensitive Groups,29.21,79.54,7.09,1005.6,0.0,475.0,3366.6,Monsoon,0,9,1,0,34.0,29.3,40.9,33.71,30.11,US Embassy station (reference-grade),1
2019-09-18,55.0,149,Unhealthy for Sensitive Groups,29.4,80.71,4.6,1007.85,2.9,364.58,1675.6,Monsoon,0,9,2,0,41.5,34.0,29.3,38.74,31.41,US Embassy station (reference-grade),1
2019-09-19,75.3,165,Unhealthy,29.79,78.12,4.94,1008.1,0.0,438.33,2164.3,Monsoon,0,9,3,0,55.0,41.5,34.0,46.29,32.91,US Embassy station (reference-grade),1
2019-09-20,57.8,153,Unhealthy,30.05,78.25,5.83,1006.9,0.7,465.62,2716.1,Monsoon,0,9,4,1,75.3,55.0,41.5,47.69,34.13,US Embassy station (reference-grade),1
2019-09-21,47.2,130,Unhealthy for Sensitive Groups,29.68,81.12,4.8,1006.18,6.2,396.25,1903.7,Monsoon,0,9,5,1,57.8,75.3,55.0,48.59,34.39,US Embassy station (reference-grade),1
2019-09-22,46.6,128,Unhealthy for Sensitive Groups,28.18,87.83,3.72,1008.21,16.1,346.88,1292.1,Monsoon,0,9,6,0,47.2,57.8,75.3,51.06,34.4,US Embassy station (reference-grade),1
2019-09-23,35.7,101,Unhealthy for Sensitive Groups,27.74,87.58,7.7,1010.07,7.6,472.71,3639.9,Monsoon,0,9,0,0,46.6,47.2,57.8,51.3,34.45,US Embassy station (reference-grade),1
2019-09-24,25.7,82,Moderate,26.98,87.0,10.09,1011.42,11.8,451.67,4556.2,Monsoon,0,9,1,0,35.7,46.6,47.2,49.04,34.82,US Embassy station (reference-grade),1
2019-09-25,19.3,70,Moderate,25.68,90.83,10.9,1013.65,9.3,312.08,3403.0,Monsoon,0,9,2,0,25.7,35.7,46.6,43.94,34.68,US Embassy station (reference-grade),1
2019-09-26,34.0,97,Moderate,25.68,85.79,6.04,1014.41,4.9,241.04,1455.3,Monsoon,0,9,3,0,19.3,25.7,35.7,38.04,34.54,US Embassy station (reference-grade),1
2019-09-27,41.8,117,Unhealthy for Sensitive Groups,26.78,81.54,4.72,1013.23,1.3,305.42,1441.8,Monsoon,0,9,4,1,34.0,19.3,25.7,35.76,35.12,US Embassy station (reference-grade),1
2019-09-28,38.2,108,Unhealthy for Sensitive Groups,25.95,85.75,3.76,1011.98,2.5,267.08,1003.8,Monsoon,0,9,5,1,41.8,34.0,19.3,34.47,35.19,US Embassy station (reference-grade),1
2019-09-29,28.2,87,Moderate,25.45,91.29,5.86,1012.26,8.8,262.92,1540.3,Monsoon,0,9,6,0,38.2,41.8,34.0,31.84,35.2,US Embassy station (reference-grade),1
2019-09-30,38.7,109,Unhealthy for Sensitive Groups,26.02,90.17,9.6,1009.1,10.4,393.33,3774.4,Monsoon,0,9,0,0,28.2,38.2,41.8,32.27,35.44,US Embassy station (reference-grade),1
2019-10-01,33.0,96,Moderate,26.05,89.79,7.9,1007.27,14.2,323.96,2560.6,Post-monsoon,0,10,1,0,38.7,28.2,38.2,33.31,35.43,US Embassy station (reference-grade),1
2019-10-02,37.0,105,Unhealthy for Sensitive Groups,26.66,87.08,6.93,1007.69,5.1,356.25,2470.0,Post-monsoon,0,10,2,0,33.0,38.7,28.2,35.84,35.18,US Embassy station (reference-grade),1
2019-10-03,70.9,162,Unhealthy,27.03,88.58,5.98,1007.84,6.6,358.33,2141.0,Post-monsoon,0,10,3,0,37.0,33.0,38.7,41.11,36.36,US Embassy station (reference-grade),1
2019-10-04,50.4,138,Unhealthy for Sensitive Groups,26.85,89.29,5.55,1007.8,11.6,324.58,1802.8,Post-monsoon,0,10,4,1,70.9,37.0,33.0,42.34,37.57,US Embassy station (reference-grade),1
2019-10-05,55.8,151,Unhealthy,27.4,86.5,5.66,1007.54,4.6,408.12,2309.3,Post-monsoon,0,10,5,1,50.4,70.9,37.0,44.86,38.89,US Embassy station (reference-grade),1
2019-10-06,69.9,161,Unhealthy,27.51,85.96,4.5,1008.45,8.2,296.04,1332.2,Post-monsoon,0,10,6,0,55.8,50.4,70.9,50.81,40.15,US Embassy station (reference-grade),1
2019-10-07,83.7,171,Unhealthy,26.66,91.08,4.69,1009.29,7.0,336.46,1577.1,Post-monsoon,0,10,0,0,69.9,55.8,50.4,57.24,42.19,US Embassy station (reference-grade),1
2019-10-08,49.8,136,Unhealthy for Sensitive Groups,26.96,87.5,6.3,1009.86,9.1,366.67,2311.5,Post-monsoon,0,10,1,0,83.7,69.9,55.8,59.64,43.24,US Embassy station (reference-grade),1
2019-10-09,32.8,95,Moderate,26.35,87.67,5.47,1009.87,7.2,278.12,1520.4,Post-monsoon,0,10,2,0,49.8,83.7,69.9,59.04,43.39,US Embassy station (reference-grade),1
2019-10-12,52.2,142,Unhealthy for Sensitive Groups,27.07,80.25,4.12,1009.24,0.0,337.71,1391.6,Post-monsoon,0,10,5,1,32.8,49.8,83.7,56.37,43.83,US Embassy station (reference-grade),1
2019-10-13,64.4,157,Unhealthy,26.65,77.75,7.14,1009.65,0.0,399.38,2850.5,Post-monsoon,0,10,6,0,52.2,32.8,49.8,58.37,45.32,US Embassy station (reference-grade),1
2019-10-14,69.4,161,Unhealthy,26.27,75.71,6.63,1010.41,0.0,353.12,2340.9,Post-monsoon,0,10,0,0,64.4,52.2,32.8,60.31,46.88,US Embassy station (reference-grade),1
2019-10-15,76.0,165,Unhealthy,27.02,77.46,5.53,1011.03,0.0,379.17,2098.1,Post-monsoon,0,10,1,0,69.4,64.4,52.2,61.19,47.82,US Embassy station (reference-grade),1
2019-10-16,48.9,134,Unhealthy for Sensitive Groups,26.94,87.17,5.37,1011.65,6.0,294.17,1578.7,Post-monsoon,0,10,2,0,76.0,69.4,64.4,56.21,48.08,US Embassy station (reference-grade),1
2019-10-17,47.8,131,Unhealthy for Sensitive Groups,27.52,83.96,4.25,1011.5,0.5,315.0,1337.4,Post-monsoon,0,10,3,0,48.9,76.0,69.4,55.93,48.7,US Embassy station (reference-grade),1
2019-10-18,52.9,144,Unhealthy for Sensitive Groups,28.35,79.42,4.55,1011.29,0.1,331.46,1509.5,Post-monsoon,0,10,4,1,47.8,48.9,76.0,58.8,49.33,US Embassy station (reference-grade),1
2019-10-19,73.5,164,Unhealthy,28.35,76.17,5.27,1011.76,0.0,333.75,1757.8,Post-monsoon,0,10,5,1,52.9,47.8,48.9,61.84,50.4,US Embassy station (reference-grade),1
2019-10-20,78.5,167,Unhealthy,28.2,74.21,6.07,1011.1,0.0,339.38,2058.9,Post-monsoon,0,10,6,0,73.5,52.9,47.8,63.86,51.18,US Embassy station (reference-grade),1
2019-10-21,89.9,175,Unhealthy,27.67,79.25,6.38,1009.22,0.1,365.21,2331.2,Post-monsoon,0,10,0,0,78.5,73.5,52.9,66.79,51.67,US Embassy station (reference-grade),1
2019-10-22,96.5,180,Unhealthy,27.18,82.67,4.13,1007.97,3.0,358.12,1480.3,Post-monsoon,0,10,1,0,89.9,78.5,73.5,69.71,52.96,US Embassy station (reference-grade),1
2019-10-23,106.0,186,Unhealthy,26.85,85.5,5.01,1008.01,6.9,323.96,1623.8,Post-monsoon,0,10,2,0,96.5,89.9,78.5,77.87,54.92,US Embassy station (reference-grade),1
2019-10-24,45.4,125,Unhealthy for Sensitive Groups,22.55,91.62,11.58,1010.2,15.6,386.67,4477.3,Post-monsoon,0,10,3,0,106.0,96.5,89.9,77.53,54.88,US Embassy station (reference-grade),1
2019-10-25,14.6,61,Moderate,23.38,90.33,12.15,1009.18,15.7,338.54,4111.9,Post-monsoon,0,10,4,1,45.4,106.0,96.5,72.06,54.17,US Embassy station (reference-grade),1
2019-10-27,50.3,137,Unhealthy for Sensitive Groups,24.87,81.04,5.09,1010.36,0.0,315.42,1606.0,Post-monsoon,0,10,6,0,14.6,45.4,106.0,68.74,54.99,US Embassy station (reference-grade),1
2019-10-28,52.8,144,Unhealthy for Sensitive Groups,24.69,75.71,8.09,1011.09,0.0,395.0,3194.6,Post-monsoon,0,10,0,0,50.3,14.6,45.4,65.07,56.11,US Embassy station (reference-grade),1
2019-10-29,76.3,166,Unhealthy,24.58,76.92,6.16,1010.77,0.0,378.75,2332.5,Post-monsoon,0,10,1,0,52.8,50.3,14.6,63.13,57.52,US Embassy station (reference-grade),1
2019-10-30,82.0,170,Unhealthy,25.08,78.67,5.79,1009.65,0.0,386.04,2234.2,Post-monsoon,0,10,2,0,76.3,52.8,50.3,61.06,58.86,US Embassy station (reference-grade),1
2019-10-31,65.6,158,Unhealthy,25.45,79.12,5.52,1009.27,0.0,393.54,2171.0,Post-monsoon,0,10,3,0,82.0,76.3,52.8,55.29,59.77,US Embassy station (reference-grade),1
2019-11-01,71.6,162,Unhealthy,25.32,79.88,6.08,1009.41,0.0,385.83,2347.2,Post-monsoon,1,11,4,1,65.6,82.0,76.3,59.03,61.22,US Embassy station (reference-grade),1
2019-11-02,65.7,158,Unhealthy,25.28,80.62,6.8,1009.5,0.0,347.71,2365.9,Post-monsoon,1,11,5,1,71.6,65.6,82.0,66.33,62.12,US Embassy station (reference-grade),1
2019-11-03,106.0,186,Unhealthy,25.47,79.75,4.33,1009.73,0.0,333.33,1443.1,Post-monsoon,1,11,6,0,65.7,71.6,65.6,74.29,64.55,US Embassy station (reference-grade),1
2019-11-04,85.0,172,Unhealthy,25.78,74.83,3.89,1009.81,0.0,394.58,1533.9,Post-monsoon,1,11,0,0,106.0,65.7,71.6,78.89,66.15,US Embassy station (reference-grade),1
2019-11-05,82.9,170,Unhealthy,25.75,77.0,4.8,1008.36,0.0,342.08,1643.4,Post-monsoon,1,11,1,0,85.0,106.0,65.7,79.83,66.55,US Embassy station (reference-grade),1
2019-11-06,131.0,206,Very Unhealthy,25.21,75.92,5.76,1007.62,0.0,338.75,1950.6,Post-monsoon,1,11,2,0,82.9,85.0,106.0,86.83,69.24,US Embassy station (reference-grade),1
2019-11-07,93.4,178,Unhealthy,24.43,77.58,7.11,1008.21,0.0,280.42,1994.5,Post-monsoon,1,11,3,0,131.0,82.9,85.0,90.8,70.49,US Embassy station (reference-grade),1
2019-11-08,57.5,152,Unhealthy,25.0,85.62,6.88,1009.71,10.8,270.21,1859.9,Post-monsoon,1,11,4,1,93.4,131.0,82.9,88.79,70.08,US Embassy station (reference-grade),1
2019-11-10,15.5,63,Moderate,23.08,91.21,20.83,1006.44,43.8,561.04,11688.4,Post-monsoon,1,11,6,0,57.5,93.4,131.0,81.61,67.81,US Embassy station (reference-grade),1
2019-11-11,40.4,113,Unhealthy for Sensitive Groups,24.87,80.62,11.67,1007.5,0.1,402.08,4692.6,Post-monsoon,1,11,0,0,15.5,57.5,93.4,72.24,67.49,US Embassy station (reference-grade),1
2019-11-12,72.3,163,Unhealthy,24.01,82.83,6.74,1010.76,0.0,348.33,2348.3,Post-monsoon,1,11,1,0,40.4,15.5,57.5,70.43,68.81,US Embassy station (reference-grade),1
2019-11-13,79.4,168,Unhealthy,24.07,82.33,6.7,1012.68,0.0,318.54,2132.9,Post-monsoon,1,11,2,0,72.3,40.4,15.5,69.93,69.72,US Embassy station (reference-grade),1
2019-11-14,73.1,163,Unhealthy,24.65,79.46,5.35,1012.63,0.0,298.12,1596.2,Post-monsoon,1,11,3,0,79.4,72.3,40.4,61.66,70.01,US Embassy station (reference-grade),1
2019-11-15,89.3,175,Unhealthy,24.43,77.54,4.02,1011.68,0.0,298.12,1197.5,Post-monsoon,1,11,4,1,73.1,79.4,72.3,61.07,70.67,US Embassy station (reference-grade),1
2019-11-16,100.0,182,Unhealthy,24.9,73.96,3.49,1011.58,0.0,330.0,1150.9,Post-monsoon,1,11,5,1,89.3,73.1,79.4,67.14,71.47,US Embassy station (reference-grade),1
2019-11-17,125.0,200,Unhealthy,24.22,73.5,4.31,1011.27,0.0,374.79,1614.7,Post-monsoon,1,11,6,0,100.0,89.3,73.1,82.79,74.01,US Embassy station (reference-grade),1
2019-11-18,128.0,203,Very Unhealthy,23.71,71.96,3.75,1011.6,0.0,348.96,1310.0,Post-monsoon,1,11,0,0,125.0,100.0,89.3,95.3,76.68,US Embassy station (reference-grade),1
2019-11-19,161.0,236,Very Unhealthy,23.21,79.46,4.23,1011.81,0.0,361.46,1527.2,Post-monsoon,1,11,1,0,128.0,125.0,100.0,107.97,80.28,US Embassy station (reference-grade),1
2019-11-20,113.0,191,Unhealthy,22.05,73.04,6.43,1012.69,0.0,379.79,2441.7,Post-monsoon,1,11,2,0,161.0,128.0,125.0,112.77,81.6,US Embassy station (reference-grade),1
2019-11-21,102.0,184,Unhealthy,22.2,76.75,6.04,1013.16,0.0,333.54,2013.8,Post-monsoon,1,11,3,0,113.0,161.0,128.0,116.9,82.38,US Embassy station (reference-grade),1
2019-11-22,132.0,207,Very Unhealthy,23.31,77.08,3.81,1013.35,0.0,319.17,1216.8,Post-monsoon,1,11,4,1,102.0,113.0,161.0,123.0,83.79,US Embassy station (reference-grade),1
2019-11-23,118.0,195,Unhealthy,23.01,76.96,4.45,1012.94,0.0,340.83,1515.3,Post-monsoon,1,11,5,1,132.0,102.0,113.0,125.57,84.5,US Embassy station (reference-grade),1
2019-11-24,139.0,214,Very Unhealthy,22.6,79.88,5.15,1012.5,0.0,314.38,1617.7,Post-monsoon,1,11,6,0,118.0,132.0,102.0,127.57,85.6,US Embassy station (reference-grade),1
2019-11-25,107.0,187,Unhealthy,22.49,82.33,5.98,1013.43,0.0,321.88,1923.2,Post-monsoon,1,11,0,0,139.0,118.0,132.0,124.57,87.66,US Embassy station (reference-grade),1
2019-11-26,86.2,173,Unhealthy,22.67,82.12,5.21,1013.23,0.0,322.92,1681.9,Post-monsoon,1,11,1,0,107.0,139.0,118.0,113.89,90.04,US Embassy station (reference-grade),1
2019-11-27,66.4,159,Unhealthy,22.48,82.12,6.82,1013.27,0.0,276.46,1886.8,Post-monsoon,1,11,2,0,86.2,107.0,139.0,107.23,90.58,US Embassy station (reference-grade),1
2019-11-28,77.8,167,Unhealthy,22.69,78.67,5.65,1013.17,0.0,229.17,1294.8,Post-monsoon,1,11,3,0,66.4,86.2,107.0,103.77,91.41,US Embassy station (reference-grade),1
2019-11-29,104.0,185,Unhealthy,22.32,82.62,5.59,1012.68,0.0,210.62,1177.7,Post-monsoon,1,11,4,1,77.8,66.4,86.2,99.77,92.34,US Embassy station (reference-grade),1
2019-11-30,126.0,201,Very Unhealthy,22.56,81.79,5.06,1012.48,0.0,247.08,1250.9,Post-monsoon,1,11,5,1,104.0,77.8,66.4,100.91,93.8,US Embassy station (reference-grade),1
2019-12-01,126.0,201,Very Unhealthy,21.78,78.25,6.44,1013.32,0.0,357.71,2304.2,Winter,1,12,6,0,126.0,104.0,77.8,99.06,95.82,US Embassy station (reference-grade),1
2019-12-02,117.0,194,Unhealthy,20.52,73.58,7.96,1013.73,0.0,425.62,3389.0,Winter,1,12,0,0,126.0,126.0,104.0,100.49,97.33,US Embassy station (reference-grade),1
2019-12-03,133.0,208,Very Unhealthy,19.35,76.21,7.48,1013.52,0.0,395.62,2957.3,Winter,1,12,1,0,117.0,126.0,126.0,107.17,99.57,US Embassy station (reference-grade),1
2019-12-04,107.0,187,Unhealthy,19.92,75.46,8.03,1015.28,0.0,338.75,2721.3,Winter,1,12,2,0,133.0,117.0,126.0,112.97,99.61,US Embassy station (reference-grade),1
2019-12-05,76.5,166,Unhealthy,20.81,76.0,7.81,1016.02,0.0,231.25,1806.6,Winter,1,12,3,0,107.0,133.0,117.0,112.79,99.32,US Embassy station (reference-grade),1
2019-12-06,59.9,154,Unhealthy,20.83,73.42,6.82,1016.51,0.0,206.25,1405.9,Winter,1,12,4,1,76.5,107.0,133.0,106.49,98.56,US Embassy station (reference-grade),1
2019-12-07,82.5,170,Unhealthy,20.63,71.46,7.27,1015.29,0.0,243.96,1773.8,Winter,1,12,5,1,59.9,76.5,107.0,100.27,96.94,US Embassy station (reference-grade),1
2019-12-08,99.4,182,Unhealthy,21.23,72.75,5.62,1015.16,0.0,252.08,1418.0,Winter,1,12,6,0,82.5,59.9,76.5,96.47,97.14,US Embassy station (reference-grade),1
2019-12-10,101.0,183,Unhealthy,19.71,73.21,7.87,1012.98,0.0,392.92,3090.9,Winter,1,12,1,0,99.4,82.5,59.9,94.19,98.59,US Embassy station (reference-grade),1
2019-12-11,144.0,219,Very Unhealthy,20.38,71.21,5.92,1012.4,0.0,387.92,2295.2,Winter,1,12,2,0,101.0,99.4,82.5,95.76,102.87,US Embassy station (reference-grade),1
2019-12-12,161.0,236,Very Unhealthy,20.23,73.62,6.73,1014.03,0.0,393.33,2646.8,Winter,1,12,3,0,144.0,101.0,99.4,103.47,106.89,US Embassy station (reference-grade),1
2019-12-13,194.0,269,Very Unhealthy,19.6,75.0,5.77,1015.32,0.0,300.83,1736.1,Winter,1,12,4,1,161.0,144.0,101.0,120.26,110.95,US Embassy station (reference-grade),1
2019-12-14,134.0,209,Very Unhealthy,20.25,75.38,6.15,1015.83,0.0,301.88,1857.8,Winter,1,12,5,1,194.0,161.0,144.0,130.84,112.77,US Embassy station (reference-grade),1
2019-12-15,133.0,208,Very Unhealthy,20.47,77.92,7.34,1015.07,0.0,361.46,2653.7,Winter,1,12,6,0,134.0,194.0,161.0,138.06,114.77,US Embassy station (reference-grade),1
2019-12-16,121.0,197,Unhealthy,19.55,79.62,7.82,1014.56,0.0,238.75,1868.2,Winter,1,12,0,0,133.0,134.0,194.0,141.14,115.82,US Embassy station (reference-grade),1
2019-12-17,123.0,198,Unhealthy,19.69,78.33,6.4,1015.4,0.0,304.17,1947.9,Winter,1,12,1,0,121.0,133.0,134.0,144.29,116.59,US Embassy station (reference-grade),1
2019-12-18,144.0,219,Very Unhealthy,18.02,76.67,10.47,1015.86,0.0,378.96,3966.4,Winter,1,12,2,0,123.0,121.0,133.0,144.29,117.22,US Embassy station (reference-grade),1
2019-12-19,150.0,225,Very Unhealthy,16.26,80.88,8.15,1014.38,0.0,299.79,2443.3,Winter,1,12,3,0,144.0,123.0,121.0,142.71,117.96,US Embassy station (reference-grade),1
2019-12-20,161.0,236,Very Unhealthy,15.98,81.79,7.4,1012.86,0.0,312.08,2310.7,Winter,1,12,4,1,150.0,144.0,123.0,138.0,117.96,US Embassy station (reference-grade),1
2019-12-21,136.0,211,Very Unhealthy,15.64,81.62,7.09,1013.81,0.0,335.83,2380.2,Winter,1,12,5,1,161.0,150.0,144.0,138.29,118.72,US Embassy station (reference-grade),1
2019-12-22,138.0,213,Very Unhealthy,15.53,81.17,7.26,1014.27,0.0,318.75,2313.6,Winter,1,12,6,0,136.0,161.0,150.0,139.0,119.92,US Embassy station (reference-grade),1
2019-12-23,136.0,211,Very Unhealthy,16.68,80.46,7.88,1014.73,0.0,292.08,2301.4,Winter,1,12,0,0,138.0,136.0,161.0,141.14,120.06,US Embassy station (reference-grade),1
2019-12-24,218.0,293,Very Unhealthy,16.3,80.75,9.01,1015.13,0.0,352.92,3180.7,Winter,1,12,1,0,136.0,138.0,136.0,154.71,123.39,US Embassy station (reference-grade),1
2019-12-25,181.0,256,Very Unhealthy,16.09,82.29,6.35,1014.5,0.0,267.29,1698.4,Winter,1,12,2,0,218.0,136.0,138.0,160.0,124.79,US Embassy station (reference-grade),1
2019-12-26,268.0,386,Hazardous,17.04,75.75,6.98,1013.84,0.2,256.67,1790.3,Winter,1,12,3,0,181.0,218.0,136.0,176.86,130.16,US Embassy station (reference-grade),1
2019-12-27,218.0,293,Very Unhealthy,16.7,80.38,6.95,1013.47,1.8,192.5,1338.7,Winter,1,12,4,1,268.0,181.0,218.0,185.0,134.55,US Embassy station (reference-grade),1
2019-12-28,171.0,246,Very Unhealthy,16.22,83.83,9.53,1014.9,0.0,381.46,3636.6,Winter,1,12,5,1,218.0,268.0,181.0,190.0,138.04,US Embassy station (reference-grade),1
2019-12-29,164.0,239,Very Unhealthy,16.51,81.88,9.08,1014.39,0.0,276.25,2509.3,Winter,1,12,6,0,171.0,218.0,268.0,193.71,140.91,US Embassy station (reference-grade),1
2019-12-30,162.0,237,Very Unhealthy,17.16,80.58,7.32,1015.15,0.0,222.08,1626.8,Winter,1,12,0,0,164.0,171.0,218.0,197.43,142.84,US Embassy station (reference-grade),1
2019-12-31,171.0,246,Very Unhealthy,17.91,80.54,6.68,1015.95,0.0,232.08,1549.2,Winter,1,12,1,0,162.0,164.0,171.0,190.71,144.34,US Embassy station (reference-grade),1
2020-01-01,205.0,280,Very Unhealthy,19.44,72.75,5.59,1017.32,0.0,247.08,1380.6,Winter,1,1,2,0,171.0,162.0,164.0,194.14,146.98,US Embassy station (reference-grade),1
2020-01-02,134.0,209,Very Unhealthy,20.31,80.0,5.61,1018.27,0.0,243.54,1365.9,Winter,1,1,3,0,205.0,171.0,162.0,175.0,147.54,US Embassy station (reference-grade),1
2020-01-03,48.2,132,Unhealthy for Sensitive Groups,18.06,88.0,8.4,1016.25,12.2,220.21,1849.8,Winter,1,1,4,1,134.0,205.0,171.0,150.74,144.72,US Embassy station (reference-grade),1
2020-01-04,64.4,157,Unhealthy,17.71,84.08,3.6,1014.04,0.2,268.96,968.2,Winter,1,1,5,1,48.2,134.0,205.0,135.51,143.3,US Embassy station (reference-grade),1
2020-01-05,107.0,187,Unhealthy,17.08,85.08,6.2,1013.91,0.6,204.38,1268.0,Winter,1,1,6,0,64.4,48.2,134.0,127.37,144.31,US Embassy station (reference-grade),1
2020-01-06,129.0,204,Very Unhealthy,15.92,81.67,7.76,1017.27,0.0,342.29,2655.6,Winter,1,1,0,0,107.0,64.4,48.2,122.66,146.62,US Embassy station (reference-grade),1
2020-01-07,183.0,258,Very Unhealthy,15.44,79.92,7.7,1014.99,0.0,353.75,2722.4,Winter,1,1,1,0,129.0,107.0,64.4,124.37,149.97,US Embassy station (reference-grade),1
2020-01-09,159.0,234,Very Unhealthy,17.87,79.08,6.44,1013.71,1.5,176.67,1138.0,Winter,1,1,3,0,183.0,129.0,107.0,117.8,151.95,US Embassy station (reference-grade),1
2020-01-10,140.0,215,Very Unhealthy,17.42,80.17,8.35,1014.38,0.0,408.54,3409.6,Winter,1,1,4,1,159.0,183.0,129.0,118.66,153.25,US Embassy station (reference-grade),1
2020-01-11,178.0,253,Very Unhealthy,16.65,78.71,11.14,1015.15,0.0,455.21,5069.9,Winter,1,1,5,1,140.0,159.0,183.0,137.2,154.39,US Embassy station (reference-grade),1
2020-01-12,202.0,277,Very Unhealthy,16.92,81.08,10.43,1012.82,0.0,364.38,3800.1,Winter,1,1,6,0,178.0,140.0,159.0,156.86,155.75,US Embassy station (reference-grade),1
2020-01-13,228.0,306,Hazardous,16.3,82.29,7.1,1011.15,0.0,318.75,2263.1,Winter,1,1,0,0,202.0,178.0,140.0,174.14,156.89,US Embassy station (reference-grade),1
2020-01-14,246.0,342,Hazardous,17.17,83.29,5.9,1012.01,0.0,313.54,1848.6,Winter,1,1,1,0,228.0,202.0,178.0,190.86,160.62,US Embassy station (reference-grade),1
2020-01-15,255.0,360,Hazardous,17.69,80.38,6.81,1013.41,0.0,249.79,1701.7,Winter,1,1,2,0,246.0,228.0,202.0,201.14,164.69,US Embassy station (reference-grade),1
2020-01-16,208.0,283,Very Unhealthy,18.75,79.29,6.75,1013.7,0.0,213.75,1442.8,Winter,1,1,3,0,255.0,246.0,228.0,208.14,167.59,US Embassy station (reference-grade),1
2020-01-17,129.0,204,Very Unhealthy,19.79,77.5,6.42,1014.09,0.0,242.92,1560.7,Winter,1,1,4,1,208.0,255.0,246.0,206.57,167.79,US Embassy station (reference-grade),1
2020-01-18,167.0,242,Very Unhealthy,19.95,79.12,6.02,1013.62,0.0,258.75,1559.0,Winter,1,1,5,1,129.0,208.0,255.0,205.0,168.55,US Embassy station (reference-grade),1
2020-01-19,188.0,263,Very Unhealthy,20.74,76.08,6.77,1013.01,0.0,309.79,2097.5,Winter,1,1,6,0,167.0,129.0,208.0,203.0,169.82,US Embassy station (reference-grade),1
2020-01-20,137.0,212,Very Unhealthy,18.28,78.71,8.88,1014.87,1.8,407.08,3616.3,Winter,1,1,0,0,188.0,167.0,129.0,190.0,169.02,US Embassy station (reference-grade),1
2020-01-21,165.0,240,Very Unhealthy,15.98,75.96,7.57,1017.13,0.0,362.92,2747.6,Winter,1,1,1,0,137.0,188.0,167.0,178.43,169.99,US Embassy station (reference-grade),1
2020-01-22,181.0,256,Very Unhealthy,16.73,74.33,6.87,1016.57,0.0,303.96,2088.4,Winter,1,1,2,0,165.0,137.0,188.0,167.86,171.42,US Embassy station (reference-grade),1
2020-01-23,201.0,276,Very Unhealthy,16.03,82.79,5.99,1014.48,0.0,261.25,1565.3,Winter,1,1,3,0,181.0,165.0,137.0,166.86,173.59,US Embassy station (reference-grade),1
2020-01-24,200.0,275,Very Unhealthy,16.55,78.08,6.12,1014.23,0.0,398.54,2441.1,Winter,1,1,4,1,201.0,181.0,165.0,177.0,172.99,US Embassy station (reference-grade),1
2020-01-25,160.0,235,Very Unhealthy,15.55,69.25,7.18,1013.64,0.0,363.33,2609.9,Winter,1,1,5,1,200.0,201.0,181.0,176.0,172.29,US Embassy station (reference-grade),1
2020-01-26,175.0,250,Very Unhealthy,15.74,72.54,8.16,1012.01,0.0,461.88,3770.1,Winter,1,1,6,0,160.0,200.0,201.0,174.14,169.19,US Embassy station (reference-grade),1
2020-01-27,217.0,292,Very Unhealthy,16.62,68.08,7.77,1011.44,0.0,418.33,3250.8,Winter,1,1,0,0,175.0,160.0,200.0,185.57,169.15,US Embassy station (reference-grade),1
2020-01-28,277.0,404,Hazardous,17.82,70.46,4.11,1012.23,0.0,319.17,1311.2,Winter,1,1,1,0,217.0,175.0,160.0,201.57,172.69,US Embassy station (reference-grade),1
2020-01-29,254.0,358,Hazardous,17.83,80.79,6.25,1014.22,0.6,167.92,1049.5,Winter,1,1,2,0,277.0,217.0,175.0,212.0,175.69,US Embassy station (reference-grade),1
2020-01-30,269.0,388,Hazardous,19.17,82.96,4.9,1012.27,0.5,275.0,1348.6,Winter,1,1,3,0,254.0,277.0,217.0,221.71,179.25,US Embassy station (reference-grade),1
2020-01-31,204.0,279,Very Unhealthy,18.97,77.83,7.77,1012.42,0.0,409.79,3182.7,Winter,1,1,4,1,269.0,254.0,277.0,222.29,180.35,US Embassy station (reference-grade),1
2020-02-01,135.0,210,Very Unhealthy,17.49,68.33,8.03,1014.25,0.0,485.0,3896.2,Winter,1,2,5,1,204.0,269.0,254.0,218.71,178.02,US Embassy station (reference-grade),1
2020-02-02,115.0,193,Unhealthy,16.52,63.42,8.56,1016.46,0.0,484.79,4151.0,Winter,1,2,6,0,135.0,204.0,269.0,210.14,177.39,US Embassy station (reference-grade),1
2020-02-03,145.0,220,Very Unhealthy,15.9,62.71,8.17,1016.85,0.0,420.0,3431.7,Winter,1,2,0,0,115.0,135.0,204.0,199.86,180.61,US Embassy station (reference-grade),1
2020-02-04,143.0,218,Very Unhealthy,16.67,64.58,7.4,1014.65,0.0,395.0,2924.6,Winter,1,2,1,0,145.0,115.0,135.0,180.71,183.23,US Embassy station (reference-grade),1
2020-02-05,140.0,215,Very Unhealthy,19.08,62.33,6.83,1012.87,0.0,351.67,2401.6,Winter,1,2,2,0,143.0,145.0,115.0,164.43,184.33,US Embassy station (reference-grade),1
2020-02-06,149.0,224,Very Unhealthy,18.79,60.54,7.38,1014.38,0.0,544.58,4018.6,Winter,1,2,3,0,140.0,143.0,145.0,147.29,185.0,US Embassy station (reference-grade),1
2020-02-08,158.0,233,Very Unhealthy,18.94,58.29,7.68,1016.4,0.0,273.12,2096.2,Winter,1,2,5,1,149.0,140.0,143.0,140.71,184.17,US Embassy station (reference-grade),1
2020-02-09,155.0,230,Very Unhealthy,19.81,63.5,7.93,1016.37,0.0,414.58,3289.0,Winter,1,2,6,0,158.0,149.0,140.0,143.57,184.03,US Embassy station (reference-grade),1
2020-02-10,117.0,194,Unhealthy,18.95,56.96,9.48,1015.62,0.0,501.25,4751.4,Winter,1,2,0,0,155.0,158.0,149.0,143.86,183.27,US Embassy station (reference-grade),1
2020-02-11,130.0,205,Very Unhealthy,18.82,59.79,8.34,1015.68,0.0,482.29,4023.1,Winter,1,2,1,0,117.0,155.0,158.0,141.71,181.67,US Embassy station (reference-grade),1
2020-02-12,138.0,213,Very Unhealthy,19.24,57.75,9.15,1014.78,0.0,444.79,4068.0,Winter,1,2,2,0,130.0,117.0,155.0,141.0,179.53,US Embassy station (reference-grade),1
2020-02-13,155.0,230,Very Unhealthy,18.65,55.67,8.91,1012.52,0.0,424.38,3782.2,Winter,1,2,3,0,138.0,130.0,117.0,143.14,177.1,US Embassy station (reference-grade),1
2020-02-14,250.0,350,Hazardous,20.26,61.25,7.54,1009.0,0.0,497.5,3752.0,Winter,1,2,4,1,155.0,138.0,130.0,157.57,177.23,US Embassy station (reference-grade),1
2020-02-15,157.0,232,Very Unhealthy,21.65,73.83,7.69,1010.49,0.0,489.58,3763.7,Winter,1,2,5,1,250.0,155.0,138.0,157.43,173.97,US Embassy station (reference-grade),1
2020-02-16,186.0,261,Very Unhealthy,21.02,68.25,6.23,1013.22,0.0,477.29,2975.1,Winter,1,2,6,0,157.0,250.0,155.0,161.86,173.23,US Embassy station (reference-grade),1
2020-02-17,198.0,273,Very Unhealthy,20.91,63.29,6.58,1013.64,0.0,422.08,2778.7,Winter,1,2,0,0,186.0,157.0,250.0,173.43,175.53,US Embassy station (reference-grade),1
2020-02-18,206.0,281,Very Unhealthy,21.96,62.75,6.26,1012.74,0.0,459.79,2879.4,Winter,1,2,1,0,198.0,186.0,157.0,184.29,176.83,US Embassy station (reference-grade),1
2020-02-19,225.0,300,Very Unhealthy,22.13,60.29,5.62,1014.06,0.0,521.04,2928.7,Winter,1,2,2,0,206.0,198.0,186.0,196.71,178.07,US Embassy station (reference-grade),1
2020-02-20,271.0,392,Hazardous,21.72,67.62,6.18,1014.77,0.0,448.75,2772.9,Winter,1,2,3,0,225.0,206.0,198.0,213.29,182.53,US Embassy station (reference-grade),1
2020-02-21,187.0,262,Very Unhealthy,22.23,65.67,7.58,1016.52,0.0,404.17,3063.2,Winter,1,2,4,1,271.0,225.0,206.0,204.29,183.27,US Embassy station (reference-grade),1
2020-02-22,140.0,215,Very Unhealthy,22.63,63.21,5.32,1016.3,0.0,369.17,1962.7,Winter,1,2,5,1,187.0,271.0,225.0,201.86,181.9,US Embassy station (reference-grade),1
2020-02-23,162.0,237,Very Unhealthy,22.92,66.46,6.28,1014.8,0.0,398.54,2504.2,Winter,1,2,6,0,140.0,187.0,271.0,198.43,180.6,US Embassy station (reference-grade),1
2020-02-24,203.0,278,Very Unhealthy,23.03,67.54,6.49,1012.48,0.0,398.33,2584.2,Winter,1,2,0,0,162.0,140.0,187.0,199.14,180.7,US Embassy station (reference-grade),1
2020-02-25,167.0,242,Very Unhealthy,20.85,83.5,6.4,1011.93,6.3,219.79,1407.6,Winter,1,2,1,0,203.0,162.0,140.0,193.57,180.93,US Embassy station (reference-grade),1
2020-02-26,105.0,186,Unhealthy,20.15,80.17,6.84,1012.39,0.8,350.83,2398.8,Winter,1,2,2,0,167.0,203.0,162.0,176.43,178.6,US Embassy station (reference-grade),1
2020-02-27,123.0,198,Unhealthy,20.59,76.96,5.04,1013.08,0.2,410.62,2070.2,Winter,1,2,3,0,105.0,167.0,203.0,155.29,175.47,US Embassy station (reference-grade),1
2020-02-28,105.0,186,Unhealthy,21.22,64.12,6.15,1012.13,0.0,420.21,2582.5,Winter,1,2,4,1,123.0,105.0,167.0,143.57,169.73,US Embassy station (reference-grade),1
2020-02-29,132.0,207,Very Unhealthy,21.73,58.46,6.95,1010.6,0.0,402.08,2794.5,Winter,1,2,5,1,105.0,123.0,105.0,142.43,165.67,US Embassy station (reference-grade),1
2020-03-01,119.0,196,Unhealthy,23.04,58.38,6.93,1010.61,0.0,451.88,3131.1,Pre-monsoon,1,3,6,0,132.0,105.0,123.0,136.29,160.67,US Embassy station (reference-grade),1
2020-03-02,148.0,223,Very Unhealthy,24.36,58.58,7.09,1010.0,0.0,464.79,3294.2,Pre-monsoon,1,3,0,0,119.0,132.0,105.0,128.43,158.8,US Embassy station (reference-grade),1
2020-03-03,107.0,187,Unhealthy,23.95,65.25,6.95,1009.71,5.8,399.79,2780.2,Pre-monsoon,1,3,1,0,148.0,119.0,132.0,119.86,157.87,US Embassy station (reference-grade),1
2020-03-04,88.5,174,Unhealthy,23.15,77.21,6.51,1010.3,2.7,319.79,2081.3,Pre-monsoon,1,3,2,0,107.0,148.0,119.0,117.5,156.98,US Embassy station (reference-grade),1
2020-03-05,77.3,166,Unhealthy,23.72,72.46,5.88,1010.16,5.9,388.75,2285.5,Pre-monsoon,1,3,3,0,88.5,107.0,148.0,110.97,154.73,US Embassy station (reference-grade),1
2020-03-06,62.3,156,Unhealthy,22.69,79.12,6.42,1011.63,13.2,314.17,2017.2,Pre-monsoon,1,3,4,1,77.3,88.5,107.0,104.87,152.04,US Embassy station (reference-grade),1
2020-03-07,86.8,173,Unhealthy,21.79,85.71,5.5,1012.8,2.6,228.96,1259.3,Pre-monsoon,1,3,5,1,62.3,77.3,88.5,98.41,150.26,US Embassy station (reference-grade),1
2020-03-09,71.5,162,Unhealthy,22.39,69.62,7.05,1010.0,0.0,600.0,4230.0,Pre-monsoon,1,3,0,0,86.8,62.3,77.3,91.63,147.68,US Embassy station (reference-grade),1
2020-03-10,106.0,186,Unhealthy,22.14,56.54,8.3,1010.14,0.0,496.88,4122.0,Pre-monsoon,1,3,1,0,71.5,86.8,62.3,85.63,145.95,US Embassy station (reference-grade),1
2020-03-11,123.0,198,Unhealthy,24.15,52.92,6.66,1010.18,0.0,377.08,2512.3,Pre-monsoon,1,3,2,0,106.0,71.5,86.8,87.91,144.88,US Embassy station (reference-grade),1
2020-03-12,131.0,206,Very Unhealthy,26.23,58.08,5.62,1011.65,0.0,407.71,2290.0,Pre-monsoon,1,3,3,0,123.0,106.0,71.5,93.99,145.35,US Embassy station (reference-grade),1
2020-03-13,113.0,191,Unhealthy,27.08,58.33,7.13,1012.08,0.0,442.29,3153.2,Pre-monsoon,1,3,4,1,131.0,123.0,106.0,99.09,144.78,US Embassy station (reference-grade),1
2020-03-14,82.2,170,Unhealthy,26.91,53.0,15.62,1011.53,0.0,638.96,9978.4,Pre-monsoon,1,3,5,1,113.0,131.0,123.0,101.93,142.92,US Embassy station (reference-grade),1
2020-03-15,63.9,157,Unhealthy,25.34,57.5,12.78,1011.15,0.0,453.54,5797.8,Pre-monsoon,1,3,6,0,82.2,113.0,131.0,98.66,139.88,US Embassy station (reference-grade),1
2020-03-16,80.5,169,Unhealthy,25.85,59.0,8.71,1011.45,0.0,526.46,4586.8,Pre-monsoon,1,3,0,0,63.9,82.2,113.0,99.94,134.23,US Embassy station (reference-grade),1
2020-03-17,81.6,169,Unhealthy,25.6,52.54,7.96,1012.54,0.0,499.17,3974.6,Pre-monsoon,1,3,1,0,80.5,63.9,82.2,96.46,131.72,US Embassy station (reference-grade),1
2020-03-18,98.7,181,Unhealthy,25.69,51.75,7.22,1011.15,0.0,585.62,4228.7,Pre-monsoon,1,3,2,0,81.6,80.5,63.9,92.99,128.81,US Embassy station (reference-grade),1
2020-03-19,95.8,179,Unhealthy,25.3,52.46,6.55,1009.95,0.0,480.42,3146.7,Pre-monsoon,1,3,3,0,98.7,81.6,80.5,87.96,125.4,US Embassy station (reference-grade),1
2020-03-20,157.0,232,Very Unhealthy,25.55,56.62,4.81,1009.22,1.0,405.62,1950.4,Pre-monsoon,1,3,4,1,95.8,98.7,81.6,94.24,123.77,US Embassy station (reference-grade),1
2020-03-21,137.0,212,Very Unhealthy,25.98,52.5,6.72,1009.67,0.0,538.96,3624.5,Pre-monsoon,1,3,5,1,157.0,95.8,98.7,102.07,120.84,US Embassy station (reference-grade),1
2020-03-22,45.8,126,Unhealthy for Sensitive Groups,24.41,56.88,6.52,1011.35,0.5,441.67,2880.0,Pre-monsoon,1,3,6,0,137.0,157.0,95.8,99.49,113.33,US Embassy station (reference-grade),1
2020-03-23,88.1,174,Unhealthy,24.54,60.62,6.88,1010.32,0.0,493.54,3397.2,Pre-monsoon,1,3,0,0,45.8,137.0,157.0,100.57,110.03,US Embassy station (reference-grade),1
2020-03-24,138.0,213,Very Unhealthy,25.49,56.75,5.55,1008.98,0.0,520.83,2892.8,Pre-monsoon,1,3,1,0,88.1,45.8,137.0,108.63,109.97,US Embassy station (reference-grade),1
2020-03-25,142.0,217,Very Unhealthy,27.33,52.17,4.4,1007.5,0.0,631.67,2782.0,Pre-monsoon,1,3,2,0,138.0,88.1,45.8,114.81,109.3,US Embassy station (reference-grade),1
2020-03-26,137.0,212,Very Unhealthy,28.4,56.04,5.18,1007.87,0.0,609.58,3159.7,Pre-monsoon,1,3,3,0,142.0,138.0,88.1,120.7,107.1,US Embassy station (reference-grade),1
2020-03-27,93.0,177,Unhealthy,29.1,50.17,8.88,1008.4,0.0,631.04,5600.5,Pre-monsoon,1,3,4,1,137.0,142.0,138.0,111.56,104.63,US Embassy station (reference-grade),1
2020-03-28,78.2,167,Unhealthy,29.4,53.17,9.52,1006.76,0.0,620.21,5907.5,Pre-monsoon,1,3,5,1,93.0,137.0,142.0,103.16,103.74,US Embassy station (reference-grade),1
2020-03-29,48.6,133,Unhealthy for Sensitive Groups,28.51,52.62,9.58,1006.46,0.0,550.83,5278.8,Pre-monsoon,1,3,6,0,78.2,93.0,137.0,103.56,101.26,US Embassy station (reference-grade),1
2020-03-30,47.3,130,Unhealthy for Sensitive Groups,27.74,46.33,8.94,1007.81,0.0,555.21,4962.2,Pre-monsoon,1,3,0,0,48.6,78.2,93.0,97.73,99.34,US Embassy station (reference-grade),1
2020-03-31,85.7,172,Unhealthy,27.33,46.12,8.59,1008.24,0.0,642.29,5518.4,Pre-monsoon,1,3,1,0,47.3,48.6,78.2,90.26,97.79,US Embassy station (reference-grade),1
2020-04-01,131.0,206,Very Unhealthy,28.02,47.96,7.48,1007.03,0.0,526.88,3938.4,Pre-monsoon,1,4,2,0,85.7,47.3,48.6,88.69,98.19,US Embassy station (reference-grade),1
2020-04-02,63.5,157,Unhealthy,29.15,65.17,9.92,1006.15,0.3,598.96,5939.7,Pre-monsoon,1,4,3,0,131.0,85.7,47.3,78.19,95.38,US Embassy station (reference-grade),1
2020-04-03,87.6,174,Unhealthy,29.13,70.17,10.06,1007.29,0.2,547.92,5513.4,Pre-monsoon,1,4,4,1,63.5,131.0,85.7,77.41,94.73,US Embassy station (reference-grade),1
2020-04-04,61.5,155,Unhealthy,28.72,66.33,6.96,1009.02,0.0,584.17,4067.3,Pre-monsoon,1,4,5,1,87.6,63.5,131.0,75.03,93.83,US Embassy station (reference-grade),1
2020-04-05,94.6,178,Unhealthy,28.44,73.83,9.45,1009.04,0.5,436.67,4128.3,Pre-monsoon,1,4,6,0,61.5,87.6,63.5,81.6,94.41,US Embassy station (reference-grade),1
2020-04-06,110.0,189,Unhealthy,29.23,62.96,10.15,1007.9,0.0,642.08,6517.1,Pre-monsoon,1,4,0,0,94.6,61.5,87.6,90.56,96.0,US Embassy station (reference-grade),1
2020-04-08,53.5,145,Unhealthy for Sensitive Groups,29.1,69.21,10.68,1007.1,1.4,536.46,5731.2,Pre-monsoon,1,4,2,0,110.0,94.6,61.5,85.96,94.89,US Embassy station (reference-grade),1
2020-04-09,56.7,152,Unhealthy,28.86,66.29,9.32,1007.63,0.5,438.75,4089.5,Pre-monsoon,1,4,3,0,53.5,110.0,94.6,75.34,94.39,US Embassy station (reference-grade),1
2020-04-10,51.5,140,Unhealthy for Sensitive Groups,29.29,60.25,7.45,1009.58,0.0,557.71,4152.6,Pre-monsoon,1,4,4,1,56.7,53.5,110.0,73.63,92.58,US Embassy station (reference-grade),1
2020-04-11,28.5,87,Moderate,29.15,65.38,7.62,1010.39,0.1,563.75,4293.9,Pre-monsoon,1,4,5,1,51.5,56.7,53.5,65.19,89.43,US Embassy station (reference-grade),1
2020-04-12,35.6,101,Unhealthy for Sensitive Groups,27.3,65.17,5.71,1009.18,1.3,407.5,2326.1,Pre-monsoon,1,4,6,0,28.5,51.5,56.7,61.49,86.25,US Embassy station (reference-grade),1
2020-04-13,76.1,165,Unhealthy,28.75,65.21,6.99,1007.59,0.0,522.29,3649.5,Pre-monsoon,1,4,0,0,35.6,28.5,51.5,58.84,85.02,US Embassy station (reference-grade),1
2020-04-14,67.4,159,Unhealthy,29.53,70.08,6.54,1008.32,0.3,498.54,3259.2,Pre-monsoon,1,4,1,0,76.1,35.6,28.5,52.76,84.52,US Embassy station (reference-grade),1
2020-04-15,32.5,95,Moderate,28.18,74.12,8.01,1008.78,2.1,456.88,3658.8,Pre-monsoon,1,4,2,0,67.4,76.1,35.6,49.76,83.48,US Embassy station (reference-grade),1
2020-04-16,41.6,116,Unhealthy for Sensitive Groups,28.23,68.12,6.65,1007.05,0.1,529.38,3520.3,Pre-monsoon,1,4,3,0,32.5,67.4,76.1,47.6,82.18,US Embassy station (reference-grade),1
2020-04-17,32.5,95,Moderate,27.11,79.83,13.51,1006.05,25.6,495.21,6689.4,Pre-monsoon,1,4,4,1,41.6,32.5,67.4,44.89,80.54,US Embassy station (reference-grade),1
2020-04-18,34.2,98,Moderate,26.88,82.54,12.95,1007.15,19.0,576.88,7468.1,Pre-monsoon,1,4,5,1,32.5,41.6,32.5,45.7,78.39,US Embassy station (reference-grade),1
2020-04-19,30.3,90,Moderate,28.4,74.92,10.98,1007.39,4.3,539.38,5921.9,Pre-monsoon,1,4,6,0,34.2,32.5,41.6,44.94,76.21,US Embassy station (reference-grade),1
2020-04-20,33.8,97,Moderate,27.92,78.0,11.4,1007.71,5.6,428.33,4884.8,Pre-monsoon,1,4,0,0,30.3,34.2,32.5,38.9,72.1,US Embassy station (reference-grade),1
2020-04-21,59.5,154,Unhealthy,25.79,81.79,7.45,1008.05,21.9,266.25,1982.5,Pre-monsoon,1,4,1,0,33.8,30.3,34.2,37.77,69.52,US Embassy station (reference-grade),1
2020-04-22,53.0,144,Unhealthy for Sensitive Groups,24.95,79.83,6.1,1008.12,9.4,341.88,2085.4,Pre-monsoon,1,4,2,0,59.5,33.8,30.3,40.7,69.76,US Embassy station (reference-grade),1
2020-04-23,43.0,119,Unhealthy for Sensitive Groups,24.81,88.96,6.5,1007.81,5.9,347.29,2255.9,Pre-monsoon,1,4,3,0,53.0,59.5,33.8,40.9,68.26,US Embassy station (reference-grade),1
2020-04-24,44.5,123,Unhealthy for Sensitive Groups,24.68,88.29,8.58,1006.87,8.0,328.33,2815.5,Pre-monsoon,1,4,4,1,43.0,53.0,59.5,42.61,65.14,US Embassy station (reference-grade),1
2020-04-25,35.8,102,Unhealthy for Sensitive Groups,24.57,87.67,6.2,1007.41,10.3,338.54,2097.5,Pre-monsoon,1,4,5,1,44.5,43.0,53.0,42.84,61.6,US Embassy station (reference-grade),1
2020-04-26,26.6,84,Moderate,24.8,86.75,7.95,1009.79,16.9,374.79,2979.6,Pre-monsoon,1,4,6,0,35.8,44.5,43.0,42.31,57.92,US Embassy station (reference-grade),1
2020-04-27,36.5,103,Unhealthy for Sensitive Groups,25.59,80.46,5.66,1011.18,11.4,372.92,2111.6,Pre-monsoon,1,4,0,0,26.6,35.8,44.5,42.7,56.04,US Embassy station (reference-grade),1
2020-04-28,49.4,135,Unhealthy for Sensitive Groups,24.68,88.54,6.08,1010.25,14.9,311.67,1896.0,Pre-monsoon,1,4,1,0,36.5,26.6,35.8,41.26,55.08,US Embassy station (reference-grade),1
2020-04-29,37.7,106,Unhealthy for Sensitive Groups,24.81,86.29,6.28,1008.52,11.7,383.12,2407.3,Pre-monsoon,1,4,2,0,49.4,36.5,26.6,39.07,54.71,US Embassy station (reference-grade),1
2020-04-30,47.6,131,Unhealthy for Sensitive Groups,25.58,87.29,5.36,1008.93,10.5,384.38,2059.6,Pre-monsoon,1,4,3,0,37.7,49.4,36.5,39.73,54.72,US Embassy station (reference-grade),1
2020-05-01,56.2,151,Unhealthy,25.78,85.5,5.52,1008.26,2.6,267.92,1478.0,Pre-monsoon,0,5,4,1,47.6,37.7,49.4,41.4,53.74,US Embassy station (reference-grade),1
2020-05-02,42.5,118,Unhealthy for Sensitive Groups,25.68,85.33,6.15,1006.61,17.2,357.5,2200.1,Pre-monsoon,0,5,5,1,56.2,47.6,37.7,42.36,50.79,US Embassy station (reference-grade),1
2020-05-03,36.8,104,Unhealthy for Sensitive Groups,25.77,85.92,7.54,1006.33,17.9,364.58,2748.0,Pre-monsoon,0,5,6,0,42.5,56.2,47.6,43.81,49.9,US Embassy station (reference-grade),1
2020-05-04,61.8,155,Unhealthy,27.16,82.92,7.1,1007.54,1.4,438.75,3115.1,Pre-monsoon,0,5,0,0,36.8,42.5,56.2,47.43,49.04,US Embassy station (reference-grade),1
2020-05-05,27.5,85,Moderate,28.2,84.21,7.0,1006.73,1.0,469.17,3282.2,Pre-monsoon,0,5,1,0,61.8,36.8,42.5,44.3,47.91,US Embassy station (reference-grade),1
2020-05-06,33.6,97,Moderate,27.03,83.71,8.25,1006.3,26.4,331.46,2733.2,Pre-monsoon,0,5,2,0,27.5,61.8,36.8,43.71,45.87,US Embassy station (reference-grade),1
2020-05-08,71.2,162,Unhealthy,27.32,79.62,4.97,1006.01,0.2,348.96,1734.6,Pre-monsoon,0,5,4,1,33.6,27.5,61.8,47.09,44.58,US Embassy station (reference-grade),1
2020-05-09,65.6,158,Unhealthy,28.22,80.29,6.26,1006.94,0.6,362.92,2271.3,Pre-monsoon,0,5,5,1,71.2,33.6,27.5,48.43,44.98,US Embassy station (reference-grade),1
2020-05-10,59.7,154,Unhealthy,28.69,79.17,5.84,1006.73,3.1,414.38,2420.6,Pre-monsoon,0,5,6,0,65.6,71.2,33.6,50.89,45.08,US Embassy station (reference-grade),1
2020-05-11,59.6,154,Unhealthy,29.5,75.83,5.23,1007.25,0.6,412.71,2158.1,Pre-monsoon,0,5,0,0,59.7,65.6,71.2,54.14,45.35,US Embassy station (reference-grade),1
2020-05-12,54.4,148,Unhealthy for Sensitive Groups,29.78,71.62,5.48,1006.35,0.0,457.5,2506.7,Pre-monsoon,0,5,1,0,59.6,59.7,65.6,53.09,46.22,US Embassy station (reference-grade),1
2020-05-14,71.0,162,Unhealthy,28.6,81.96,6.62,1005.7,1.5,494.17,3271.8,Pre-monsoon,0,5,3,0,54.4,59.6,59.7,59.3,47.4,US Embassy station (reference-grade),1
2020-05-15,40.0,112,Unhealthy for Sensitive Groups,27.78,87.46,7.34,1004.14,13.8,486.67,3570.9,Pre-monsoon,0,5,4,1,71.0,54.4,59.6,60.21,46.19,US Embassy station (reference-grade),1
2020-05-16,35.4,100,Moderate,29.65,78.75,10.55,1002.92,1.1,611.46,6450.9,Pre-monsoon,0,5,5,1,40.0,71.0,54.4,55.1,45.13,US Embassy station (reference-grade),1
2020-05-17,28.8,88,Moderate,29.78,78.96,9.05,1002.69,0.0,487.71,4413.8,Pre-monsoon,0,5,6,0,35.4,40.0,71.0,49.84,45.0,US Embassy station (reference-grade),1
2020-05-18,42.0,117,Unhealthy for Sensitive Groups,29.59,76.0,5.95,1001.32,0.0,432.29,2570.3,Pre-monsoon,0,5,0,0,28.8,35.4,40.0,47.31,45.02,US Embassy station (reference-grade),1
2020-05-19,66.5,159,Unhealthy,28.08,83.75,5.59,1000.52,3.2,245.42,1371.3,Pre-monsoon,0,5,1,0,42.0,28.8,35.4,48.3,46.15,US Embassy station (reference-grade),1
2020-05-27,15.7,63,Moderate,27.78,85.04,17.56,1003.49,35.6,719.58,12634.7,Pre-monsoon,0,5,2,0,66.5,42.0,28.8,42.77,45.53,US Embassy station (reference-grade),1
2020-05-28,26.6,84,Moderate,26.53,87.5,8.98,1004.11,22.0,394.38,3541.2,Pre-monsoon,0,5,3,0,15.7,66.5,42.0,36.43,45.41,US Embassy station (reference-grade),1
2020-05-29,29.8,90,Moderate,26.05,85.83,8.45,1005.4,17.6,339.79,2869.8,Pre-monsoon,0,5,4,1,26.6,15.7,66.5,34.97,45.28,US Embassy station (reference-grade),1
2020-05-31,31.0,92,Moderate,27.97,81.17,7.6,1006.97,6.8,405.83,3082.6,Pre-monsoon,0,5,6,0,29.8,26.6,15.7,34.34,44.33,US Embassy station (reference-grade),1
2020-06-01,30.6,91,Moderate,28.5,82.79,10.05,1006.48,4.7,558.96,5619.9,Monsoon,0,6,0,0,31.0,29.8,26.6,34.6,43.58,US Embassy station (reference-grade),1
2020-06-02,45.3,125,Unhealthy for Sensitive Groups,28.62,83.92,14.59,1004.72,6.2,689.17,10053.2,Monsoon,0,6,1,0,30.6,31.0,29.8,35.07,43.66,US Embassy station (reference-grade),1
2020-06-03,27.8,86,Moderate,27.9,87.92,12.42,1004.25,14.7,534.17,6637.0,Monsoon,0,6,2,0,45.3,30.6,31.0,29.54,43.1,US Embassy station (reference-grade),1
2020-06-04,29.6,89,Moderate,27.92,89.38,10.25,1003.82,24.4,439.38,4503.6,Monsoon,0,6,3,0,27.8,45.3,30.6,31.53,42.89,US Embassy station (reference-grade),1
2020-06-05,41.8,117,Unhealthy for Sensitive Groups,28.62,85.46,12.02,1003.37,10.8,475.0,5711.9,Monsoon,0,6,4,1,29.6,27.8,45.3,33.7,43.4,US Embassy station (reference-grade),1
2020-06-07,56.1,151,Unhealthy,28.71,85.71,7.81,1001.39,5.5,457.08,3569.1,Monsoon,0,6,6,0,41.8,29.6,27.8,37.46,44.05,US Embassy station (reference-grade),1
2020-06-08,54.7,148,Unhealthy for Sensitive Groups,28.68,86.21,6.69,1001.09,7.0,314.58,2103.8,Monsoon,0,6,0,0,56.1,41.8,29.6,40.84,44.23,US Embassy station (reference-grade),1
2020-06-09,61.4,155,Unhealthy,29.92,84.62,3.9,1001.02,0.6,415.83,1620.0,Monsoon,0,6,1,0,54.7,56.1,41.8,45.24,45.02,US Embassy station (reference-grade),1
2020-06-10,44.0,122,Unhealthy for Sensitive Groups,28.62,85.58,7.76,1001.17,8.0,333.75,2589.3,Monsoon,0,6,2,0,61.4,54.7,56.1,45.06,44.9,US Embassy station (reference-grade),1
2020-06-11,35.6,101,Unhealthy for Sensitive Groups,27.87,88.17,12.4,1000.52,16.4,531.04,6584.9,Monsoon,0,6,3,0,44.0,61.4,54.7,46.17,44.21,US Embassy station (reference-grade),1
2020-06-12,24.6,80,Moderate,27.43,89.5,16.4,1000.02,17.3,586.25,9612.1,Monsoon,0,6,4,1,35.6,44.0,61.4,45.46,43.62,US Embassy station (reference-grade),1
2020-06-13,25.0,81,Moderate,27.5,89.92,15.82,1000.56,17.0,578.33,9149.7,Monsoon,0,6,5,1,24.6,35.6,44.0,43.06,43.22,US Embassy station (reference-grade),1
2020-06-14,29.4,89,Moderate,28.35,86.71,14.39,1001.35,9.2,572.92,8245.2,Monsoon,0,6,6,0,25.0,24.6,35.6,39.24,42.14,US Embassy station (reference-grade),1
2020-06-15,33.3,96,Moderate,28.12,88.17,13.69,1000.52,12.2,529.58,7250.9,Monsoon,0,6,0,0,29.4,25.0,24.6,36.19,42.34,US Embassy station (reference-grade),1
2020-06-16,28.9,88,Moderate,27.97,88.58,15.34,999.04,13.5,558.75,8572.2,Monsoon,0,6,1,0,33.3,29.4,25.0,31.54,42.18,US Embassy station (reference-grade),1
2020-06-17,44.3,123,Unhealthy for Sensitive Groups,26.39,94.83,15.55,998.19,49.6,491.88,7646.6,Monsoon,0,6,2,0,28.9,33.3,29.4,31.59,41.28,US Embassy station (reference-grade),1
2020-06-18,24.2,79,Moderate,27.25,91.08,16.61,999.48,46.6,462.92,7690.2,Monsoon,0,6,3,0,44.3,28.9,33.3,29.96,39.9,US Embassy station (reference-grade),1
2020-06-19,29.8,90,Moderate,27.12,91.38,14.12,1001.0,10.6,406.88,5743.7,Monsoon,0,6,4,1,24.2,44.3,28.9,30.7,38.91,US Embassy station (reference-grade),1
2020-06-20,30.1,90,Moderate,28.36,86.0,15.6,1001.09,1.9,638.54,9963.9,Monsoon,0,6,5,1,29.8,24.2,44.3,31.43,37.92,US Embassy station (reference-grade),1
2020-06-21,24.5,80,Moderate,27.74,87.42,17.96,999.69,9.1,688.96,12375.4,Monsoon,0,6,6,0,30.1,29.8,24.2,30.73,36.93,US Embassy station (reference-grade),1
2020-06-22,26.1,83,Moderate,28.31,85.25,17.8,1000.53,1.7,680.62,12112.3,Monsoon,0,6,0,0,24.5,30.1,29.8,29.7,35.43,US Embassy station (reference-grade),1
2020-06-23,33.1,96,Moderate,28.58,86.29,14.86,1003.75,12.5,598.54,8895.8,Monsoon,0,6,1,0,26.1,24.5,30.1,30.3,35.2,US Embassy station (reference-grade),1
2020-06-24,23.8,78,Moderate,29.36,85.88,11.98,1004.18,5.2,655.0,7843.6,Monsoon,0,6,2,0,33.1,26.1,24.5,27.37,34.81,US Embassy station (reference-grade),1
2020-06-25,24.3,79,Moderate,29.66,80.42,15.39,1002.9,2.2,689.58,10613.8,Monsoon,0,6,3,0,23.8,33.1,26.1,27.39,34.66,US Embassy station (reference-grade),1
2020-06-26,17.2,66,Moderate,29.17,81.62,17.88,1001.72,1.6,753.96,13480.1,Monsoon,0,6,4,1,24.3,23.8,33.1,25.59,33.84,US Embassy station (reference-grade),1
2020-06-27,14.8,62,Moderate,28.0,88.88,16.85,1001.22,24.2,636.88,10728.7,Monsoon,0,6,5,1,17.2,24.3,23.8,23.4,32.11,US Embassy station (reference-grade),1
2020-06-28,34.5,98,Moderate,27.08,91.54,13.33,1001.79,27.5,379.38,5058.3,Monsoon,0,6,6,0,14.8,17.2,24.3,24.83,32.74,US Embassy station (reference-grade),1
2020-06-29,45.6,126,Unhealthy for Sensitive Groups,27.65,88.42,11.83,1002.31,5.3,427.5,5057.0,Monsoon,0,6,0,0,34.5,14.8,17.2,27.61,33.37,US Embassy station (reference-grade),1
2020-06-30,25.5,82,Moderate,28.36,86.12,9.05,1002.23,8.1,460.62,4170.6,Monsoon,0,6,1,0,45.6,34.5,14.8,26.53,33.23,US Embassy station (reference-grade),1
2020-07-01,15.9,64,Moderate,29.04,85.71,10.58,1000.91,12.2,617.92,6539.6,Monsoon,0,7,2,0,25.5,45.6,34.5,25.4,32.73,US Embassy station (reference-grade),1
2020-07-02,24.6,80,Moderate,29.39,84.0,14.02,999.49,5.4,578.75,8112.1,Monsoon,0,7,3,0,15.9,25.5,45.6,25.44,32.53,US Embassy station (reference-grade),1
2020-07-03,31.3,92,Moderate,29.63,81.67,10.44,1000.11,2.3,551.46,5755.8,Monsoon,0,7,4,1,24.6,15.9,25.5,27.46,32.06,US Embassy station (reference-grade),1
2020-07-04,44.6,123,Unhealthy for Sensitive Groups,28.56,86.25,12.18,999.89,10.0,536.46,6533.6,Monsoon,0,7,5,1,31.3,24.6,15.9,31.71,32.62,US Embassy station (reference-grade),1
2020-07-05,24.8,80,Moderate,27.56,89.29,16.84,998.13,8.6,593.75,9997.3,Monsoon,0,7,6,0,44.6,31.3,24.6,30.33,32.46,US Embassy station (reference-grade),1
2020-07-07,23.6,78,Moderate,28.42,86.42,19.27,1001.99,6.4,747.71,14405.8,Monsoon,0,7,1,0,24.8,44.6,31.3,27.19,31.85,US Embassy station (reference-grade),1
2020-07-08,49.7,136,Unhealthy for Sensitive Groups,28.52,87.75,14.29,1002.39,7.2,531.46,7593.2,Monsoon,0,7,2,0,23.6,24.8,44.6,30.64,31.64,US Embassy station (reference-grade),1
2020-07-09,22.2,75,Moderate,28.33,88.42,16.53,1000.51,22.1,623.33,10305.8,Monsoon,0,7,3,0,49.7,23.6,24.8,31.54,30.56,US Embassy station (reference-grade),1
2020-07-10,17.0,66,Moderate,28.62,86.67,18.69,1000.1,10.4,719.17,13442.4,Monsoon,0,7,4,1,22.2,49.7,23.6,30.46,29.08,US Embassy station (reference-grade),1
2020-07-11,12.2,57,Moderate,27.83,89.83,17.88,999.73,17.4,578.75,10345.2,Monsoon,0,7,5,1,17.0,22.2,49.7,27.73,28.02,US Embassy station (reference-grade),1
2020-07-12,35.9,102,Unhealthy for Sensitive Groups,27.16,93.25,11.97,1000.27,33.1,369.58,4424.2,Monsoon,0,7,6,0,12.2,17.0,22.2,26.49,28.03,US Embassy station (reference-grade),1
2020-07-13,57.4,152,Unhealthy,27.71,88.83,9.85,999.75,13.3,361.04,3557.8,Monsoon,0,7,0,0,35.9,12.2,17.0,31.14,29.12,US Embassy station (reference-grade),1
2020-07-14,35.6,101,Unhealthy for Sensitive Groups,28.01,87.04,13.36,1001.25,5.4,555.0,7413.9,Monsoon,0,7,1,0,57.4,35.9,12.2,32.86,29.47,US Embassy station (reference-grade),1
2020-07-15,80.9,169,Unhealthy,28.41,84.96,15.28,1001.89,4.8,611.46,9340.0,Monsoon,0,7,2,0,35.6,57.4,35.9,37.31,31.19,US Embassy station (reference-grade),1
2020-07-16,36.3,103,Unhealthy for Sensitive Groups,28.77,84.38,12.95,1001.58,1.6,605.0,7832.2,Monsoon,0,7,3,0,80.9,35.6,57.4,39.33,31.29,US Embassy station (reference-grade),1
2020-07-17,33.2,96,Moderate,28.78,85.25,12.5,1002.06,2.7,625.42,7815.1,Monsoon,0,7,4,1,36.3,80.9,35.6,41.64,31.43,US Embassy station (reference-grade),1
2020-07-18,31.0,92,Moderate,28.81,84.83,13.41,1002.8,4.1,692.71,9288.1,Monsoon,0,7,5,1,33.2,36.3,80.9,44.33,30.99,US Embassy station (reference-grade),1
2020-07-19,17.3,66,Moderate,29.01,85.54,16.04,1002.12,4.2,691.88,11095.9,Monsoon,0,7,6,0,31.0,33.2,36.3,41.67,30.76,US Embassy station (reference-grade),1
2020-07-20,36.0,102,Unhealthy for Sensitive Groups,27.67,91.62,15.99,1001.62,13.7,572.08,9146.2,Monsoon,0,7,0,0,17.3,31.0,33.2,38.61,30.97,US Embassy station (reference-grade),1
2020-07-21,33.7,97,Moderate,27.42,91.17,14.82,1002.43,16.0,526.25,7797.3,Monsoon,0,7,1,0,36.0,17.3,31.0,38.34,31.09,US Embassy station (reference-grade),1
2020-07-22,30.4,91,Moderate,26.71,93.0,8.92,1001.76,31.0,342.71,3055.8,Monsoon,0,7,2,0,33.7,36.0,17.3,31.13,31.28,US Embassy station (reference-grade),1
2020-07-23,43.2,120,Unhealthy for Sensitive Groups,27.65,87.38,9.67,1001.62,4.2,445.42,4305.7,Monsoon,0,7,3,0,30.4,33.7,36.0,32.11,31.85,US Embassy station (reference-grade),1
2020-07-24,31.1,92,Moderate,27.49,87.71,13.96,1005.01,5.8,527.5,7365.2,Monsoon,0,7,4,1,43.2,30.4,33.7,31.81,31.79,US Embassy station (reference-grade),1
2020-07-25,34.7,99,Moderate,28.7,82.46,9.09,1005.62,2.0,515.42,4683.8,Monsoon,0,7,5,1,31.1,43.2,30.4,32.34,32.15,US Embassy station (reference-grade),1
2020-07-26,31.7,93,Moderate,29.81,81.25,7.63,1004.42,2.9,503.33,3840.0,Monsoon,0,7,6,0,34.7,31.1,43.2,34.4,32.4,US Embassy station (reference-grade),1
2020-07-27,28.3,87,Moderate,29.17,86.67,7.3,1002.75,9.8,346.04,2524.7,Monsoon,0,7,0,0,31.7,34.7,31.1,33.3,32.77,US Embassy station (reference-grade),1
2020-07-28,42.6,118,Unhealthy for Sensitive Groups,28.48,88.04,9.65,1002.79,14.8,395.0,3810.1,Monsoon,0,7,1,0,28.3,31.7,34.7,34.57,33.69,US Embassy station (reference-grade),1
2020-07-29,43.6,121,Unhealthy for Sensitive Groups,27.96,88.04,12.68,1003.67,13.7,518.54,6574.7,Monsoon,0,7,2,0,42.6,28.3,31.7,36.46,34.0,US Embassy station (reference-grade),1
2020-07-30,19.2,70,Moderate,28.68,85.71,10.99,1004.08,2.1,554.38,6091.2,Monsoon,0,7,3,0,43.6,42.6,28.3,33.03,33.12,US Embassy station (reference-grade),1
2020-07-31,16.0,64,Moderate,29.42,82.67,8.0,1002.83,1.5,562.5,4497.7,Monsoon,0,7,4,1,19.2,43.6,42.6,30.87,32.8,US Embassy station (reference-grade),1
2020-08-01,20.8,73,Moderate,29.6,85.58,5.19,1001.06,6.6,377.71,1959.4,Monsoon,0,8,5,1,16.0,19.2,43.6,28.89,32.96,US Embassy station (reference-grade),1
2020-08-02,29.1,88,Moderate,30.01,84.21,5.15,998.05,5.8,330.42,1703.0,Monsoon,0,8,6,0,20.8,16.0,19.2,28.51,33.11,US Embassy station (reference-grade),1
2020-08-03,38.6,109,Unhealthy for Sensitive Groups,30.89,81.42,4.6,993.89,1.4,429.17,1974.2,Monsoon,0,8,0,0,29.1,20.8,16.0,29.99,33.36,US Embassy station (reference-grade),1
2020-08-04,35.0,99,Moderate,29.76,83.96,10.17,991.0,11.7,268.75,2732.3,Monsoon,0,8,1,0,38.6,29.1,20.8,28.9,33.04,US Embassy station (reference-grade),1
2020-08-06,16.0,64,Moderate,28.45,85.38,18.67,1000.31,7.8,731.04,13649.2,Monsoon,0,8,3,0,35.0,38.6,29.1,24.96,32.74,US Embassy station (reference-grade),1
2020-08-07,24.9,80,Moderate,28.83,84.88,13.63,1001.24,5.5,566.25,7719.9,Monsoon,0,8,4,1,16.0,35.0,38.6,25.77,32.79,US Embassy station (reference-grade),1
2020-08-08,31.1,92,Moderate,29.12,84.21,13.59,999.52,1.2,550.21,7476.0,Monsoon,0,8,5,1,24.9,16.0,35.0,27.93,32.17,US Embassy station (reference-grade),1
2020-08-09,20.7,73,Moderate,29.07,81.67,16.4,999.78,1.2,682.08,11183.3,Monsoon,0,8,6,0,31.1,24.9,16.0,27.91,32.12,US Embassy station (reference-grade),1
2020-08-10,34.2,98,Moderate,29.28,82.21,14.15,1000.48,1.6,655.83,9280.0,Monsoon,0,8,0,0,20.7,31.1,24.9,28.64,32.69,US Embassy station (reference-grade),1
2020-08-11,32.8,95,Moderate,28.7,87.17,14.21,999.73,6.2,506.67,7201.0,Monsoon,0,8,1,0,34.2,20.7,31.1,27.81,33.38,US Embassy station (reference-grade),1
2020-08-12,23.8,78,Moderate,29.04,84.12,16.26,999.9,2.5,567.29,9225.6,Monsoon,0,8,2,0,32.8,34.2,20.7,26.21,32.97,US Embassy station (reference-grade),1
2020-08-13,36.2,103,Unhealthy for Sensitive Groups,29.45,79.5,14.4,998.95,1.7,661.46,9525.0,Monsoon,0,8,3,0,23.8,32.8,34.2,29.1,32.27,US Embassy station (reference-grade),1
2020-08-14,27.5,85,Moderate,29.55,78.21,15.02,997.16,1.4,725.83,10902.6,Monsoon,0,8,4,1,36.2,23.8,32.8,29.47,32.0,US Embassy station (reference-grade),1
2020-08-15,10.1,53,Moderate,28.05,85.12,22.14,996.69,9.3,802.08,17756.1,Monsoon,0,8,5,1,27.5,36.2,23.8,26.47,29.64,US Embassy station (reference-grade),1
2020-08-16,16.0,64,Moderate,27.77,87.88,18.9,997.76,15.4,691.46,13065.7,Monsoon,0,8,6,0,10.1,27.5,36.2,25.8,28.96,US Embassy station (reference-grade),1
2020-08-17,29.0,88,Moderate,27.56,87.67,17.32,998.82,11.9,606.46,10506.9,Monsoon,0,8,0,0,16.0,10.1,27.5,25.06,28.82,US Embassy station (reference-grade),1
2020-08-18,23.7,78,Moderate,27.86,86.79,14.52,998.8,12.5,521.46,7569.8,Monsoon,0,8,1,0,29.0,16.0,10.1,23.76,28.58,US Embassy station (reference-grade),1
2020-08-19,13.5,59,Moderate,26.9,89.17,21.55,998.56,23.4,689.17,14851.5,Monsoon,0,8,2,0,23.7,29.0,16.0,22.29,28.45,US Embassy station (reference-grade),1
2020-08-20,12.8,58,Moderate,26.05,92.21,22.56,1001.7,29.3,786.04,17731.8,Monsoon,0,8,3,0,13.5,23.7,29.0,18.94,27.68,US Embassy station (reference-grade),1
2020-08-21,21.5,74,Moderate,26.28,93.29,17.1,1005.15,23.2,574.79,9831.3,Monsoon,0,8,4,1,12.8,13.5,23.7,18.09,27.27,US Embassy station (reference-grade),1
2020-08-22,50.2,137,Unhealthy for Sensitive Groups,26.52,91.38,12.6,1004.32,21.3,401.46,5060.0,Monsoon,0,8,5,1,21.5,12.8,13.5,23.81,27.93,US Embassy station (reference-grade),1
2020-08-23,37.0,105,Unhealthy for Sensitive Groups,27.6,86.25,9.58,1002.44,18.1,320.83,3073.3,Monsoon,0,8,6,0,50.2,21.5,12.8,26.81,27.72,US Embassy station (reference-grade),1
2020-08-24,47.2,130,Unhealthy for Sensitive Groups,28.69,84.83,5.76,1001.05,1.1,340.21,1960.5,Monsoon,0,8,0,0,37.0,50.2,21.5,29.41,28.26,US Embassy station (reference-grade),1
2020-08-25,8.88,49,Good,28.42,83.54,13.75,1000.99,7.2,543.33,7470.8,Monsoon,0,8,1,0,47.2,37.0,50.2,27.3,27.4,US Embassy station (reference-grade),1
2020-08-26,14.2,61,Moderate,27.6,82.88,25.48,1002.1,7.5,863.54,21998.7,Monsoon,0,8,2,0,8.88,47.2,37.0,27.4,26.82,US Embassy station (reference-grade),1
2020-08-27,31.3,92,Moderate,27.79,86.96,16.92,1003.52,8.2,643.54,10889.3,Monsoon,0,8,3,0,14.2,8.88,47.2,30.04,26.92,US Embassy station (reference-grade),1
2020-08-28,42.9,119,Unhealthy for Sensitive Groups,27.76,88.12,12.09,1002.8,6.3,522.5,6317.9,Monsoon,0,8,4,1,31.3,14.2,8.88,33.1,26.93,US Embassy station (reference-grade),1
2020-08-29,30.0,90,Moderate,29.03,82.62,10.93,1002.92,1.3,568.54,6213.7,Monsoon,0,8,5,1,42.9,31.3,14.2,30.21,26.47,US Embassy station (reference-grade),1
2020-08-30,41.8,117,Unhealthy for Sensitive Groups,29.29,85.17,9.48,1003.02,4.7,481.25,4563.9,Monsoon,0,8,6,0,30.0,42.9,31.3,30.9,27.23,US Embassy station (reference-grade),1
2020-08-31,49.3,135,Unhealthy for Sensitive Groups,29.12,86.67,6.98,1003.15,7.3,311.04,2170.8,Monsoon,0,8,0,0,41.8,30.0,42.9,31.2,28.34,US Embassy station (reference-grade),1
2020-09-01,46.6,128,Unhealthy for Sensitive Groups,27.16,93.12,6.92,1004.2,40.2,242.29,1677.9,Monsoon,0,9,1,0,49.3,41.8,30.0,36.59,29.2,US Embassy station (reference-grade),1
2020-09-02,36.8,104,Unhealthy for Sensitive Groups,28.11,86.79,8.58,1006.5,5.6,467.29,4010.9,Monsoon,0,9,2,0,46.6,49.3,41.8,39.81,29.45,US Embassy station (reference-grade),1
2020-09-03,30.4,91,Moderate,28.92,81.29,6.72,1007.42,0.9,442.92,2974.9,Monsoon,0,9,3,0,36.8,46.6,49.3,39.69,29.18,US Embassy station (reference-grade),1
2020-09-05,20.9,73,Moderate,29.97,77.96,9.31,1004.1,0.6,493.54,4594.1,Monsoon,0,9,5,1,30.4,36.8,46.6,36.54,28.71,US Embassy station (reference-grade),1
2020-09-06,20.3,72,Moderate,29.62,79.29,11.78,1003.7,1.7,576.04,6782.9,Monsoon,0,9,6,0,20.9,30.4,36.8,35.16,28.85,US Embassy station (reference-grade),1
2020-09-07,16.8,65,Moderate,29.15,83.12,9.57,1004.54,2.3,527.08,5042.4,Monsoon,0,9,0,0,20.3,20.9,30.4,31.59,28.58,US Embassy station (reference-grade),1
2020-09-08,25.0,81,Moderate,29.3,83.04,5.48,1004.83,4.1,447.71,2454.9,Monsoon,0,9,1,0,16.8,20.3,20.9,28.11,28.38,US Embassy station (reference-grade),1
2020-09-09,69.0,160,Unhealthy,28.98,85.75,5.84,1004.03,12.7,469.38,2741.9,Monsoon,0,9,2,0,25.0,16.8,20.3,31.31,29.99,US Embassy station (reference-grade),1
2020-09-10,42.0,117,Unhealthy for Sensitive Groups,28.25,88.21,8.67,1001.98,16.5,361.46,3134.1,Monsoon,0,9,3,0,69.0,25.0,16.8,32.06,30.25,US Embassy station (reference-grade),1
2020-09-11,22.5,76,Moderate,28.54,85.5,10.63,1003.26,6.4,499.58,5312.2,Monsoon,0,9,4,1,42.0,69.0,25.0,30.93,29.91,US Embassy station (reference-grade),1
2020-09-12,35.6,101,Unhealthy for Sensitive Groups,28.54,86.71,8.66,1005.59,5.1,481.46,4170.6,Monsoon,0,9,5,1,22.5,42.0,69.0,33.03,30.3,US Embassy station (reference-grade),1
2020-09-13,22.6,76,Moderate,28.7,86.58,8.2,1006.0,3.3,437.29,3585.8,Monsoon,0,9,6,0,35.6,22.5,42.0,33.36,29.85,US Embassy station (reference-grade),1
2020-09-14,35.1,99,Moderate,28.43,86.67,9.5,1004.86,6.3,456.67,4340.2,Monsoon,0,9,0,0,22.6,35.6,22.5,35.97,30.1,US Embassy station (reference-grade),1
2020-09-15,43.8,121,Unhealthy for Sensitive Groups,27.97,88.79,10.12,1004.5,8.7,441.25,4465.8,Monsoon,0,9,1,0,35.1,22.6,35.6,38.66,31.22,US Embassy station (reference-grade),1
2020-09-16,26.7,84,Moderate,28.2,88.29,11.12,1004.11,7.4,490.83,5458.5,Monsoon,0,9,2,0,43.8,35.1,22.6,32.61,31.58,US Embassy station (reference-grade),1
2020-09-17,22.8,77,Moderate,28.66,87.46,9.75,1003.37,6.9,512.08,4994.9,Monsoon,0,9,3,0,26.7,43.8,35.1,29.87,31.37,US Embassy station (reference-grade),1
2020-09-18,35.7,101,Unhealthy for Sensitive Groups,29.18,84.96,4.8,1002.07,5.5,448.75,2155.9,Monsoon,0,9,4,1,22.8,26.7,43.8,31.76,31.77,US Embassy station (reference-grade),1
2020-09-19,33.2,96,Moderate,30.48,77.25,7.57,998.91,0.0,430.62,3258.4,Monsoon,0,9,5,1,35.7,22.8,26.7,31.41,32.43,US Embassy station (reference-grade),1
2020-09-20,40.3,113,Unhealthy for Sensitive Groups,30.21,78.54,11.32,997.5,0.6,416.46,4712.9,Monsoon,0,9,6,0,33.2,35.7,22.8,33.94,33.35,US Embassy station (reference-grade),1
2020-09-21,14.2,61,Moderate,27.72,87.04,17.78,999.39,12.6,764.58,13593.7,Monsoon,0,9,0,0,40.3,33.2,35.7,30.96,33.1,US Embassy station (reference-grade),1
2020-09-22,28.8,88,Moderate,27.27,90.96,17.14,1002.07,24.3,569.79,9764.8,Monsoon,0,9,1,0,14.2,40.3,33.2,28.81,32.39,US Embassy station (reference-grade),1
2020-09-23,34.1,98,Moderate,27.27,90.54,14.57,1004.37,29.6,559.79,8156.6,Monsoon,0,9,2,0,28.8,14.2,40.3,29.87,32.29,US Embassy station (reference-grade),1
2020-09-24,25.7,82,Moderate,26.67,93.54,14.55,1005.07,20.9,521.46,7589.4,Monsoon,0,9,3,0,34.1,28.8,14.2,30.29,31.58,US Embassy station (reference-grade),1
2020-09-25,19.7,71,Moderate,27.68,88.62,17.35,1003.03,15.1,599.38,10399.2,Monsoon,0,9,4,1,25.7,34.1,28.8,28.0,31.94,US Embassy station (reference-grade),1
2020-09-26,26.7,84,Moderate,27.45,89.75,17.01,1002.45,20.3,563.75,9590.8,Monsoon,0,9,5,1,19.7,25.7,34.1,27.07,32.35,US Embassy station (reference-grade),1
2020-09-27,47.3,130,Unhealthy for Sensitive Groups,27.47,89.0,13.67,1003.44,11.3,488.75,6679.6,Monsoon,0,9,6,0,26.7,19.7,25.7,28.07,32.89,US Embassy station (reference-grade),1
2020-09-28,46.4,128,Unhealthy for Sensitive Groups,28.6,83.62,6.78,1003.85,1.7,419.58,2846.2,Monsoon,0,9,0,0,47.3,26.7,19.7,32.67,33.0,US Embassy station (reference-grade),1
2020-09-29,69.0,160,Unhealthy,28.34,86.71,5.08,1003.25,3.6,304.38,1547.2,Monsoon,0,9,1,0,46.4,47.3,26.7,38.41,34.3,US Embassy station (reference-grade),1
2020-09-30,62.0,156,Unhealthy,28.38,88.17,4.52,1002.22,19.5,311.04,1406.2,Monsoon,0,9,2,0,69.0,46.4,47.3,42.4,34.98,US Embassy station (reference-grade),1
2020-10-01,78.0,167,Unhealthy,28.03,87.42,6.32,1002.1,10.4,324.17,2047.7,Post-monsoon,0,10,3,0,62.0,69.0,46.4,49.87,35.93,US Embassy station (reference-grade),1
2020-10-02,38.2,108,Unhealthy for Sensitive Groups,27.97,87.96,6.78,1003.22,6.7,425.83,2886.8,Post-monsoon,0,10,4,1,78.0,62.0,69.0,52.51,35.65,US Embassy station (reference-grade),1
2020-10-03,46.5,128,Unhealthy for Sensitive Groups,28.35,85.08,7.41,1004.31,2.0,391.46,2900.1,Post-monsoon,0,10,5,1,38.2,78.0,62.0,55.34,35.98,US Embassy station (reference-grade),1
2020-10-05,50.9,139,Unhealthy for Sensitive Groups,27.7,88.79,8.33,1004.76,10.7,339.79,2828.8,Post-monsoon,0,10,0,0,46.5,38.2,78.0,55.86,36.66,US Embassy station (reference-grade),1
2020-10-06,40.0,112,Unhealthy for Sensitive Groups,27.37,89.58,8.8,1006.02,7.3,408.12,3591.5,Post-monsoon,0,10,1,0,50.9,46.5,38.2,54.94,37.3,US Embassy station (reference-grade),1
2020-10-07,52.7,143,Unhealthy for Sensitive Groups,27.71,88.0,6.7,1007.25,6.5,350.83,2349.1,Post-monsoon,0,10,2,0,40.0,50.9,46.5,52.61,38.38,US Embassy station (reference-grade),1
2020-10-08,42.6,118,Unhealthy for Sensitive Groups,29.02,82.71,3.81,1007.0,1.0,335.21,1278.0,Post-monsoon,0,10,3,0,52.7,40.0,50.9,49.84,39.24,US Embassy station (reference-grade),1
2020-10-09,57.5,152,Unhealthy,29.57,80.67,5.33,1006.25,0.2,329.58,1756.4,Post-monsoon,0,10,4,1,42.6,52.7,40.0,46.91,40.32,US Embassy station (reference-grade),1
2020-10-10,64.2,157,Unhealthy,30.05,79.33,3.59,1005.14,0.2,310.62,1115.7,Post-monsoon,0,10,5,1,57.5,42.6,52.7,50.63,40.16,US Embassy station (reference-grade),1
2020-10-11,71.7,162,Unhealthy,29.82,79.83,4.09,1003.93,1.4,332.5,1360.5,Post-monsoon,0,10,6,0,64.2,57.5,42.6,54.23,41.15,US Embassy station (reference-grade),1
2020-10-12,71.5,162,Unhealthy,29.5,83.12,4.69,1003.37,0.2,312.08,1462.9,Post-monsoon,0,10,0,0,71.7,64.2,57.5,57.17,42.78,US Embassy station (reference-grade),1
2020-10-13,93.0,177,Unhealthy,30.07,79.96,4.05,1003.71,0.6,334.58,1356.5,Post-monsoon,0,10,1,0,71.5,71.7,64.2,64.74,44.7,US Embassy station (reference-grade),1
2020-10-14,92.3,177,Unhealthy,29.3,83.83,4.34,1004.79,2.1,320.42,1389.8,Post-monsoon,0,10,2,0,93.0,71.5,71.7,70.4,47.02,US Embassy station (reference-grade),1
2020-10-15,109.0,189,Unhealthy,29.43,81.83,4.28,1004.6,1.4,345.42,1478.1,Post-monsoon,0,10,3,0,92.3,93.0,71.5,79.89,49.48,US Embassy station (reference-grade),1
2020-10-16,69.6,161,Unhealthy,29.61,77.79,5.92,1004.29,0.3,365.0,2161.1,Post-monsoon,0,10,4,1,109.0,92.3,93.0,81.61,50.34,US Embassy station (reference-grade),1
2020-10-17,64.5,157,Unhealthy,29.55,74.21,5.98,1004.36,0.0,368.12,2199.5,Post-monsoon,0,10,5,1,69.6,109.0,92.3,81.66,51.6,US Embassy station (reference-grade),1
2020-10-18,74.7,164,Unhealthy,28.59,82.92,5.43,1005.35,4.6,296.67,1610.7,Post-monsoon,0,10,6,0,64.5,69.6,109.0,82.09,53.33,US Embassy station (reference-grade),1
2020-10-19,52.3,142,Unhealthy for Sensitive Groups,28.29,85.92,4.26,1005.16,4.5,316.67,1349.8,Post-monsoon,0,10,0,0,74.7,64.5,69.6,79.34,53.89,US Embassy station (reference-grade),1
2020-10-20,72.8,163,Unhealthy,28.3,83.88,4.61,1005.28,2.6,344.17,1587.5,Post-monsoon,0,10,1,0,52.3,74.7,64.5,76.46,55.21,US Embassy station (reference-grade),1
2020-10-21,37.0,105,Unhealthy for Sensitive Groups,28.22,81.29,7.3,1006.65,5.5,329.38,2403.1,Post-monsoon,0,10,2,0,72.8,52.3,74.7,68.56,55.1,US Embassy station (reference-grade),1
2020-10-22,13.4,59,Moderate,25.48,90.79,14.17,1005.0,69.5,467.29,6621.9,Post-monsoon,0,10,3,0,37.0,72.8,52.3,54.9,55.07,US Embassy station (reference-grade),1
2020-10-23,10.9,54,Moderate,24.78,93.92,19.16,1001.36,65.8,666.67,12775.0,Post-monsoon,0,10,4,1,13.4,37.0,72.8,46.51,54.47,US Embassy station (reference-grade),1
2020-10-24,31.3,92,Moderate,25.61,89.88,10.52,1003.51,5.5,340.21,3580.7,Post-monsoon,0,10,5,1,10.9,13.4,37.0,41.77,54.38,US Embassy station (reference-grade),1
2020-10-25,30.0,90,Moderate,26.51,84.29,5.32,1008.37,1.9,355.62,1890.7,Post-monsoon,0,10,6,0,31.3,10.9,13.4,35.39,54.52,US Embassy station (reference-grade),1
2020-10-26,69.7,161,Unhealthy,27.15,79.5,4.51,1008.98,0.0,300.21,1353.4,Post-monsoon,0,10,0,0,30.0,31.3,10.9,37.87,56.19,US Embassy station (reference-grade),1
2020-10-27,93.3,177,Unhealthy,27.17,77.17,5.1,1008.1,0.0,354.58,1808.4,Post-monsoon,0,10,1,0,69.7,30.0,31.3,40.8,58.41,US Embassy station (reference-grade),1
2020-10-28,65.7,158,Unhealthy,26.86,78.46,5.86,1008.74,0.0,365.62,2143.5,Post-monsoon,0,10,2,0,93.3,69.7,30.0,44.9,59.02,US Embassy station (reference-grade),1
2020-10-29,51.2,140,Unhealthy for Sensitive Groups,27.62,78.17,6.21,1008.59,0.0,361.88,2246.6,Post-monsoon,0,10,3,0,65.7,93.3,69.7,50.3,59.18,US Embassy station (reference-grade),1
2020-10-30,45.7,126,Unhealthy for Sensitive Groups,28.55,80.67,8.9,1006.83,0.0,319.38,2841.1,Post-monsoon,0,10,4,1,51.2,65.7,93.3,55.27,58.41,US Embassy station (reference-grade),1
2020-10-31,41.2,115,Unhealthy for Sensitive Groups,26.64,88.75,9.7,1008.55,6.2,308.33,2990.8,Post-monsoon,0,10,5,1,45.7,51.2,65.7,56.69,57.71,US Embassy station (reference-grade),1
2020-11-01,25.9,82,Moderate,26.28,87.83,6.66,1009.69,4.4,313.75,2089.1,Post-monsoon,1,11,6,0,41.2,45.7,51.2,56.1,55.98,US Embassy station (reference-grade),1
2020-11-02,46.3,128,Unhealthy for Sensitive Groups,26.18,84.92,5.23,1010.51,1.2,293.54,1536.2,Post-monsoon,1,11,0,0,25.9,41.2,45.7,52.76,56.25,US Embassy station (reference-grade),1
2020-11-04,172.0,247,Very Unhealthy,26.0,76.88,6.43,1010.01,0.2,302.5,1946.1,Post-monsoon,1,11,2,0,46.3,25.9,41.2,64.0,60.43,US Embassy station (reference-grade),1
2020-11-05,134.0,209,Very Unhealthy,23.93,70.83,5.38,1012.03,0.0,256.67,1380.7,Post-monsoon,1,11,3,0,172.0,46.3,25.9,73.76,63.2,US Embassy station (reference-grade),1
2020-11-06,124.0,199,Unhealthy,21.82,67.92,8.83,1014.06,0.0,331.88,2931.6,Post-monsoon,1,11,4,1,134.0,172.0,46.3,84.16,66.0,US Embassy station (reference-grade),1
2020-11-07,96.3,180,Unhealthy,22.02,77.58,7.04,1013.85,0.0,296.67,2087.8,Post-monsoon,1,11,5,1,124.0,134.0,172.0,91.39,67.45,US Embassy station (reference-grade),1
2020-11-08,71.6,162,Unhealthy,23.48,77.92,7.2,1013.72,0.0,254.17,1828.9,Post-monsoon,1,11,6,0,96.3,124.0,134.0,95.73,68.42,US Embassy station (reference-grade),1
2020-11-09,42.0,117,Unhealthy for Sensitive Groups,23.97,76.0,7.11,1012.5,0.0,243.54,1732.2,Post-monsoon,1,11,0,0,71.6,96.3,124.0,98.03,67.9,US Embassy station (reference-grade),1
2020-11-10,45.4,125,Unhealthy for Sensitive Groups,24.52,71.96,7.93,1012.08,0.0,225.62,1789.0,Post-monsoon,1,11,1,0,42.0,71.6,96.3,97.9,67.28,US Embassy station (reference-grade),1
2020-11-11,46.9,129,Unhealthy for Sensitive Groups,24.72,68.25,7.98,1013.08,0.0,244.58,1950.6,Post-monsoon,1,11,2,0,45.4,42.0,71.6,80.03,66.45,US Embassy station (reference-grade),1
2020-11-12,62.5,156,Unhealthy,24.6,74.04,6.98,1013.25,0.0,253.96,1772.4,Post-monsoon,1,11,3,0,46.9,45.4,42.0,69.81,66.15,US Embassy station (reference-grade),1
2020-11-13,57.4,152,Unhealthy,24.81,74.04,6.43,1012.19,0.0,272.92,1755.8,Post-monsoon,1,11,4,1,62.5,46.9,45.4,60.3,64.96,US Embassy station (reference-grade),1
2020-11-14,60.0,154,Unhealthy,24.35,74.46,6.58,1011.67,0.0,266.04,1750.3,Post-monsoon,1,11,5,1,57.4,62.5,46.9,55.11,63.89,US Embassy station (reference-grade),1
2020-11-15,80.1,168,Unhealthy,23.95,74.21,6.73,1011.76,0.0,280.83,1890.9,Post-monsoon,1,11,6,0,60.0,57.4,62.5,56.33,62.92,US Embassy station (reference-grade),1
2020-11-16,128.0,203,Very Unhealthy,23.76,73.79,5.88,1011.45,0.0,309.38,1817.6,Post-monsoon,1,11,0,0,80.1,60.0,57.4,68.61,64.87,US Embassy station (reference-grade),1
2020-11-17,92.6,177,Unhealthy,23.88,74.75,6.82,1010.49,0.0,394.79,2692.8,Post-monsoon,1,11,1,0,128.0,80.1,60.0,75.36,65.81,US Embassy station (reference-grade),1
2020-11-18,144.0,219,Very Unhealthy,23.43,70.33,5.93,1011.02,0.0,329.17,1953.1,Post-monsoon,1,11,2,0,92.6,128.0,80.1,89.23,68.12,US Embassy station (reference-grade),1
2020-11-19,164.0,239,Very Unhealthy,24.14,71.71,4.47,1010.84,0.1,363.96,1625.7,Post-monsoon,1,11,3,0,144.0,92.6,128.0,103.73,71.84,US Embassy station (reference-grade),1
2020-11-20,177.0,252,Very Unhealthy,24.68,78.96,5.2,1010.64,0.8,345.0,1794.0,Post-monsoon,1,11,4,1,164.0,144.0,92.6,120.81,75.31,US Embassy station (reference-grade),1
2020-11-21,159.0,234,Very Unhealthy,23.15,88.5,4.47,1010.86,12.5,180.21,805.7,Post-monsoon,1,11,5,1,177.0,164.0,144.0,134.96,79.38,US Embassy station (reference-grade),1
2020-11-22,101.0,183,Unhealthy,21.95,66.79,8.56,1013.35,0.0,447.71,3833.5,Post-monsoon,1,11,6,0,159.0,177.0,164.0,137.94,82.3,US Embassy station (reference-grade),1
2020-11-23,113.0,191,Unhealthy,19.81,63.38,8.59,1014.48,0.0,344.79,2962.3,Post-monsoon,1,11,0,0,101.0,159.0,177.0,135.8,85.7,US Embassy station (reference-grade),1
2020-11-24,130.0,205,Very Unhealthy,20.12,71.46,6.5,1013.41,0.0,274.17,1783.2,Post-monsoon,1,11,1,0,113.0,101.0,159.0,141.14,88.99,US Embassy station (reference-grade),1
2020-11-25,106.0,186,Unhealthy,20.36,71.5,6.9,1013.36,0.0,243.96,1683.3,Post-monsoon,1,11,2,0,130.0,113.0,101.0,135.71,91.53,US Embassy station (reference-grade),1
2020-11-26,88.8,174,Unhealthy,20.89,69.21,7.27,1013.7,0.0,217.29,1579.9,Post-monsoon,1,11,3,0,106.0,130.0,113.0,124.97,92.16,US Embassy station (reference-grade),1
2020-11-27,107.0,187,Unhealthy,21.79,69.67,7.28,1014.39,0.0,269.58,1962.3,Post-monsoon,1,11,4,1,88.8,106.0,130.0,114.97,92.62,US Embassy station (reference-grade),1
2020-11-28,95.5,179,Unhealthy,22.34,72.21,8.12,1014.48,0.0,277.08,2251.3,Post-monsoon,1,11,5,1,107.0,88.8,106.0,105.9,93.61,US Embassy station (reference-grade),1
2020-11-29,112.0,191,Unhealthy,21.72,68.25,8.08,1013.97,0.0,270.0,2181.4,Post-monsoon,1,11,6,0,95.5,107.0,88.8,107.47,95.64,US Embassy station (reference-grade),1
2020-11-30,118.0,195,Unhealthy,21.09,73.71,7.35,1013.64,0.0,275.83,2028.5,Post-monsoon,1,11,0,0,112.0,95.5,107.0,108.19,98.05,US Embassy station (reference-grade),1
2020-12-01,141.0,216,Very Unhealthy,21.37,67.79,6.38,1013.89,0.0,302.71,1932.3,Winter,1,12,1,0,118.0,112.0,95.5,109.76,101.38,US Embassy station (reference-grade),1
2020-12-02,154.0,229,Very Unhealthy,22.13,64.79,5.19,1012.38,0.0,356.46,1850.6,Winter,1,12,2,0,141.0,118.0,112.0,116.61,105.65,US Embassy station (reference-grade),1
2020-12-04,172.0,247,Very Unhealthy,22.54,64.38,4.56,1011.34,0.0,396.46,1807.2,Winter,1,12,4,1,154.0,141.0,118.0,128.5,109.84,US Embassy station (reference-grade),1
2020-12-05,257.0,364,Hazardous,22.14,67.92,5.59,1012.34,0.0,370.62,2070.9,Winter,1,12,5,1,172.0,154.0,141.0,149.93,112.67,US Embassy station (reference-grade),1
2020-12-06,200.0,275,Very Unhealthy,21.41,74.58,5.75,1013.78,0.0,304.58,1752.6,Winter,1,12,6,0,257.0,172.0,154.0,164.86,114.87,US Embassy station (reference-grade),1
2020-12-07,165.0,240,Very Unhealthy,21.41,75.58,6.1,1014.79,0.0,316.67,1931.7,Winter,1,12,0,0,200.0,257.0,172.0,172.43,116.24,US Embassy station (reference-grade),1
2020-12-08,146.0,221,Very Unhealthy,20.84,78.38,6.1,1014.48,0.0,298.96,1823.6,Winter,1,12,1,0,165.0,200.0,257.0,176.43,117.89,US Embassy station (reference-grade),1
2020-12-09,179.0,254,Very Unhealthy,20.07,80.21,4.51,1013.06,0.0,247.71,1116.8,Winter,1,12,2,0,146.0,165.0,200.0,181.86,121.47,US Embassy station (reference-grade),1
2020-12-10,116.0,193,Unhealthy,20.33,78.62,4.87,1012.51,0.0,228.12,1110.2,Winter,1,12,3,0,179.0,146.0,165.0,176.43,123.94,US Embassy station (reference-grade),1
2020-12-11,118.0,195,Unhealthy,19.92,79.17,5.52,1012.98,0.0,271.46,1499.8,Winter,1,12,4,1,116.0,179.0,146.0,168.71,126.36,US Embassy station (reference-grade),1
2020-12-13,209.0,284,Very Unhealthy,19.78,79.42,4.57,1011.1,0.0,268.12,1224.4,Winter,1,12,6,0,118.0,116.0,179.0,161.86,131.76,US Embassy station (reference-grade),1
2020-12-14,212.0,287,Very Unhealthy,19.5,78.58,7.32,1012.67,0.0,350.83,2569.9,Winter,1,12,0,0,209.0,118.0,116.0,163.57,136.75,US Embassy station (reference-grade),1
2020-12-15,175.0,250,Very Unhealthy,19.64,76.21,6.97,1014.48,0.0,318.33,2217.7,Winter,1,12,1,0,212.0,209.0,118.0,165.0,140.67,US Embassy station (reference-grade),1
2020-12-16,151.0,226,Very Unhealthy,19.95,78.71,7.36,1015.0,0.0,292.71,2153.8,Winter,1,12,2,0,175.0,212.0,209.0,165.71,143.7,US Embassy station (reference-grade),1
2020-12-17,182.0,257,Very Unhealthy,19.12,76.21,7.18,1014.25,0.0,297.5,2137.0,Winter,1,12,3,0,151.0,175.0,212.0,166.14,147.1,US Embassy station (reference-grade),1
2020-12-18,147.0,222,Very Unhealthy,17.87,68.08,8.3,1014.86,0.0,372.5,3093.3,Winter,1,12,4,1,182.0,151.0,175.0,170.57,147.73,US Embassy station (reference-grade),1
2020-12-20,213.0,288,Very Unhealthy,15.93,76.75,8.0,1015.05,0.0,289.58,2317.9,Winter,1,12,6,0,147.0,182.0,151.0,184.14,151.74,US Embassy station (reference-grade),1
2020-12-21,209.0,284,Very Unhealthy,15.85,82.62,5.96,1013.3,0.0,277.71,1654.7,Winter,1,12,0,0,213.0,147.0,182.0,184.14,153.91,US Embassy station (reference-grade),1
2020-12-22,223.0,298,Very Unhealthy,16.75,79.46,5.51,1012.7,0.0,311.88,1717.9,Winter,1,12,1,0,209.0,213.0,147.0,185.71,155.88,US Embassy station (reference-grade),1
2020-12-23,234.0,318,Hazardous,17.7,77.54,6.86,1012.09,0.0,306.25,2101.6,Winter,1,12,2,0,223.0,209.0,213.0,194.14,157.78,US Embassy station (reference-grade),1
2020-12-24,175.0,250,Very Unhealthy,18.27,78.08,7.12,1011.96,0.0,295.42,2104.8,Winter,1,12,3,0,234.0,223.0,209.0,197.57,158.31,US Embassy station (reference-grade),1
2020-12-25,137.0,212,Very Unhealthy,18.01,76.5,7.05,1012.26,0.0,302.08,2129.7,Winter,1,12,4,1,175.0,234.0,223.0,191.14,159.51,US Embassy station (reference-grade),1
2020-12-26,157.0,232,Very Unhealthy,17.57,73.21,8.27,1013.3,0.0,298.54,2469.2,Winter,1,12,5,1,137.0,175.0,234.0,192.57,160.98,US Embassy station (reference-grade),1
2020-12-27,175.0,250,Very Unhealthy,16.76,72.46,7.9,1012.3,0.0,319.38,2524.4,Winter,1,12,6,0,157.0,137.0,175.0,187.14,162.48,US Embassy station (reference-grade),1
2020-12-28,212.0,287,Very Unhealthy,17.05,74.12,7.55,1012.13,0.0,300.83,2271.3,Winter,1,12,0,0,175.0,157.0,137.0,187.57,166.01,US Embassy station (reference-grade),1
2020-12-29,202.0,277,Very Unhealthy,17.09,72.96,8.29,1012.78,0.0,320.21,2655.1,Winter,1,12,1,0,212.0,175.0,157.0,184.57,169.78,US Embassy station (reference-grade),1
2020-12-30,164.0,239,Very Unhealthy,18.12,72.71,9.25,1013.51,0.0,323.54,2992.8,Winter,1,12,2,0,202.0,212.0,175.0,174.57,171.68,US Embassy station (reference-grade),1
2020-12-31,172.0,247,Very Unhealthy,17.98,71.62,8.02,1013.76,0.0,278.75,2234.6,Winter,1,12,3,0,164.0,202.0,212.0,174.14,174.23,US Embassy station (reference-grade),1
2021-01-01,154.0,229,Very Unhealthy,18.0,75.33,7.01,1014.08,0.0,281.88,1976.6,Winter,1,1,4,1,172.0,164.0,202.0,176.57,175.63,US Embassy station (reference-grade),1
2021-01-03,149.0,224,Very Unhealthy,18.34,73.88,6.33,1012.71,0.0,251.25,1591.2,Winter,1,1,6,0,154.0,172.0,164.0,175.43,176.67,US Embassy station (reference-grade),1
2021-01-04,185.0,260,Very Unhealthy,19.15,74.75,6.14,1013.17,0.0,235.62,1446.1,Winter,1,1,0,0,149.0,154.0,172.0,176.86,178.13,US Embassy station (reference-grade),1
2021-01-05,183.0,258,Very Unhealthy,19.83,75.29,7.01,1013.31,0.0,236.25,1655.7,Winter,1,1,1,0,185.0,149.0,154.0,172.71,179.1,US Embassy station (reference-grade),1
2021-01-06,185.0,260,Very Unhealthy,20.63,72.0,7.0,1011.33,0.0,215.83,1510.8,Winter,1,1,2,0,183.0,185.0,149.0,170.29,179.53,US Embassy station (reference-grade),1
2021-01-07,226.0,302,Hazardous,21.77,69.83,6.09,1010.36,0.0,282.29,1718.5,Winter,1,1,3,0,185.0,183.0,185.0,179.14,178.5,US Embassy station (reference-grade),1
2021-01-08,178.0,253,Very Unhealthy,21.4,71.54,6.49,1010.4,0.0,301.46,1957.0,Winter,1,1,4,1,226.0,185.0,183.0,180.0,177.77,US Embassy station (reference-grade),1
2021-01-09,195.0,270,Very Unhealthy,20.96,71.67,6.98,1010.52,0.0,335.83,2343.8,Winter,1,1,5,1,178.0,226.0,185.0,185.86,178.77,US Embassy station (reference-grade),1
2021-01-10,262.0,374,Hazardous,21.79,72.25,6.93,1010.15,0.0,345.21,2393.4,Winter,1,1,6,0,195.0,178.0,226.0,202.0,182.63,US Embassy station (reference-grade),1
2021-01-11,266.0,382,Hazardous,22.65,71.71,5.32,1011.52,0.1,300.21,1598.6,Winter,1,1,0,0,262.0,195.0,178.0,213.57,185.53,US Embassy station (reference-grade),1
2021-01-12,194.0,269,Very Unhealthy,20.45,71.96,8.29,1012.35,0.0,336.88,2793.3,Winter,1,1,1,0,266.0,262.0,195.0,215.14,188.13,US Embassy station (reference-grade),1
2021-01-13,157.0,232,Very Unhealthy,18.82,70.83,6.07,1012.91,0.0,327.92,1989.4,Winter,1,1,2,0,194.0,266.0,262.0,211.14,189.43,US Embassy station (reference-grade),1
2021-01-14,180.0,255,Very Unhealthy,19.04,63.67,7.8,1013.05,0.0,390.83,3046.9,Winter,1,1,3,0,157.0,194.0,266.0,204.57,188.47,US Embassy station (reference-grade),1
2021-01-15,177.0,252,Very Unhealthy,17.58,60.96,7.36,1011.66,0.0,427.71,3149.0,Winter,1,1,4,1,180.0,157.0,194.0,204.43,187.3,US Embassy station (reference-grade),1
2021-01-16,252.0,354,Hazardous,17.11,68.38,7.16,1010.92,0.0,428.33,3067.9,Winter,1,1,5,1,177.0,180.0,157.0,212.57,189.87,US Embassy station (reference-grade),1
2021-01-17,265.0,380,Hazardous,17.01,75.75,6.86,1013.7,0.0,389.79,2674.9,Winter,1,1,6,0,252.0,177.0,180.0,213.0,193.67,US Embassy station (reference-grade),1
2021-01-18,244.0,338,Hazardous,16.68,82.92,5.93,1013.3,0.0,298.75,1772.6,Winter,1,1,0,0,265.0,252.0,177.0,209.86,195.73,US Embassy station (reference-grade),1
2021-01-19,345.0,500,Hazardous,18.4,76.42,7.26,1011.29,0.0,446.46,3240.5,Winter,1,1,1,0,244.0,265.0,252.0,231.43,202.33,US Embassy station (reference-grade),1
2021-01-20,315.0,479,Hazardous,19.45,87.08,9.11,1010.82,2.1,278.75,2538.9,Winter,1,1,2,0,345.0,244.0,265.0,254.0,205.73,US Embassy station (reference-grade),1
2021-01-21,254.0,358,Hazardous,18.77,76.75,6.32,1011.59,0.0,316.25,1997.6,Winter,1,1,3,0,315.0,345.0,244.0,264.57,207.23,US Embassy station (reference-grade),1
2021-01-22,219.0,294,Very Unhealthy,17.44,68.83,6.36,1012.67,0.0,434.38,2761.9,Winter,1,1,4,1,254.0,315.0,345.0,270.57,207.1,US Embassy station (reference-grade),1
2021-01-23,201.0,276,Very Unhealthy,17.1,69.62,6.1,1011.98,0.0,393.12,2396.4,Winter,1,1,5,1,219.0,254.0,315.0,263.29,206.0,US Embassy station (reference-grade),1
2021-01-24,237.0,324,Hazardous,18.56,66.5,4.13,1012.98,0.0,283.54,1170.8,Winter,1,1,6,0,201.0,219.0,254.0,259.29,208.07,US Embassy station (reference-grade),1
2021-01-25,206.0,281,Very Unhealthy,17.84,76.79,6.71,1013.78,0.0,290.21,1948.0,Winter,1,1,0,0,237.0,201.0,219.0,253.86,210.37,US Embassy station (reference-grade),1
2021-01-26,219.0,294,Very Unhealthy,17.47,75.67,7.17,1013.49,0.0,376.67,2701.0,Winter,1,1,1,0,206.0,237.0,201.0,235.86,212.43,US Embassy station (reference-grade),1
2021-01-27,175.0,250,Very Unhealthy,16.31,70.83,10.0,1013.86,0.0,367.5,3673.5,Winter,1,1,2,0,219.0,206.0,237.0,215.86,212.43,US Embassy station (reference-grade),1
2021-01-28,201.0,276,Very Unhealthy,15.75,75.58,8.83,1014.32,0.0,324.58,2867.2,Winter,1,1,3,0,175.0,219.0,206.0,208.29,212.07,US Embassy station (reference-grade),1
2021-01-29,194.0,269,Very Unhealthy,16.9,81.0,7.86,1013.43,0.0,309.38,2432.5,Winter,1,1,4,1,201.0,175.0,219.0,204.71,211.8,US Embassy station (reference-grade),1
2021-01-30,188.0,263,Very Unhealthy,17.29,77.17,8.05,1013.58,0.0,316.67,2547.8,Winter,1,1,5,1,194.0,201.0,175.0,202.86,212.6,US Embassy station (reference-grade),1
2021-01-31,207.0,282,Very Unhealthy,14.51,71.71,8.28,1015.57,0.0,378.96,3139.0,Winter,1,1,6,0,188.0,194.0,201.0,198.57,213.77,US Embassy station (reference-grade),1
2021-02-02,186.0,261,Very Unhealthy,15.59,73.08,8.48,1016.02,0.0,365.62,3101.7,Winter,1,2,1,0,207.0,188.0,194.0,195.71,214.83,US Embassy station (reference-grade),1
2021-02-03,181.0,256,Very Unhealthy,16.75,73.21,8.31,1014.8,0.0,348.33,2894.1,Winter,1,2,2,0,186.0,207.0,188.0,190.29,215.9,US Embassy station (reference-grade),1
2021-02-04,185.0,260,Very Unhealthy,18.25,74.38,7.33,1014.49,0.0,292.08,2141.9,Winter,1,2,3,0,181.0,186.0,207.0,191.71,215.9,US Embassy station (reference-grade),1
2021-02-05,160.0,235,Very Unhealthy,18.86,72.96,6.93,1013.16,0.0,319.38,2214.3,Winter,1,2,4,1,185.0,181.0,186.0,185.86,215.13,US Embassy station (reference-grade),1
2021-02-06,149.0,224,Very Unhealthy,19.89,69.33,8.9,1012.32,0.0,440.42,3917.9,Winter,1,2,5,1,160.0,185.0,181.0,179.43,213.93,US Embassy station (reference-grade),1
2021-02-07,112.0,191,Unhealthy,18.51,65.62,9.09,1014.02,0.0,439.79,3998.4,Winter,1,2,6,0,149.0,160.0,185.0,168.57,210.13,US Embassy station (reference-grade),1
2021-02-08,109.0,189,Unhealthy,19.06,65.04,9.99,1013.65,0.0,383.12,3828.1,Winter,1,2,0,0,112.0,149.0,160.0,154.57,207.83,US Embassy station (reference-grade),1
2021-02-09,118.0,195,Unhealthy,18.92,66.17,8.45,1012.99,0.0,271.25,2292.1,Winter,1,2,1,0,109.0,112.0,149.0,144.86,205.27,US Embassy station (reference-grade),1
2021-02-10,169.0,244,Very Unhealthy,19.29,67.25,7.16,1011.54,0.0,355.83,2547.2,Winter,1,2,2,0,118.0,109.0,112.0,143.14,202.17,US Embassy station (reference-grade),1
2021-02-11,217.0,292,Very Unhealthy,20.19,67.67,5.88,1011.59,0.0,421.88,2478.5,Winter,1,2,3,0,169.0,118.0,109.0,147.71,200.53,US Embassy station (reference-grade),1
2021-02-12,261.0,372,Hazardous,20.47,67.79,5.9,1012.24,0.0,418.75,2470.6,Winter,1,2,4,1,217.0,169.0,118.0,162.14,202.77,US Embassy station (reference-grade),1
2021-02-13,223.0,298,Very Unhealthy,19.88,65.75,8.03,1012.64,0.0,422.5,3392.3,Winter,1,2,5,1,261.0,217.0,169.0,172.71,204.97,US Embassy station (reference-grade),1
2021-02-14,261.0,372,Hazardous,20.39,64.46,6.0,1012.14,0.0,461.88,2773.2,Winter,1,2,6,0,223.0,261.0,217.0,194.0,207.67,US Embassy station (reference-grade),1
2021-02-16,225.0,300,Very Unhealthy,21.31,72.67,6.6,1011.04,0.0,396.88,2617.7,Winter,1,2,1,0,261.0,223.0,261.0,210.57,209.27,US Embassy station (reference-grade),1
2021-02-17,183.0,258,Very Unhealthy,21.51,67.38,5.65,1012.09,0.0,339.38,1917.5,Winter,1,2,2,0,225.0,261.0,223.0,219.86,206.97,US Embassy station (reference-grade),1
2021-02-18,197.0,272,Very Unhealthy,21.99,64.67,5.88,1013.45,0.0,308.12,1811.5,Winter,1,2,3,0,183.0,225.0,261.0,223.86,204.7,US Embassy station (reference-grade),1
2021-02-19,154.0,229,Very Unhealthy,22.38,64.17,6.63,1014.57,0.0,300.0,1990.0,Winter,1,2,4,1,197.0,183.0,225.0,214.86,201.7,US Embassy station (reference-grade),1
2021-02-20,145.0,220,Very Unhealthy,22.1,67.88,7.28,1014.61,0.0,245.62,1787.9,Winter,1,2,5,1,154.0,197.0,183.0,198.29,195.03,US Embassy station (reference-grade),1
2021-02-21,139.0,214,Very Unhealthy,21.98,59.5,8.74,1013.78,0.0,376.46,3290.9,Winter,1,2,6,0,145.0,154.0,197.0,186.29,189.17,US Embassy station (reference-grade),1
2021-02-22,143.0,218,Very Unhealthy,21.55,56.58,7.64,1012.75,0.0,404.58,3090.0,Winter,1,2,0,0,139.0,145.0,154.0,169.43,185.47,US Embassy station (reference-grade),1
2021-02-23,164.0,239,Very Unhealthy,21.88,58.79,7.82,1010.82,0.0,464.38,3633.7,Winter,1,2,1,0,143.0,139.0,145.0,160.71,183.63,US Embassy station (reference-grade),1
2021-02-24,275.0,400,Hazardous,23.0,63.71,7.49,1008.78,0.0,419.17,3138.5,Winter,1,2,2,0,164.0,143.0,139.0,173.86,186.1,US Embassy station (reference-grade),1
2021-02-25,233.0,316,Hazardous,24.41,61.08,7.14,1007.44,0.0,428.33,3059.0,Winter,1,2,3,0,275.0,164.0,143.0,179.0,185.97,US Embassy station (reference-grade),1
2021-02-26,128.0,203,Very Unhealthy,25.06,67.38,9.79,1005.65,0.0,471.04,4610.3,Winter,1,2,4,1,233.0,275.0,164.0,175.29,183.37,US Embassy station (reference-grade),1
2021-02-28,79.1,168,Unhealthy,25.94,68.04,11.19,1006.8,0.0,474.79,5311.7,Winter,1,2,6,0,128.0,233.0,275.0,165.87,178.7,US Embassy station (reference-grade),1
2021-03-01,90.7,176,Unhealthy,25.68,74.92,9.87,1009.51,0.0,396.04,3907.6,Pre-monsoon,1,3,0,0,79.1,128.0,233.0,158.97,175.89,US Embassy station (reference-grade),1
2021-03-02,106.0,186,Unhealthy,25.54,63.83,6.34,1010.52,0.0,437.5,2774.5,Pre-monsoon,1,3,1,0,90.7,79.1,128.0,153.69,172.73,US Embassy station (reference-grade),1
2021-03-04,151.0,226,Very Unhealthy,24.15,51.58,7.77,1010.19,0.0,467.5,3632.9,Pre-monsoon,1,3,3,0,106.0,90.7,79.1,151.83,171.29,US Embassy station (reference-grade),1
2021-03-05,108.0,188,Unhealthy,24.98,71.12,10.22,1009.47,0.4,519.17,5306.3,Pre-monsoon,1,3,4,1,151.0,106.0,90.7,127.97,168.63,US Embassy station (reference-grade),1
2021-03-06,77.5,166,Unhealthy,26.52,65.5,12.95,1008.78,0.0,640.21,8288.0,Pre-monsoon,1,3,5,1,108.0,151.0,106.0,105.76,164.31,US Embassy station (reference-grade),1
2021-03-07,92.3,177,Unhealthy,25.76,68.46,8.28,1010.42,0.0,538.75,4458.2,Pre-monsoon,1,3,6,0,77.5,108.0,151.0,100.66,161.19,US Embassy station (reference-grade),1
2021-03-08,133.0,208,Very Unhealthy,25.83,76.79,8.04,1011.38,0.1,387.5,3114.5,Pre-monsoon,1,3,0,0,92.3,77.5,108.0,108.36,159.59,US Embassy station (reference-grade),1
2021-03-09,76.5,166,Unhealthy,25.58,76.75,7.44,1010.83,0.1,470.0,3495.6,Pre-monsoon,1,3,1,0,133.0,92.3,77.5,106.33,155.97,US Embassy station (reference-grade),1
2021-03-10,61.2,155,Unhealthy,26.58,74.04,8.08,1010.9,0.9,461.04,3724.8,Pre-monsoon,1,3,2,0,76.5,133.0,92.3,99.93,152.68,US Embassy station (reference-grade),1
2021-03-11,101.0,183,Unhealthy,26.6,76.04,5.21,1011.95,0.0,420.42,2189.7,Pre-monsoon,1,3,3,0,61.2,76.5,133.0,92.79,151.08,US Embassy station (reference-grade),1
2021-03-12,156.0,231,Very Unhealthy,26.88,68.79,5.71,1013.16,0.0,466.67,2663.9,Pre-monsoon,1,3,4,1,101.0,61.2,76.5,99.64,152.54,US Embassy station (reference-grade),1
2021-03-13,145.0,220,Very Unhealthy,26.28,65.29,9.42,1012.32,0.0,474.58,4472.9,Pre-monsoon,1,3,5,1,156.0,101.0,61.2,109.29,153.74,US Embassy station (reference-grade),1
2021-03-14,95.2,179,Unhealthy,24.62,65.67,8.86,1010.46,0.0,524.58,4646.9,Pre-monsoon,1,3,6,0,145.0,156.0,101.0,109.7,152.98,US Embassy station (reference-grade),1
2021-03-15,154.0,229,Very Unhealthy,25.14,60.04,7.03,1009.5,0.0,643.54,4523.6,Pre-monsoon,1,3,0,0,95.2,145.0,156.0,112.7,152.48,US Embassy station (reference-grade),1
2021-03-16,292.0,433,Hazardous,26.4,52.71,6.01,1008.85,0.0,593.12,3566.2,Pre-monsoon,1,3,1,0,154.0,95.2,145.0,143.49,154.98,US Embassy station (reference-grade),1
2021-03-17,153.0,228,Very Unhealthy,26.41,45.58,7.2,1008.44,0.0,608.75,4385.5,Pre-monsoon,1,3,2,0,292.0,154.0,95.2,156.6,151.38,US Embassy station (reference-grade),1
2021-03-18,221.0,296,Very Unhealthy,26.77,46.25,5.15,1008.59,0.0,500.0,2575.0,Pre-monsoon,1,3,3,0,153.0,292.0,154.0,173.74,151.32,US Embassy station (reference-grade),1
2021-03-19,246.0,342,Hazardous,27.3,52.62,5.57,1007.82,0.0,512.71,2854.1,Pre-monsoon,1,3,4,1,221.0,153.0,292.0,186.6,150.82,US Embassy station (reference-grade),1
2021-03-20,220.0,295,Very Unhealthy,28.6,48.04,6.24,1005.9,0.0,462.92,2887.4,Pre-monsoon,1,3,5,1,246.0,221.0,153.0,197.31,150.65,US Embassy station (reference-grade),1
2021-03-21,318.0,485,Hazardous,29.01,47.33,6.87,1006.44,0.0,570.0,3916.4,Pre-monsoon,1,3,6,0,220.0,246.0,221.0,229.14,155.15,US Embassy station (reference-grade),1
2021-03-22,181.0,256,Very Unhealthy,28.43,52.71,7.43,1008.91,0.0,556.88,4137.1,Pre-monsoon,1,3,0,0,318.0,220.0,246.0,233.0,154.62,US Embassy station (reference-grade),1
2021-03-23,137.0,212,Very Unhealthy,28.7,50.29,6.57,1009.78,0.0,574.79,3774.5,Pre-monsoon,1,3,1,0,181.0,318.0,220.0,210.86,154.05,US Embassy station (reference-grade),1
2021-03-24,193.0,268,Very Unhealthy,29.51,51.58,6.51,1008.27,0.0,548.54,3570.1,Pre-monsoon,1,3,2,0,137.0,181.0,318.0,216.57,155.65,US Embassy station (reference-grade),1
2021-03-25,127.0,202,Very Unhealthy,29.76,40.17,7.08,1007.73,0.0,583.54,4133.4,Pre-monsoon,1,3,3,0,193.0,137.0,181.0,203.14,155.25,US Embassy station (reference-grade),1
2021-03-26,147.0,222,Very Unhealthy,28.6,40.46,7.2,1007.98,0.0,424.17,3052.2,Pre-monsoon,1,3,4,1,127.0,193.0,137.0,189.0,155.38,US Embassy station (reference-grade),1
2021-03-27,149.0,224,Very Unhealthy,28.14,44.12,6.4,1007.27,0.0,493.12,3158.1,Pre-monsoon,1,3,5,1,147.0,127.0,193.0,178.86,154.88,US Embassy station (reference-grade),1
2021-03-28,146.0,221,Very Unhealthy,28.09,43.29,7.24,1006.15,0.0,465.21,3366.9,Pre-monsoon,1,3,6,0,149.0,147.0,127.0,154.29,150.58,US Embassy station (reference-grade),1
2021-03-29,165.0,240,Very Unhealthy,28.03,64.79,8.08,1004.72,0.4,500.42,4045.0,Pre-monsoon,1,3,0,0,146.0,149.0,147.0,152.0,148.32,US Embassy station (reference-grade),1
2021-03-30,73.4,164,Unhealthy,29.28,69.88,12.58,1000.06,1.9,606.46,7626.2,Pre-monsoon,1,3,1,0,165.0,146.0,149.0,142.91,146.5,US Embassy station (reference-grade),1
2021-03-31,76.2,166,Unhealthy,30.21,70.46,19.5,997.18,0.0,859.58,16761.9,Pre-monsoon,1,3,2,0,73.4,165.0,146.0,126.23,146.4,US Embassy station (reference-grade),1
2021-04-01,77.0,166,Unhealthy,30.45,60.67,13.33,1000.22,0.0,863.75,11516.7,Pre-monsoon,1,4,3,0,76.2,73.4,165.0,119.09,145.94,US Embassy station (reference-grade),1
2021-04-03,128.0,203,Very Unhealthy,28.73,65.46,5.72,1006.15,0.0,464.38,2654.7,Pre-monsoon,1,4,5,1,77.0,76.2,73.4,116.37,146.68,US Embassy station (reference-grade),1
2021-04-04,136.0,211,Very Unhealthy,28.44,57.0,6.31,1007.08,0.0,498.96,3147.6,Pre-monsoon,1,4,6,0,128.0,77.0,76.2,114.51,146.18,US Embassy station (reference-grade),1
2021-04-05,106.0,186,Unhealthy,28.46,44.42,5.8,1008.42,0.0,634.38,3676.7,Pre-monsoon,1,4,0,0,136.0,128.0,77.0,108.8,146.11,US Embassy station (reference-grade),1
2021-04-06,139.0,214,Very Unhealthy,27.8,53.83,6.55,1008.25,0.0,535.42,3507.0,Pre-monsoon,1,4,1,0,106.0,136.0,128.0,105.09,148.16,US Embassy station (reference-grade),1
2021-04-07,204.0,279,Very Unhealthy,28.83,55.88,10.07,1008.85,0.0,702.5,7071.8,Pre-monsoon,1,4,2,0,139.0,106.0,136.0,123.74,151.88,US Embassy station (reference-grade),1
2021-04-11,95.8,179,Unhealthy,29.76,65.21,7.91,1009.4,0.0,591.67,4681.6,Pre-monsoon,1,4,6,0,204.0,139.0,106.0,126.54,150.64,US Embassy station (reference-grade),1
2021-04-12,92.3,177,Unhealthy,30.14,63.5,8.05,1009.58,0.3,574.79,4627.1,Pre-monsoon,1,4,0,0,95.8,204.0,139.0,128.73,151.17,US Embassy station (reference-grade),1
2021-04-13,65.5,158,Unhealthy,30.03,61.04,10.12,1008.55,0.5,615.42,6226.0,Pre-monsoon,1,4,1,0,92.3,95.8,204.0,119.8,151.31,US Embassy station (reference-grade),1
2021-04-14,54.6,148,Unhealthy for Sensitive Groups,29.96,63.08,11.55,1007.34,0.0,592.5,6840.9,Pre-monsoon,1,4,2,0,65.5,92.3,95.8,108.17,149.77,US Embassy station (reference-grade),1
2021-04-15,41.2,115,Unhealthy for Sensitive Groups,29.99,65.62,11.07,1006.45,0.1,662.71,7336.7,Pre-monsoon,1,4,3,0,54.6,65.5,92.3,98.91,145.94,US Embassy station (reference-grade),1
2021-04-16,48.1,132,Unhealthy for Sensitive Groups,29.3,67.04,10.8,1006.89,0.4,607.92,6565.5,Pre-monsoon,1,4,4,1,41.2,54.6,65.5,85.93,142.71,US Embassy station (reference-grade),1
2021-04-17,39.6,111,Unhealthy for Sensitive Groups,28.1,68.79,8.19,1008.96,0.0,561.88,4600.4,Pre-monsoon,1,4,5,1,48.1,41.2,54.6,62.44,140.86,US Embassy station (reference-grade),1
2021-04-18,55.9,151,Unhealthy,28.66,68.33,8.75,1008.18,0.3,648.54,5674.7,Pre-monsoon,1,4,6,0,39.6,48.1,41.2,56.74,137.59,US Embassy station (reference-grade),1
2021-04-19,35.9,102,Unhealthy for Sensitive Groups,30.08,61.67,14.2,1005.2,0.0,914.79,12990.0,Pre-monsoon,1,4,0,0,55.9,39.6,48.1,48.69,129.05,US Embassy station (reference-grade),1
2021-04-20,34.0,97,Moderate,31.06,59.21,14.56,1005.29,0.0,833.33,12135.4,Pre-monsoon,1,4,1,0,35.9,55.9,39.6,44.19,125.08,US Embassy station (reference-grade),1
2021-04-21,52.0,142,Unhealthy for Sensitive Groups,30.66,61.46,8.67,1006.95,0.0,588.12,5102.0,Pre-monsoon,1,4,2,0,34.0,35.9,55.9,43.81,119.45,US Embassy station (reference-grade),1
2021-04-22,58.1,153,Unhealthy,28.35,76.38,7.2,1007.34,6.4,427.08,3073.2,Pre-monsoon,1,4,3,0,52.0,34.0,35.9,46.23,113.19,US Embassy station (reference-grade),1
2021-04-23,74.8,165,Unhealthy,28.2,66.12,7.34,1007.0,0.0,602.29,4419.3,Pre-monsoon,1,4,4,1,58.1,52.0,34.0,50.04,108.35,US Embassy station (reference-grade),1
2021-04-24,178.0,253,Very Unhealthy,29.91,53.42,6.1,1006.02,0.0,645.62,3941.0,Pre-monsoon,1,4,5,1,74.8,58.1,52.0,69.81,103.68,US Embassy station (reference-grade),1
2021-04-27,45.6,126,Unhealthy for Sensitive Groups,31.67,59.08,8.68,1005.81,0.0,692.5,6013.2,Pre-monsoon,1,4,1,0,178.0,74.8,58.1,68.34,99.17,US Embassy station (reference-grade),1
2021-04-28,58.5,153,Unhealthy,31.89,59.83,7.72,1007.59,0.1,723.54,5583.3,Pre-monsoon,1,4,2,0,45.6,178.0,74.8,71.57,96.55,US Embassy station (reference-grade),1
2021-04-29,105.0,186,Unhealthy,31.73,55.54,5.95,1007.3,0.0,715.0,4251.3,Pre-monsoon,1,4,3,0,58.5,45.6,178.0,81.71,93.62,US Embassy station (reference-grade),1
2021-04-30,121.0,197,Unhealthy,31.17,54.04,6.22,1006.55,0.0,631.46,3925.6,Pre-monsoon,1,4,4,1,105.0,58.5,45.6,91.57,93.42,US Embassy station (reference-grade),1
2021-05-01,71.4,162,Unhealthy,30.64,58.08,8.32,1007.25,0.0,681.04,5664.0,Pre-monsoon,0,5,5,1,121.0,105.0,58.5,93.47,90.9,US Embassy station (reference-grade),1
2021-05-03,75.8,165,Unhealthy,27.9,76.5,4.9,1006.52,16.8,504.17,2472.5,Pre-monsoon,0,5,0,0,71.4,121.0,105.0,93.61,88.46,US Embassy station (reference-grade),1
2021-05-04,59.2,154,Unhealthy,26.79,78.12,5.16,1007.45,3.2,258.75,1334.7,Pre-monsoon,0,5,1,0,75.8,71.4,121.0,76.64,85.56,US Embassy station (reference-grade),1
2021-05-05,127.0,202,Very Unhealthy,27.12,75.79,4.98,1007.71,3.9,421.88,2098.8,Pre-monsoon,0,5,2,0,59.2,75.8,71.4,88.27,84.3,US Embassy station (reference-grade),1
2021-05-06,65.1,158,Unhealthy,27.13,77.21,5.12,1008.87,6.3,467.08,2391.9,Pre-monsoon,0,5,3,0,127.0,59.2,75.8,89.21,84.02,US Embassy station (reference-grade),1
2021-05-07,90.4,175,Unhealthy,27.79,76.08,5.43,1009.34,2.6,449.79,2442.0,Pre-monsoon,0,5,4,1,65.1,127.0,59.2,87.13,84.49,US Embassy station (reference-grade),1
2021-05-08,45.9,127,Unhealthy for Sensitive Groups,27.35,81.29,5.59,1008.46,9.0,423.54,2368.3,Pre-monsoon,0,5,5,1,90.4,65.1,127.0,76.4,83.46,US Embassy station (reference-grade),1
2021-05-09,65.9,158,Unhealthy,27.74,78.04,5.55,1006.79,2.8,466.67,2588.1,Pre-monsoon,0,5,6,0,45.9,90.4,65.1,75.61,81.39,US Embassy station (reference-grade),1
2021-05-10,64.6,157,Unhealthy,27.75,79.79,7.73,1005.61,9.7,428.33,3312.4,Pre-monsoon,0,5,0,0,65.9,45.9,90.4,74.01,79.01,US Embassy station (reference-grade),1
2021-05-11,52.2,142,Unhealthy for Sensitive Groups,26.74,81.62,8.8,1005.24,13.3,429.58,3780.3,Pre-monsoon,0,5,1,0,64.6,65.9,45.9,73.01,77.21,US Embassy station (reference-grade),1
2021-05-12,57.2,152,Unhealthy,26.79,81.42,5.44,1003.88,27.2,402.5,2188.6,Pre-monsoon,0,5,2,0,52.2,64.6,65.9,63.04,74.49,US Embassy station (reference-grade),1
2021-05-13,36.4,103,Unhealthy for Sensitive Groups,26.78,85.08,7.12,1003.34,23.5,387.5,2759.3,Pre-monsoon,0,5,3,0,57.2,52.2,64.6,58.94,68.9,US Embassy station (reference-grade),1
2021-05-14,41.0,115,Unhealthy for Sensitive Groups,27.09,84.25,4.89,1002.67,9.5,476.67,2329.7,Pre-monsoon,0,5,4,1,36.4,57.2,52.2,51.89,67.07,US Embassy station (reference-grade),1
2021-05-15,50.6,138,Unhealthy for Sensitive Groups,29.45,79.04,10.01,1004.25,0.9,587.5,5882.3,Pre-monsoon,0,5,5,1,41.0,36.4,57.2,52.56,65.68,US Embassy station (reference-grade),1
2021-05-16,31.4,93,Moderate,29.8,80.58,7.68,1005.39,1.1,506.88,3892.4,Pre-monsoon,0,5,6,0,50.6,41.0,36.4,47.63,64.55,US Embassy station (reference-grade),1
2021-05-17,27.2,85,Moderate,31.16,74.08,9.79,1004.81,0.4,514.17,5032.4,Pre-monsoon,0,5,0,0,31.4,50.6,41.0,42.29,63.63,US Embassy station (reference-grade),1
2021-05-18,22.2,75,Moderate,30.07,78.62,9.13,1004.25,12.0,538.96,4922.5,Pre-monsoon,0,5,1,0,27.2,31.4,50.6,38.0,63.0,US Embassy station (reference-grade),1
2021-05-19,32.9,95,Moderate,28.6,88.71,8.07,1003.5,14.2,572.5,4618.2,Pre-monsoon,0,5,2,0,22.2,27.2,31.4,34.53,62.49,US Embassy station (reference-grade),1
2021-05-20,17.8,67,Moderate,30.64,76.21,11.19,1003.55,0.0,587.5,6572.7,Pre-monsoon,0,5,3,0,32.9,22.2,27.2,31.87,61.77,US Embassy station (reference-grade),1
2021-05-21,26.6,84,Moderate,30.23,76.04,9.08,1003.44,0.6,551.67,5006.4,Pre-monsoon,0,5,4,1,17.8,32.9,22.2,29.81,60.79,US Embassy station (reference-grade),1
2021-05-22,22.1,75,Moderate,31.14,70.75,8.36,1001.82,0.0,598.12,4999.3,Pre-monsoon,0,5,5,1,26.6,17.8,32.9,25.74,60.33,US Embassy station (reference-grade),1
2021-05-24,34.6,99,Moderate,30.78,77.0,5.78,1000.55,6.5,479.58,2773.6,Pre-monsoon,0,5,0,0,22.1,26.6,17.8,26.2,60.35,US Embassy station (reference-grade),1
2021-05-25,11.7,56,Moderate,29.11,82.67,11.28,998.5,21.3,495.21,5583.5,Pre-monsoon,0,5,1,0,34.6,22.1,26.6,23.99,59.01,US Embassy station (reference-grade),1
2021-05-27,34.7,99,Moderate,28.53,79.67,23.38,1000.95,2.7,990.21,23150.2,Pre-monsoon,0,5,3,0,11.7,34.6,22.1,25.77,58.23,US Embassy station (reference-grade),1
2021-05-28,44.1,122,Unhealthy for Sensitive Groups,29.17,80.21,14.98,1004.64,3.0,673.96,10095.3,Pre-monsoon,0,5,4,1,34.7,11.7,34.6,27.37,57.2,US Embassy station (reference-grade),1
2021-05-29,61.9,155,Unhealthy,29.65,78.71,8.2,1004.6,1.6,487.71,3999.2,Pre-monsoon,0,5,5,1,44.1,34.7,11.7,33.67,53.33,US Embassy station (reference-grade),1
2021-05-31,39.8,112,Unhealthy for Sensitive Groups,28.34,86.0,15.54,1001.3,21.1,641.67,9972.6,Pre-monsoon,0,5,0,0,61.9,44.1,34.7,35.56,53.14,US Embassy station (reference-grade),1
2021-06-02,36.4,103,Unhealthy for Sensitive Groups,28.68,85.79,10.01,1003.63,8.9,484.17,4845.7,Monsoon,0,6,2,0,39.8,61.9,44.1,37.6,52.4,US Embassy station (reference-grade),1
2021-06-03,38.7,109,Unhealthy for Sensitive Groups,29.24,85.12,11.74,1004.9,1.2,474.58,5570.4,Monsoon,0,6,3,0,36.4,39.8,61.9,38.19,50.19,US Embassy station (reference-grade),1
2021-06-04,43.3,120,Unhealthy for Sensitive Groups,29.8,82.29,11.1,1004.59,0.6,580.62,6442.5,Monsoon,0,6,4,1,38.7,36.4,39.8,42.7,47.6,US Embassy station (reference-grade),1
2021-06-05,45.0,124,Unhealthy for Sensitive Groups,28.66,87.29,12.34,1003.72,24.0,411.67,5080.7,Monsoon,0,6,5,1,43.3,38.7,36.4,44.17,46.72,US Embassy station (reference-grade),1
2021-06-06,68.4,160,Unhealthy,26.72,90.75,11.26,1003.25,31.0,320.42,3607.4,Monsoon,0,6,6,0,45.0,43.3,38.7,47.64,46.48,US Embassy station (reference-grade),1
2021-06-07,60.4,154,Unhealthy,28.2,88.25,15.15,1001.65,25.9,436.46,6610.5,Monsoon,0,6,0,0,68.4,45.0,43.3,47.43,46.52,US Embassy station (reference-grade),1
2021-06-08,45.8,126,Unhealthy for Sensitive Groups,27.95,89.79,13.45,1000.59,32.7,447.08,6015.1,Monsoon,0,6,1,0,60.4,68.4,45.0,48.29,43.81,US Embassy station (reference-grade),1
2021-06-10,60.7,155,Unhealthy,28.2,88.5,8.52,998.34,6.6,349.58,2978.7,Monsoon,0,6,3,0,45.8,60.4,68.4,51.76,43.66,US Embassy station (reference-grade),1
2021-06-11,24.9,80,Moderate,27.58,85.96,14.8,996.76,16.1,554.79,8210.9,Monsoon,0,6,4,1,60.7,45.8,60.4,49.79,41.48,US Embassy station (reference-grade),1
2021-06-12,27.2,85,Moderate,27.45,87.08,15.31,998.0,12.4,727.92,11146.2,Monsoon,0,6,5,1,24.9,60.7,45.8,47.49,40.86,US Embassy station (reference-grade),1
2021-06-13,19.5,70,Moderate,28.36,84.0,16.37,998.0,3.8,819.38,13410.4,Monsoon,0,6,6,0,27.2,24.9,60.7,43.84,39.31,US Embassy station (reference-grade),1
2021-06-14,22.7,76,Moderate,28.14,85.17,19.71,996.96,2.5,725.83,14305.0,Monsoon,0,6,0,0,19.5,27.2,24.9,37.31,37.91,US Embassy station (reference-grade),1
2021-06-15,24.8,80,Moderate,27.78,88.04,15.91,995.94,18.3,621.88,9895.6,Monsoon,0,6,1,0,22.7,19.5,27.2,32.23,37.0,US Embassy station (reference-grade),1
2021-06-17,33.7,97,Moderate,26.46,89.12,18.26,999.07,14.0,574.17,10483.3,Monsoon,0,6,3,0,24.8,22.7,19.5,30.5,36.22,US Embassy station (reference-grade),1
2021-06-18,29.0,88,Moderate,25.98,92.21,16.22,1001.38,27.3,581.67,9437.5,Monsoon,0,6,4,1,33.7,24.8,22.7,25.97,35.97,US Embassy station (reference-grade),1
2021-06-19,45.8,126,Unhealthy for Sensitive Groups,25.4,94.54,13.26,1001.54,44.5,418.33,5546.4,Monsoon,0,6,5,1,29.0,33.7,24.8,28.96,36.13,US Embassy station (reference-grade),1
2021-06-20,53.3,145,Unhealthy for Sensitive Groups,26.35,90.38,9.9,1002.32,17.0,374.79,3708.9,Monsoon,0,6,6,0,45.8,29.0,33.7,32.69,36.22,US Embassy station (reference-grade),1
2021-06-21,47.0,129,Unhealthy for Sensitive Groups,27.23,89.96,7.05,1001.37,6.5,314.17,2213.6,Monsoon,0,6,0,0,53.3,45.8,29.0,36.61,36.74,US Embassy station (reference-grade),1
2021-06-22,51.5,140,Unhealthy for Sensitive Groups,27.71,87.04,11.5,1001.63,8.1,388.33,4464.2,Monsoon,0,6,1,0,47.0,53.3,45.8,40.73,37.55,US Embassy station (reference-grade),1
2021-06-23,43.6,121,Unhealthy for Sensitive Groups,28.22,83.62,13.98,1002.73,1.9,596.88,8341.3,Monsoon,0,6,2,0,51.5,47.0,53.3,43.41,38.26,US Embassy station (reference-grade),1
2021-06-24,56.7,152,Unhealthy,28.16,85.17,15.15,1001.78,2.9,596.88,9042.7,Monsoon,0,6,3,0,43.6,51.5,47.0,46.7,39.06,US Embassy station (reference-grade),1
2021-06-25,45.4,125,Unhealthy for Sensitive Groups,28.32,83.46,17.22,1000.86,1.9,627.71,10807.0,Monsoon,0,6,4,1,56.7,43.6,51.5,49.04,39.98,US Embassy station (reference-grade),1
2021-06-26,64.1,157,Unhealthy,28.29,85.58,15.21,1002.4,4.2,641.46,9755.5,Monsoon,0,6,5,1,45.4,56.7,43.6,51.66,41.23,US Embassy station (reference-grade),1
2021-06-27,43.2,120,Unhealthy for Sensitive Groups,29.11,83.04,13.22,1005.03,2.5,667.92,8833.2,Monsoon,0,6,6,0,64.1,45.4,56.7,50.21,41.93,US Embassy station (reference-grade),1
2021-06-28,22.7,76,Moderate,28.56,84.92,14.38,1004.35,5.5,620.0,8912.5,Monsoon,0,6,0,0,43.2,64.1,45.4,46.74,41.53,US Embassy station (reference-grade),1
2021-06-29,23.0,77,Moderate,28.1,88.67,16.43,1002.24,12.9,640.0,10514.7,Monsoon,0,6,1,0,22.7,43.2,64.1,42.67,41.91,US Embassy station (reference-grade),1
2021-06-30,28.7,88,Moderate,27.98,90.38,15.33,1000.22,42.5,517.71,7938.2,Monsoon,0,6,2,0,23.0,22.7,43.2,40.54,41.71,US Embassy station (reference-grade),1
2021-07-02,43.7,121,Unhealthy for Sensitive Groups,27.28,92.25,14.48,1000.71,24.2,488.12,7065.6,Monsoon,0,7,4,1,28.7,23.0,22.7,38.69,41.7,US Embassy station (reference-grade),1
2021-07-03,33.0,96,Moderate,27.62,88.71,12.55,1001.73,11.0,474.17,5950.8,Monsoon,0,7,5,1,43.7,28.7,23.0,36.91,40.73,US Embassy station (reference-grade),1
2021-07-04,33.2,96,Moderate,27.98,85.92,12.71,1002.52,4.1,423.12,5377.2,Monsoon,0,7,6,0,33.0,43.7,28.7,32.5,40.51,US Embassy station (reference-grade),1
2021-07-05,38.6,109,Unhealthy for Sensitive Groups,28.21,86.58,11.71,1002.56,7.4,491.88,5759.0,Monsoon,0,7,0,0,33.2,33.0,43.7,31.84,40.59,US Embassy station (reference-grade),1
2021-07-06,38.1,107,Unhealthy for Sensitive Groups,28.44,86.58,11.39,1001.05,7.4,508.96,5795.8,Monsoon,0,7,1,0,38.6,33.2,33.0,34.04,40.57,US Embassy station (reference-grade),1
2021-07-07,33.8,97,Moderate,28.08,88.42,11.93,1000.8,21.2,423.96,5057.5,Monsoon,0,7,2,0,38.1,38.6,33.2,35.59,40.25,US Embassy station (reference-grade),1
2021-07-08,29.5,89,Moderate,28.2,85.33,17.09,1001.47,7.8,550.62,9411.1,Monsoon,0,7,3,0,33.8,38.1,38.6,35.7,39.73,US Embassy station (reference-grade),1
2021-07-09,40.8,114,Unhealthy for Sensitive Groups,29.06,81.96,11.56,1000.49,1.3,517.92,5986.3,Monsoon,0,7,4,1,29.5,33.8,38.1,35.29,38.81,US Embassy station (reference-grade),1
2021-07-12,41.6,116,Unhealthy for Sensitive Groups,29.39,81.29,7.55,1003.89,8.8,458.96,3463.2,Monsoon,0,7,0,0,40.8,29.5,33.8,36.51,38.19,US Embassy station (reference-grade),1
2021-07-13,26.2,83,Moderate,28.82,82.29,14.58,1003.66,7.5,655.0,9546.6,Monsoon,0,7,1,0,41.6,40.8,29.5,35.51,37.53,US Embassy station (reference-grade),1
2021-07-14,25.7,82,Moderate,28.59,83.17,12.45,1004.1,1.6,550.83,6860.2,Monsoon,0,7,2,0,26.2,41.6,40.8,33.67,36.37,US Embassy station (reference-grade),1
2021-07-15,22.3,76,Moderate,29.07,81.62,7.25,1004.37,2.4,498.96,3619.5,Monsoon,0,7,3,0,25.7,26.2,41.6,31.41,36.28,US Embassy station (reference-grade),1
2021-07-16,23.8,78,Moderate,29.52,81.46,7.87,1005.03,4.8,598.33,4706.9,Monsoon,0,7,4,1,22.3,25.7,26.2,29.99,36.17,US Embassy station (reference-grade),1
2021-07-17,35.4,100,Moderate,28.56,86.58,9.27,1004.17,7.4,471.88,4374.7,Monsoon,0,7,5,1,23.8,22.3,25.7,30.83,36.7,US Embassy station (reference-grade),1
2021-07-18,26.0,82,Moderate,28.99,83.83,9.01,1001.91,2.0,454.79,4096.9,Monsoon,0,7,6,0,35.4,23.8,22.3,28.71,36.81,US Embassy station (reference-grade),1
2021-07-19,50.5,138,Unhealthy for Sensitive Groups,28.68,86.04,8.34,1000.04,6.4,341.04,2843.4,Monsoon,0,7,0,0,26.0,35.4,23.8,29.99,37.66,US Embassy station (reference-grade),1
2021-07-20,38.1,107,Unhealthy for Sensitive Groups,27.48,90.42,7.86,999.38,36.4,357.92,2812.6,Monsoon,0,7,1,0,50.5,26.0,35.4,31.69,37.81,US Embassy station (reference-grade),1
2021-07-21,16.1,64,Moderate,28.95,82.58,8.45,997.23,2.4,422.71,3573.6,Monsoon,0,7,2,0,38.1,50.5,26.0,30.31,37.38,US Embassy station (reference-grade),1
2021-07-22,11.9,56,Moderate,29.49,78.25,12.57,995.72,2.2,546.88,6874.7,Monsoon,0,7,3,0,16.1,38.1,50.5,28.83,36.25,US Embassy station (reference-grade),1
2021-07-23,6.32,35,Good,27.61,85.75,22.27,996.61,8.9,827.5,18425.7,Monsoon,0,7,4,1,11.9,16.1,38.1,26.33,34.68,US Embassy station (reference-grade),1
2021-07-24,6.45,36,Good,26.8,93.42,17.6,998.71,51.7,582.92,10259.3,Monsoon,0,7,5,1,6.32,11.9,16.1,22.2,33.33,US Embassy station (reference-grade),1
2021-07-25,17.9,67,Moderate,28.64,85.54,13.8,998.93,5.5,568.33,7843.0,Monsoon,0,7,6,0,6.45,6.32,11.9,21.04,32.21,US Embassy station (reference-grade),1
2021-08-03,32.6,95,Moderate,27.84,87.38,6.9,999.83,8.6,364.38,2512.7,Monsoon,0,8,1,0,17.9,6.45,6.32,18.48,31.85,US Embassy station (reference-grade),1
2021-08-04,27.7,86,Moderate,28.19,86.42,9.12,999.76,14.4,417.29,3804.3,Monsoon,0,8,2,0,32.6,17.9,6.45,17.0,30.88,US Embassy station (reference-grade),1
2021-08-05,45.0,124,Unhealthy for Sensitive Groups,29.46,81.83,6.2,998.38,0.7,477.71,2959.8,Monsoon,0,8,3,0,27.7,32.6,17.9,21.12,30.87,US Embassy station (reference-grade),1
2021-08-06,34.1,98,Moderate,28.65,87.17,8.63,999.06,12.4,394.58,3406.6,Monsoon,0,8,4,1,45.0,27.7,32.6,24.3,29.87,US Embassy station (reference-grade),1
2021-08-07,32.6,95,Moderate,27.1,91.08,11.6,1001.92,19.6,401.46,4656.9,Monsoon,0,8,5,1,34.1,45.0,27.7,28.05,29.51,US Embassy station (reference-grade),1
2021-08-08,41.5,116,Unhealthy for Sensitive Groups,27.46,89.83,12.22,1004.11,15.5,428.33,5236.4,Monsoon,0,8,6,0,32.6,34.1,45.0,33.06,30.14,US Embassy station (reference-grade),1
2021-08-09,30.5,91,Moderate,28.41,87.62,11.04,1003.82,6.7,427.5,4720.3,Monsoon,0,8,0,0,41.5,32.6,34.1,34.86,30.39,US Embassy station (reference-grade),1
2021-08-10,34.3,98,Moderate,28.88,87.79,12.22,1001.24,9.1,457.29,5590.4,Monsoon,0,8,1,0,30.5,41.5,32.6,35.1,30.58,US Embassy station (reference-grade),1
2021-08-11,49.1,134,Unhealthy for Sensitive Groups,28.83,88.17,13.44,1001.22,14.6,487.29,6548.0,Monsoon,0,8,2,0,34.3,30.5,41.5,38.16,30.76,US Embassy station (reference-grade),1
2021-08-12,44.7,124,Unhealthy for Sensitive Groups,28.94,86.96,15.99,1003.27,3.0,494.79,7912.5,Monsoon,0,8,3,0,49.1,34.3,30.5,38.11,31.15,US Embassy station (reference-grade),1
2021-08-13,38.6,109,Unhealthy for Sensitive Groups,27.68,90.29,15.39,1001.97,4.2,465.42,7163.5,Monsoon,0,8,4,1,44.7,49.1,34.3,38.76,31.33,US Embassy station (reference-grade),1
2021-08-14,33.0,96,Moderate,28.1,88.96,12.08,1000.6,5.9,463.33,5596.7,Monsoon,0,8,5,1,38.6,44.7,49.1,38.81,31.14,US Embassy station (reference-grade),1
2021-08-15,35.3,100,Moderate,29.12,84.42,10.15,1001.48,0.8,463.33,4704.8,Monsoon,0,8,6,0,33.0,38.6,44.7,37.93,31.05,US Embassy station (reference-grade),1
2021-08-16,54.7,148,Unhealthy for Sensitive Groups,27.86,89.42,10.77,1003.97,9.5,471.04,5073.5,Monsoon,0,8,0,0,35.3,33.0,38.6,41.39,31.74,US Embassy station (reference-grade),1
2021-08-17,37.4,106,Unhealthy for Sensitive Groups,26.94,90.29,15.42,1004.85,9.1,498.54,7687.9,Monsoon,0,8,1,0,54.7,35.3,33.0,41.83,32.01,US Embassy station (reference-grade),1
2021-08-18,33.3,96,Moderate,26.8,90.75,17.09,1003.71,3.1,608.12,10393.9,Monsoon,0,8,2,0,37.4,54.7,35.3,39.57,31.76,US Embassy station (reference-grade),1
2021-08-19,32.6,95,Moderate,26.79,89.92,16.22,1004.03,4.9,622.71,10098.3,Monsoon,0,8,3,0,33.3,37.4,54.7,37.84,31.46,US Embassy station (reference-grade),1
2021-08-20,26.2,83,Moderate,27.14,88.21,11.89,1006.38,6.5,453.33,5390.9,Monsoon,0,8,4,1,32.6,33.3,37.4,36.07,31.46,US Embassy station (reference-grade),1
2021-08-21,32.8,95,Moderate,28.08,85.88,8.52,1007.47,4.8,467.71,3983.3,Monsoon,0,8,5,1,26.2,32.6,33.3,36.04,31.69,US Embassy station (reference-grade),1
2021-08-22,25.5,82,Moderate,28.9,81.08,11.33,1005.65,2.3,618.12,7005.4,Monsoon,0,8,6,0,32.8,26.2,32.6,34.64,31.8,US Embassy station (reference-grade),1
2021-08-23,28.5,87,Moderate,29.08,83.62,13.13,1003.56,11.5,649.58,8531.2,Monsoon,0,8,0,0,25.5,32.8,26.2,30.9,31.96,US Embassy station (reference-grade),1
2021-08-24,47.1,130,Unhealthy for Sensitive Groups,28.65,87.0,9.42,1002.52,8.3,454.79,4284.5,Monsoon,0,8,1,0,28.5,25.5,32.8,32.29,32.35,US Embassy station (reference-grade),1
2021-08-25,65.8,158,Unhealthy,28.6,89.21,10.95,1000.26,24.0,406.25,4446.7,Monsoon,0,8,2,0,47.1,28.5,25.5,36.93,33.67,US Embassy station (reference-grade),1
2021-08-26,54.5,148,Unhealthy for Sensitive Groups,27.99,90.08,10.8,1000.0,16.9,430.21,4646.2,Monsoon,0,8,3,0,65.8,47.1,28.5,40.06,33.81,US Embassy station (reference-grade),1
2021-08-27,41.7,116,Unhealthy for Sensitive Groups,28.21,87.12,10.4,1001.96,11.6,468.96,4877.2,Monsoon,0,8,4,1,54.5,65.8,47.1,42.27,33.93,US Embassy station (reference-grade),1
2021-08-28,37.9,107,Unhealthy for Sensitive Groups,28.4,83.71,10.26,1002.08,6.4,523.54,5372.8,Monsoon,0,8,5,1,41.7,54.5,65.8,43.0,34.65,US Embassy station (reference-grade),1
2021-08-29,29.2,88,Moderate,27.8,85.17,12.66,1003.1,3.0,625.42,7916.7,Monsoon,0,8,6,0,37.9,41.7,54.5,43.53,35.23,US Embassy station (reference-grade),1
2021-08-31,37.5,106,Unhealthy for Sensitive Groups,28.49,83.42,7.32,1006.97,1.1,476.04,3485.0,Monsoon,0,8,1,0,29.2,37.9,41.7,44.81,36.27,US Embassy station (reference-grade),1
2021-09-01,30.8,91,Moderate,28.62,85.29,4.44,1006.28,3.7,319.79,1419.1,Monsoon,0,9,2,0,37.5,29.2,37.9,42.49,37.08,US Embassy station (reference-grade),1
2021-09-02,45.0,124,Unhealthy for Sensitive Groups,28.67,85.04,4.8,1004.93,4.9,370.21,1777.0,Monsoon,0,9,3,0,30.8,37.5,29.2,39.51,37.98,US Embassy station (reference-grade),1
2021-09-03,41.7,116,Unhealthy for Sensitive Groups,29.07,82.29,4.6,1002.84,5.2,402.29,1850.5,Monsoon,0,9,4,1,45.0,30.8,37.5,37.69,38.29,US Embassy station (reference-grade),1
2021-09-04,60.2,154,Unhealthy,29.83,79.54,4.05,1001.53,1.2,400.42,1623.4,Monsoon,0,9,5,1,41.7,45.0,30.8,40.33,39.37,US Embassy station (reference-grade),1
2021-09-05,57.8,153,Unhealthy,29.5,82.75,5.6,1001.71,8.7,433.75,2429.0,Monsoon,0,9,6,0,60.2,41.7,45.0,43.17,39.8,US Embassy station (reference-grade),1
2021-09-06,28.1,86,Moderate,29.05,78.67,14.22,1004.32,13.4,783.96,11148.5,Monsoon,0,9,0,0,57.8,60.2,41.7,43.01,39.6,US Embassy station (reference-grade),1
2021-09-07,23.3,77,Moderate,27.85,83.25,13.23,1007.2,5.6,651.25,8615.5,Monsoon,0,9,1,0,28.1,57.8,60.2,40.99,39.29,US Embassy station (reference-grade),1
2021-09-08,29.0,88,Moderate,28.06,85.5,7.82,1005.74,5.8,434.17,3395.5,Monsoon,0,9,2,0,23.3,28.1,57.8,40.73,38.87,US Embassy station (reference-grade),1
2021-09-09,67.8,160,Unhealthy,28.68,84.38,4.83,1003.89,0.7,353.75,1708.3,Monsoon,0,9,3,0,29.0,23.3,28.1,43.99,40.11,US Embassy station (reference-grade),1
2021-09-10,51.9,141,Unhealthy for Sensitive Groups,29.85,81.38,7.26,1002.08,0.5,369.79,2684.1,Monsoon,0,9,4,1,67.8,29.0,23.3,45.44,40.7,US Embassy station (reference-grade),1
2021-09-11,24.3,79,Moderate,29.24,82.33,8.22,1002.3,2.4,539.79,4439.8,Monsoon,0,9,5,1,51.9,67.8,29.0,40.31,39.87,US Embassy station (reference-grade),1
2021-09-12,27.0,84,Moderate,29.48,79.21,12.55,999.75,1.3,642.5,8063.4,Monsoon,0,9,6,0,24.3,51.9,67.8,35.91,39.28,US Embassy station (reference-grade),1
2021-09-13,17.0,66,Moderate,28.24,82.62,17.88,1000.93,7.6,834.79,14925.4,Monsoon,0,9,0,0,27.0,24.3,51.9,34.33,38.56,US Embassy station (reference-grade),1
2021-09-14,28.1,86,Moderate,26.98,90.62,14.5,1005.09,18.2,594.79,8622.0,Monsoon,0,9,1,0,17.0,27.0,24.3,35.01,38.4,US Embassy station (reference-grade),1
2021-09-15,29.0,88,Moderate,28.64,84.58,6.89,1005.58,3.7,427.92,2947.3,Monsoon,0,9,2,0,28.1,17.0,27.0,35.01,38.19,US Embassy station (reference-grade),1
2021-09-16,31.8,93,Moderate,28.23,85.38,5.25,1004.36,15.3,363.96,1910.8,Monsoon,0,9,3,0,29.0,28.1,17.0,29.87,37.43,US Embassy station (reference-grade),1
2021-09-17,41.1,115,Unhealthy for Sensitive Groups,28.05,88.21,6.8,1003.49,8.6,376.04,2557.1,Monsoon,0,9,4,1,31.8,29.0,28.1,28.33,37.55,US Embassy station (reference-grade),1
2021-09-18,32.5,95,Moderate,26.74,89.92,10.4,1004.71,9.3,382.08,3972.1,Monsoon,0,9,5,1,41.1,31.8,29.0,29.5,37.52,US Embassy station (reference-grade),1
2021-09-19,18.0,68,Moderate,26.67,91.17,9.38,1006.13,25.5,327.29,3071.1,Monsoon,0,9,6,0,32.5,41.1,31.8,28.21,37.04,US Embassy station (reference-grade),1
2021-09-20,39.3,110,Unhealthy for Sensitive Groups,26.14,92.42,10.88,1005.91,6.4,414.79,4510.9,Monsoon,0,9,0,0,18.0,32.5,41.1,31.4,37.47,US Embassy station (reference-grade),1
2021-09-21,39.0,110,Unhealthy for Sensitive Groups,26.63,90.92,10.07,1005.13,7.1,359.58,3619.8,Monsoon,0,9,1,0,39.3,18.0,32.5,32.96,37.68,US Embassy station (reference-grade),1
2021-09-30,79.0,167,Unhealthy,28.2,81.83,4.96,1007.98,1.6,297.08,1473.0,Monsoon,0,9,3,0,39.0,39.3,18.0,40.1,39.46,US Embassy station (reference-grade),1
2021-10-01,74.0,164,Unhealthy,28.95,82.29,4.1,1007.51,0.5,350.0,1435.0,Post-monsoon,0,10,4,1,79.0,39.0,39.3,46.13,40.98,US Embassy station (reference-grade),1
2021-10-04,54.0,147,Unhealthy for Sensitive Groups,27.03,90.33,10.6,1005.22,23.1,490.21,5198.3,Post-monsoon,0,10,0,0,74.0,79.0,39.0,47.97,41.21,US Embassy station (reference-grade),1
2021-10-05,55.9,151,Unhealthy,27.43,88.88,6.04,1006.9,10.8,352.92,2132.2,Post-monsoon,0,10,1,0,54.0,74.0,79.0,51.31,40.88,US Embassy station (reference-grade),1
2021-10-06,70.4,161,Unhealthy,28.26,85.54,3.84,1005.95,2.5,384.38,1475.0,Post-monsoon,0,10,2,0,55.9,54.0,74.0,58.8,41.41,US Embassy station (reference-grade),1
2021-10-07,103.0,184,Unhealthy,28.62,84.75,4.2,1004.24,0.8,403.54,1694.9,Post-monsoon,0,10,3,0,70.4,55.9,54.0,67.9,43.45,US Embassy station (reference-grade),1
2021-10-08,99.9,182,Unhealthy,28.63,84.21,3.81,1003.43,2.5,341.46,1300.4,Post-monsoon,0,10,4,1,103.0,70.4,55.9,76.6,45.52,US Embassy station (reference-grade),1
2021-10-09,102.0,184,Unhealthy,28.55,85.21,3.9,1003.82,1.8,323.12,1260.2,Post-monsoon,0,10,5,1,99.9,103.0,70.4,79.89,47.95,US Embassy station (reference-grade),1
2021-10-10,93.0,177,Unhealthy,28.96,83.29,4.22,1004.1,1.0,400.83,1691.9,Post-monsoon,0,10,6,0,102.0,99.9,103.0,82.6,49.8,US Embassy station (reference-grade),1
2021-10-11,91.0,176,Unhealthy,29.75,76.71,7.19,1002.86,0.0,409.17,2942.6,Post-monsoon,0,10,0,0,93.0,102.0,99.9,87.89,51.8,US Embassy station (reference-grade),1
2021-10-12,86.0,172,Unhealthy,30.04,77.92,7.17,1002.18,0.1,380.0,2724.9,Post-monsoon,0,10,1,0,91.0,93.0,102.0,92.19,53.17,US Embassy station (reference-grade),1
2021-10-13,81.0,169,Unhealthy,29.12,81.96,5.31,1002.1,0.0,330.21,1754.2,Post-monsoon,0,10,2,0,86.0,91.0,93.0,93.7,54.48,US Embassy station (reference-grade),1
2021-10-14,81.3,169,Unhealthy,30.05,80.21,4.94,1002.26,2.1,333.75,1647.9,Post-monsoon,0,10,3,0,81.0,86.0,91.0,90.6,55.18,US Embassy station (reference-grade),1
2021-10-15,57.3,152,Unhealthy,30.44,77.96,6.22,1000.92,9.4,426.88,2657.3,Post-monsoon,0,10,4,1,81.3,81.0,86.0,84.51,55.17,US Embassy station (reference-grade),1
2021-10-16,48.1,132,Unhealthy for Sensitive Groups,29.07,80.0,7.58,1003.07,1.0,365.21,2768.0,Post-monsoon,0,10,5,1,57.3,81.3,81.0,76.81,55.83,US Embassy station (reference-grade),1
2021-10-17,34.0,97,Moderate,29.11,77.58,10.35,1004.95,7.9,406.04,4202.5,Post-monsoon,0,10,6,0,48.1,57.3,81.3,68.39,56.19,US Embassy station (reference-grade),1
2021-10-18,28.9,88,Moderate,26.07,89.46,17.53,1006.54,23.6,687.71,12055.0,Post-monsoon,0,10,0,0,34.0,48.1,57.3,59.51,56.19,US Embassy station (reference-grade),1
2021-10-19,46.0,127,Unhealthy for Sensitive Groups,25.58,92.83,12.42,1009.37,22.1,566.25,7033.3,Post-monsoon,0,10,1,0,28.9,34.0,48.1,53.8,55.46,US Embassy station (reference-grade),1
2021-10-20,51.3,140,Unhealthy for Sensitive Groups,25.89,90.29,11.68,1009.37,18.2,365.83,4274.2,Post-monsoon,0,10,2,0,46.0,28.9,34.0,49.56,55.44,US Embassy station (reference-grade),1
2021-10-21,71.9,162,Unhealthy,26.52,81.38,9.09,1008.15,3.1,536.04,4871.3,Post-monsoon,0,10,3,0,51.3,46.0,28.9,48.21,57.03,US Embassy station (reference-grade),1
2021-10-22,104.0,185,Unhealthy,26.03,78.67,6.11,1009.77,0.1,282.92,1728.1,Post-monsoon,0,10,4,1,71.9,51.3,46.0,54.89,59.59,US Embassy station (reference-grade),1
2021-10-23,79.6,168,Unhealthy,25.91,76.92,5.54,1011.35,0.0,343.33,1902.6,Post-monsoon,0,10,5,1,104.0,71.9,51.3,59.39,61.68,US Embassy station (reference-grade),1
2021-10-24,82.1,170,Unhealthy,26.18,77.42,4.75,1011.48,0.0,310.42,1473.2,Post-monsoon,0,10,6,0,79.6,104.0,71.9,66.26,63.48,US Embassy station (reference-grade),1
2021-10-25,103.0,184,Unhealthy,26.37,74.71,4.8,1010.08,0.0,339.17,1628.0,Post-monsoon,0,10,0,0,82.1,79.6,104.0,76.84,65.95,US Embassy station (reference-grade),1
2021-10-26,99.0,181,Unhealthy,26.53,73.58,5.32,1009.6,0.0,336.25,1790.5,Post-monsoon,0,10,1,0,103.0,82.1,79.6,84.41,68.19,US Embassy station (reference-grade),1
2021-10-27,86.8,173,Unhealthy,26.31,76.83,6.66,1010.53,0.0,316.88,2109.9,Post-monsoon,0,10,2,0,99.0,103.0,82.1,89.49,69.71,US Embassy station (reference-grade),1
2021-10-28,93.2,177,Unhealthy,26.15,78.88,5.56,1011.01,0.7,340.0,1889.8,Post-monsoon,0,10,3,0,86.8,99.0,103.0,92.53,71.73,US Embassy station (reference-grade),1
2021-10-30,67.9,160,Unhealthy,26.88,65.29,9.11,1011.6,0.0,328.96,2997.6,Post-monsoon,0,10,5,1,93.2,86.8,99.0,87.37,73.4,US Embassy station (reference-grade),1
2021-10-31,87.2,173,Unhealthy,25.92,59.75,10.3,1011.68,0.0,377.5,3886.7,Post-monsoon,0,10,6,0,67.9,93.2,86.8,88.46,74.99,US Embassy station (reference-grade),1
2021-11-01,124.0,199,Unhealthy,24.74,63.67,6.7,1012.27,0.0,428.54,2873.0,Post-monsoon,1,11,0,0,87.2,67.9,93.2,94.44,77.83,US Embassy station (reference-grade),1
2021-11-02,122.0,198,Unhealthy,24.3,66.42,6.3,1012.51,0.0,428.54,2699.8,Post-monsoon,1,11,1,0,124.0,87.2,67.9,97.16,79.26,US Embassy station (reference-grade),1
2021-11-03,108.0,188,Unhealthy,24.03,71.83,7.58,1011.42,0.0,422.08,3199.0,Post-monsoon,1,11,2,0,122.0,124.0,87.2,98.44,80.39,US Embassy station (reference-grade),1
2021-11-04,102.0,184,Unhealthy,23.66,65.38,7.32,1011.26,0.0,418.75,3067.3,Post-monsoon,1,11,3,0,108.0,122.0,124.0,100.61,81.99,US Embassy station (reference-grade),1
2021-11-05,99.0,181,Unhealthy,22.87,67.21,8.58,1010.35,0.0,394.17,3383.3,Post-monsoon,1,11,4,1,102.0,108.0,122.0,101.44,83.43,US Embassy station (reference-grade),1
2021-11-06,95.7,179,Unhealthy,23.04,65.62,8.88,1008.8,0.0,430.62,3821.8,Post-monsoon,1,11,5,1,99.0,102.0,108.0,105.41,84.27,US Embassy station (reference-grade),1
2021-11-07,96.6,180,Unhealthy,22.7,68.04,7.68,1008.8,0.0,376.46,2890.9,Post-monsoon,1,11,6,0,95.7,99.0,102.0,106.76,84.06,US Embassy station (reference-grade),1
2021-11-08,116.0,193,Unhealthy,22.96,64.75,7.27,1009.68,0.0,331.88,2411.6,Post-monsoon,1,11,0,0,96.6,95.7,99.0,105.61,84.6,US Embassy station (reference-grade),1
2021-11-09,140.0,215,Very Unhealthy,22.74,63.71,7.07,1010.42,0.0,291.46,2059.6,Post-monsoon,1,11,1,0,116.0,96.6,95.7,108.19,85.86,US Embassy station (reference-grade),1
2021-11-10,127.0,202,Very Unhealthy,23.1,64.17,6.06,1010.35,0.0,313.75,1902.1,Post-monsoon,1,11,2,0,140.0,116.0,96.6,110.9,87.0,US Embassy station (reference-grade),1
2021-11-11,123.0,198,Unhealthy,23.93,67.38,6.57,1009.94,0.0,308.75,2028.7,Post-monsoon,1,11,3,0,127.0,140.0,116.0,113.9,88.06,US Embassy station (reference-grade),1
2021-11-12,103.0,184,Unhealthy,24.72,70.0,5.72,1010.64,0.1,253.12,1448.1,Post-monsoon,1,11,4,1,123.0,127.0,140.0,114.47,88.63,US Embassy station (reference-grade),1
2021-11-13,96.7,180,Unhealthy,22.2,84.29,4.37,1011.3,16.4,202.5,885.1,Post-monsoon,1,11,5,1,103.0,123.0,127.0,114.61,89.15,US Embassy station (reference-grade),1
2021-11-14,98.3,181,Unhealthy,23.0,81.08,4.97,1010.71,0.5,240.62,1195.1,Post-monsoon,1,11,6,0,96.7,103.0,123.0,114.86,89.72,US Embassy station (reference-grade),1
2021-11-15,124.0,199,Unhealthy,22.93,84.29,4.6,1009.14,3.6,260.42,1196.8,Post-monsoon,1,11,0,0,98.3,96.7,103.0,116.0,91.94,US Embassy station (reference-grade),1
2021-11-16,114.0,192,Unhealthy,23.42,74.58,6.42,1009.91,0.0,371.46,2386.6,Post-monsoon,1,11,1,0,124.0,98.3,96.7,112.29,94.14,US Embassy station (reference-grade),1
2021-11-17,119.0,196,Unhealthy,22.32,68.12,6.92,1011.57,0.0,301.25,2086.2,Post-monsoon,1,11,2,0,114.0,124.0,98.3,111.14,96.97,US Embassy station (reference-grade),1
2021-11-18,115.0,193,Unhealthy,21.89,71.38,6.44,1010.14,0.0,269.17,1732.8,Post-monsoon,1,11,3,0,119.0,114.0,124.0,110.0,99.84,US Embassy station (reference-grade),1
2021-11-19,144.0,219,Very Unhealthy,21.88,73.12,6.92,1008.47,0.0,299.58,2074.6,Post-monsoon,1,11,4,1,115.0,119.0,114.0,115.86,103.11,US Embassy station (reference-grade),1
2021-11-20,151.0,226,Very Unhealthy,22.78,71.17,6.3,1008.64,0.0,333.33,2101.4,Post-monsoon,1,11,5,1,144.0,115.0,119.0,123.61,106.43,US Embassy station (reference-grade),1
2021-11-21,169.0,244,Very Unhealthy,23.28,69.38,6.61,1009.7,0.0,309.38,2044.5,Post-monsoon,1,11,6,0,151.0,144.0,115.0,133.71,109.67,US Embassy station (reference-grade),1
2021-11-22,198.0,273,Very Unhealthy,23.93,70.62,5.51,1009.81,0.0,326.46,1799.6,Post-monsoon,1,11,0,0,169.0,151.0,144.0,144.29,112.8,US Embassy station (reference-grade),1
2021-11-23,235.0,320,Hazardous,24.11,76.38,5.09,1009.92,0.9,316.88,1613.4,Post-monsoon,1,11,1,0,198.0,169.0,151.0,161.57,117.98,US Embassy station (reference-grade),1
2021-11-24,133.0,208,Very Unhealthy,23.98,70.33,7.05,1011.32,0.0,413.33,2912.3,Post-monsoon,1,11,2,0,235.0,198.0,169.0,163.57,119.68,US Embassy station (reference-grade),1
2021-11-25,146.0,221,Very Unhealthy,22.58,68.04,6.51,1011.72,0.0,367.29,2392.0,Post-monsoon,1,11,3,0,133.0,235.0,198.0,168.0,121.11,US Embassy station (reference-grade),1
2021-11-26,155.0,230,Very Unhealthy,22.1,67.38,7.01,1012.28,0.0,453.54,3178.6,Post-monsoon,1,11,4,1,146.0,133.0,235.0,169.57,122.98,US Embassy station (reference-grade),1
2021-11-27,157.0,232,Very Unhealthy,20.69,70.46,6.62,1012.89,0.0,352.5,2333.8,Post-monsoon,1,11,5,1,155.0,146.0,133.0,170.43,125.32,US Embassy station (reference-grade),1
2021-11-29,119.0,196,Unhealthy,20.69,67.79,7.58,1013.14,0.0,342.5,2597.3,Post-monsoon,1,11,0,0,157.0,155.0,146.0,163.29,126.18,US Embassy station (reference-grade),1
2021-11-30,105.0,186,Unhealthy,21.67,68.83,7.17,1012.71,0.0,313.75,2248.5,Post-monsoon,1,11,1,0,119.0,157.0,155.0,150.0,127.42,US Embassy station (reference-grade),1
2021-12-01,106.0,186,Unhealthy,22.06,72.46,7.46,1012.38,0.0,337.71,2520.1,Winter,1,12,2,0,105.0,119.0,157.0,131.57,128.04,US Embassy station (reference-grade),1
2021-12-02,132.0,207,Very Unhealthy,22.64,68.46,6.09,1012.31,0.0,368.54,2243.5,Winter,1,12,3,0,106.0,105.0,119.0,131.43,128.31,US Embassy station (reference-grade),1
2021-12-03,119.0,196,Unhealthy,22.61,67.67,6.59,1013.5,0.0,304.79,2009.1,Winter,1,12,4,1,132.0,106.0,105.0,127.57,128.21,US Embassy station (reference-grade),1
2021-12-04,73.3,163,Unhealthy,22.19,72.5,5.59,1013.48,2.9,133.75,747.9,Winter,1,12,5,1,119.0,132.0,106.0,115.9,127.05,US Embassy station (reference-grade),1
2021-12-05,87.0,173,Unhealthy,21.3,76.71,7.1,1013.69,38.3,207.92,1475.3,Winter,1,12,6,0,73.3,119.0,132.0,105.9,126.55,US Embassy station (reference-grade),1
2021-12-06,39.1,110,Unhealthy for Sensitive Groups,19.65,92.58,14.39,1011.58,145.4,327.92,4717.9,Winter,1,12,0,0,87.0,73.3,119.0,94.49,124.56,US Embassy station (reference-grade),1
2021-12-07,31.5,93,Moderate,21.89,89.46,9.03,1011.64,1.2,235.0,2122.8,Winter,1,12,1,0,39.1,87.0,73.3,83.99,122.42,US Embassy station (reference-grade),1
2021-12-08,53.9,146,Unhealthy for Sensitive Groups,21.62,84.92,7.35,1014.23,0.0,265.0,1946.6,Winter,1,12,2,0,31.5,39.1,87.0,76.54,120.99,US Embassy station (reference-grade),1
2021-12-09,97.9,181,Unhealthy,22.13,82.46,6.67,1015.64,0.3,302.5,2017.9,Winter,1,12,3,0,53.9,31.5,39.1,71.67,120.39,US Embassy station (reference-grade),1
2021-12-10,122.0,198,Unhealthy,23.0,72.67,6.29,1015.46,0.4,256.04,1610.9,Winter,1,12,4,1,97.9,53.9,31.5,72.1,119.79,US Embassy station (reference-grade),1
2021-12-11,201.0,276,Very Unhealthy,20.8,73.83,7.43,1015.84,0.0,270.42,2009.0,Winter,1,12,5,1,122.0,97.9,53.9,90.34,122.26,US Embassy station (reference-grade),1
2021-12-12,174.0,249,Very Unhealthy,19.95,72.54,9.13,1016.5,0.0,348.75,3183.8,Winter,1,12,6,0,201.0,122.0,97.9,102.77,123.96,US Embassy station (reference-grade),1
2021-12-13,167.0,242,Very Unhealthy,18.05,76.79,7.88,1014.96,0.0,291.67,2296.9,Winter,1,12,0,0,174.0,201.0,122.0,121.04,126.09,US Embassy station (reference-grade),1
2021-12-14,163.0,238,Very Unhealthy,18.31,81.0,7.22,1013.78,0.0,276.67,1996.6,Winter,1,12,1,0,167.0,174.0,201.0,139.83,128.3,US Embassy station (reference-grade),1
2021-12-15,169.0,244,Very Unhealthy,18.55,79.17,7.02,1013.46,0.0,282.08,1979.3,Winter,1,12,2,0,163.0,167.0,174.0,156.27,130.66,US Embassy station (reference-grade),1
2021-12-16,133.0,208,Very Unhealthy,18.64,77.5,7.79,1014.08,0.0,276.04,2149.7,Winter,1,12,3,0,169.0,163.0,167.0,161.29,130.96,US Embassy station (reference-grade),1
2021-12-17,123.0,198,Unhealthy,18.41,76.21,7.64,1013.74,0.0,270.42,2066.4,Winter,1,12,4,1,133.0,169.0,163.0,161.43,131.26,US Embassy station (reference-grade),1
2021-12-18,125.0,200,Unhealthy,17.97,78.75,7.94,1013.42,0.0,270.42,2147.6,Winter,1,12,5,1,123.0,133.0,169.0,150.57,131.46,US Embassy station (reference-grade),1
2021-12-19,151.0,226,Very Unhealthy,18.13,71.08,10.8,1014.45,0.0,342.92,3702.1,Winter,1,12,6,0,125.0,123.0,133.0,147.29,132.66,US Embassy station (reference-grade),1
2021-12-20,194.0,269,Very Unhealthy,16.61,69.33,9.68,1014.6,0.0,324.79,3143.7,Winter,1,12,0,0,151.0,125.0,123.0,151.14,134.32,US Embassy station (reference-grade),1
2021-12-21,209.0,284,Very Unhealthy,17.21,77.62,6.79,1013.12,0.0,238.33,1617.7,Winter,1,12,1,0,194.0,151.0,125.0,157.71,136.26,US Embassy station (reference-grade),1
2021-12-22,210.0,285,Very Unhealthy,17.97,78.04,6.1,1011.79,0.0,287.5,1753.8,Winter,1,12,2,0,209.0,194.0,151.0,163.57,137.62,US Embassy station (reference-grade),1
2021-12-23,225.0,300,Very Unhealthy,18.45,74.29,4.73,1012.46,0.0,258.33,1221.7,Winter,1,12,3,0,210.0,209.0,194.0,176.71,138.52,US Embassy station (reference-grade),1
2021-12-24,231.0,312,Hazardous,19.32,73.0,4.24,1012.9,0.0,310.42,1316.7,Winter,1,12,4,1,225.0,210.0,209.0,192.14,138.39,US Embassy station (reference-grade),1
2021-12-25,213.0,288,Very Unhealthy,18.68,76.79,5.12,1013.53,0.0,295.83,1513.7,Winter,1,12,5,1,231.0,225.0,210.0,204.71,141.06,US Embassy station (reference-grade),1
2021-12-26,210.0,285,Very Unhealthy,18.82,74.25,5.82,1015.61,0.0,304.58,1771.7,Winter,1,12,6,0,213.0,231.0,225.0,213.14,143.19,US Embassy station (reference-grade),1
2021-12-27,196.0,271,Very Unhealthy,18.99,70.75,5.59,1016.64,0.0,265.83,1485.3,Winter,1,12,0,0,210.0,213.0,231.0,213.43,144.56,US Embassy station (reference-grade),1
2021-12-29,113.0,191,Unhealthy,18.32,75.58,6.91,1015.86,0.0,233.54,1614.4,Winter,1,12,2,0,196.0,210.0,213.0,199.71,143.09,US Embassy station (reference-grade),1
2021-12-30,171.0,246,Very Unhealthy,18.69,79.12,7.42,1017.68,0.8,219.58,1628.6,Winter,1,12,3,0,113.0,196.0,210.0,194.14,144.82,US Embassy station (reference-grade),1
2021-12-31,100.0,182,Unhealthy,18.57,75.83,9.09,1018.06,0.0,335.62,3050.0,Winter,1,12,4,1,171.0,113.0,196.0,176.29,144.66,US Embassy station (reference-grade),1
2022-01-01,116.0,193,Unhealthy,18.23,76.83,10.22,1017.45,0.0,348.96,3566.6,Winter,1,1,5,1,100.0,171.0,113.0,159.86,144.99,US Embassy station (reference-grade),1
2022-01-02,180.0,255,Very Unhealthy,18.08,78.88,8.27,1015.8,0.0,321.25,2657.0,Winter,1,1,6,0,116.0,100.0,171.0,155.14,146.59,US Embassy station (reference-grade),1
2022-01-03,172.0,247,Very Unhealthy,17.64,79.62,7.87,1014.52,0.0,296.88,2336.7,Winter,1,1,0,0,180.0,116.0,100.0,149.71,148.36,US Embassy station (reference-grade),1
2022-01-04,191.0,266,Very Unhealthy,17.2,80.58,7.48,1015.39,0.0,270.0,2018.3,Winter,1,1,1,0,172.0,180.0,116.0,149.0,152.28,US Embassy station (reference-grade),1
2022-01-05,210.0,285,Very Unhealthy,17.2,83.29,6.84,1014.59,0.0,256.25,1752.1,Winter,1,1,2,0,191.0,172.0,180.0,162.86,156.38,US Embassy station (reference-grade),1
2022-01-06,154.0,229,Very Unhealthy,17.5,83.75,7.09,1014.25,0.0,268.12,1901.5,Winter,1,1,3,0,210.0,191.0,172.0,160.43,160.21,US Embassy station (reference-grade),1
2022-01-07,169.0,244,Very Unhealthy,18.65,79.17,6.95,1014.84,0.0,260.42,1808.8,Winter,1,1,4,1,154.0,210.0,191.0,170.29,164.79,US Embassy station (reference-grade),1
2022-01-08,155.0,230,Very Unhealthy,19.18,77.75,7.53,1014.55,0.0,237.08,1785.0,Winter,1,1,5,1,169.0,154.0,210.0,175.86,168.16,US Embassy station (reference-grade),1
2022-01-09,145.0,220,Very Unhealthy,19.27,79.71,6.34,1012.75,0.0,254.38,1613.2,Winter,1,1,6,0,155.0,169.0,154.0,170.86,169.73,US Embassy station (reference-grade),1
2022-01-10,137.0,212,Very Unhealthy,19.81,77.29,7.38,1013.5,0.0,305.0,2251.9,Winter,1,1,0,0,145.0,155.0,169.0,165.86,170.23,US Embassy station (reference-grade),1
2022-01-11,138.0,213,Very Unhealthy,20.74,75.46,8.13,1013.57,1.9,315.42,2565.4,Winter,1,1,1,0,137.0,145.0,155.0,158.29,168.13,US Embassy station (reference-grade),1
2022-01-12,143.0,218,Very Unhealthy,20.35,82.29,7.8,1013.45,3.5,311.25,2429.0,Winter,1,1,2,0,138.0,137.0,145.0,148.71,167.1,US Embassy station (reference-grade),1
2022-01-13,109.0,189,Unhealthy,19.68,80.62,5.73,1014.1,1.1,340.0,1949.3,Winter,1,1,3,0,143.0,138.0,137.0,142.29,165.17,US Embassy station (reference-grade),1
2022-01-14,99.8,182,Unhealthy,18.31,74.04,8.25,1014.78,0.0,308.12,2543.3,Winter,1,1,4,1,109.0,143.0,138.0,132.4,163.06,US Embassy station (reference-grade),1
2022-01-15,150.0,225,Very Unhealthy,18.0,75.04,7.25,1014.28,0.0,242.71,1759.6,Winter,1,1,5,1,99.8,109.0,143.0,131.69,162.43,US Embassy station (reference-grade),1
2022-01-16,121.0,197,Unhealthy,17.12,74.5,9.91,1015.72,0.0,377.08,3736.3,Winter,1,1,6,0,150.0,99.8,109.0,128.26,162.03,US Embassy station (reference-grade),1
2022-01-17,143.0,218,Very Unhealthy,17.08,78.38,7.96,1016.26,0.0,310.21,2470.0,Winter,1,1,0,0,121.0,150.0,99.8,129.11,162.69,US Embassy station (reference-grade),1
2022-01-18,186.0,261,Very Unhealthy,17.56,81.88,7.02,1013.76,0.0,273.12,1916.4,Winter,1,1,1,0,143.0,121.0,150.0,135.97,164.73,US Embassy station (reference-grade),1
2022-01-19,197.0,272,Very Unhealthy,17.8,79.42,7.68,1011.63,0.1,315.83,2425.3,Winter,1,1,2,0,186.0,143.0,121.0,143.69,166.26,US Embassy station (reference-grade),1
2022-01-20,188.0,263,Very Unhealthy,17.12,78.96,7.67,1010.05,0.0,376.46,2887.7,Winter,1,1,3,0,197.0,186.0,143.0,154.97,166.06,US Embassy station (reference-grade),1
2022-01-21,231.0,312,Hazardous,17.68,73.21,5.07,1010.45,0.0,367.08,1859.9,Winter,1,1,4,1,188.0,197.0,186.0,173.71,166.79,US Embassy station (reference-grade),1
2022-01-22,239.0,328,Hazardous,18.17,77.17,4.52,1009.65,0.2,227.29,1026.6,Winter,1,1,5,1,231.0,188.0,197.0,186.43,167.76,US Embassy station (reference-grade),1
2022-01-23,240.0,330,Hazardous,18.28,81.25,5.04,1010.1,0.1,217.92,1097.8,Winter,1,1,6,0,239.0,231.0,188.0,203.43,168.26,US Embassy station (reference-grade),1
2022-01-24,122.0,198,Unhealthy,18.43,80.62,6.52,1010.02,4.3,230.0,1500.7,Winter,1,1,0,0,240.0,239.0,231.0,200.43,164.63,US Embassy station (reference-grade),1
2022-01-25,265.0,380,Hazardous,18.7,82.83,3.58,1010.42,0.0,294.58,1053.1,Winter,1,1,1,0,122.0,240.0,239.0,211.71,166.36,US Embassy station (reference-grade),1
2022-01-26,177.0,252,Very Unhealthy,18.76,83.29,5.45,1011.09,1.1,330.83,1804.4,Winter,1,1,2,0,265.0,122.0,240.0,208.86,165.26,US Embassy station (reference-grade),1
2022-01-28,124.0,199,Unhealthy,15.39,62.5,8.52,1014.37,0.0,507.71,4324.0,Winter,1,1,4,1,177.0,265.0,122.0,199.71,162.86,US Embassy station (reference-grade),1
2022-01-29,178.0,253,Very Unhealthy,14.53,69.0,8.79,1013.79,0.0,443.12,3895.8,Winter,1,1,5,1,124.0,177.0,265.0,192.14,165.03,US Embassy station (reference-grade),1
2022-01-30,188.0,263,Very Unhealthy,15.58,72.42,7.05,1011.36,0.0,481.46,3396.3,Winter,1,1,6,0,178.0,124.0,177.0,184.86,165.59,US Embassy station (reference-grade),1
2022-01-31,328.0,500,Hazardous,17.3,70.21,5.41,1011.02,0.0,397.71,2150.9,Winter,1,1,0,0,188.0,178.0,124.0,197.43,173.19,US Embassy station (reference-grade),1
2022-02-01,179.0,254,Very Unhealthy,18.35,82.25,10.95,1008.91,0.5,396.46,4341.2,Winter,1,2,1,0,328.0,188.0,178.0,205.57,175.29,US Embassy station (reference-grade),1
2022-02-02,210.0,285,Very Unhealthy,18.1,77.83,6.22,1011.32,0.0,277.71,1726.4,Winter,1,2,2,0,179.0,328.0,188.0,197.71,176.29,US Embassy station (reference-grade),1
2022-02-03,164.0,239,Very Unhealthy,19.36,83.25,7.6,1011.92,6.7,339.58,2579.4,Winter,1,2,3,0,210.0,179.0,328.0,195.86,176.03,US Embassy station (reference-grade),1
2022-02-04,115.0,193,Unhealthy,18.57,84.62,8.95,1009.86,17.7,318.75,2852.8,Winter,1,2,4,1,164.0,210.0,179.0,194.57,173.49,US Embassy station (reference-grade),1
2022-02-05,76.0,165,Unhealthy,18.08,75.46,8.28,1010.07,5.1,440.83,3651.6,Winter,1,2,5,1,115.0,164.0,210.0,180.0,169.03,US Embassy station (reference-grade),1
2022-02-06,117.0,194,Unhealthy,15.72,71.62,7.01,1014.54,0.0,464.58,3257.9,Winter,1,2,6,0,76.0,115.0,164.0,169.86,167.79,US Embassy station (reference-grade),1
2022-02-07,109.0,189,Unhealthy,16.52,72.92,6.18,1014.3,0.0,428.96,2650.6,Winter,1,2,0,0,117.0,76.0,115.0,138.57,165.79,US Embassy station (reference-grade),1
2022-02-08,187.0,262,Very Unhealthy,17.66,72.96,4.22,1013.4,0.0,431.04,1819.4,Winter,1,2,1,0,109.0,117.0,76.0,139.71,166.86,US Embassy station (reference-grade),1
2022-02-09,205.0,280,Very Unhealthy,18.49,74.5,4.67,1013.91,0.1,351.46,1640.1,Winter,1,2,2,0,187.0,109.0,117.0,139.0,168.86,US Embassy station (reference-grade),1
2022-02-10,210.0,285,Very Unhealthy,16.97,83.83,6.25,1012.86,0.8,111.25,694.8,Winter,1,2,3,0,205.0,187.0,109.0,145.57,171.29,US Embassy station (reference-grade),1
2022-02-11,163.0,238,Very Unhealthy,17.75,82.0,7.43,1012.37,0.2,343.96,2556.8,Winter,1,2,4,1,210.0,205.0,187.0,152.43,172.13,US Embassy station (reference-grade),1
2022-02-12,129.0,204,Very Unhealthy,17.21,66.88,8.9,1012.9,0.0,561.67,4998.8,Winter,1,2,5,1,163.0,210.0,205.0,160.0,171.66,US Embassy station (reference-grade),1
2022-02-13,144.0,219,Very Unhealthy,17.48,68.42,9.75,1011.1,0.0,360.42,3515.6,Winter,1,2,6,0,129.0,163.0,210.0,163.86,172.83,US Embassy station (reference-grade),1
2022-02-14,139.0,214,Very Unhealthy,17.93,71.62,8.05,1010.8,0.0,363.54,2926.5,Winter,1,2,0,0,144.0,129.0,163.0,168.14,174.13,US Embassy station (reference-grade),1
2022-02-15,154.0,229,Very Unhealthy,17.92,72.96,7.1,1010.08,0.0,369.38,2624.1,Winter,1,2,1,0,139.0,144.0,129.0,163.43,174.27,US Embassy station (reference-grade),1
2022-02-16,146.0,221,Very Unhealthy,18.39,65.42,6.85,1008.47,0.0,423.12,2898.4,Winter,1,2,2,0,154.0,139.0,144.0,155.0,175.1,US Embassy station (reference-grade),1
2022-02-17,177.0,252,Very Unhealthy,18.28,67.96,7.5,1008.63,0.0,405.21,3037.4,Winter,1,2,3,0,146.0,154.0,139.0,150.29,176.23,US Embassy station (reference-grade),1
2022-02-18,142.0,217,Very Unhealthy,18.87,63.5,9.72,1010.15,0.0,475.83,4627.5,Winter,1,2,4,1,177.0,146.0,154.0,147.29,174.77,US Embassy station (reference-grade),1
2022-02-19,135.0,210,Very Unhealthy,18.6,61.04,8.72,1010.48,0.0,500.21,4360.1,Winter,1,2,5,1,142.0,177.0,146.0,148.14,172.7,US Embassy station (reference-grade),1
2022-02-20,142.0,217,Very Unhealthy,18.78,74.75,7.99,1007.85,4.3,558.33,4462.0,Winter,1,2,6,0,135.0,142.0,177.0,147.86,171.17,US Embassy station (reference-grade),1
2022-02-21,118.0,195,Unhealthy,19.63,68.75,10.23,1008.08,0.1,561.25,5743.5,Winter,1,2,0,0,142.0,135.0,142.0,144.86,167.4,US Embassy station (reference-grade),1
2022-02-22,107.0,187,Unhealthy,19.97,66.96,7.55,1012.76,0.0,424.58,3203.8,Winter,1,2,1,0,118.0,142.0,135.0,138.14,163.0,US Embassy station (reference-grade),1
2022-02-23,143.0,218,Very Unhealthy,21.97,65.25,5.07,1014.65,0.0,441.46,2238.6,Winter,1,2,2,0,107.0,118.0,142.0,137.71,159.77,US Embassy station (reference-grade),1
2022-02-24,191.0,266,Very Unhealthy,22.28,72.92,6.09,1014.64,0.4,390.21,2377.0,Winter,1,2,3,0,143.0,107.0,118.0,139.71,162.07,US Embassy station (reference-grade),1
2022-02-25,83.7,171,Unhealthy,21.62,81.04,8.75,1014.31,0.2,329.58,2885.2,Winter,1,2,4,1,191.0,143.0,107.0,131.39,156.02,US Embassy station (reference-grade),1
2022-02-27,140.0,215,Very Unhealthy,21.72,75.25,7.24,1013.94,0.9,513.33,3715.2,Winter,1,2,6,0,83.7,191.0,143.0,132.1,154.79,US Embassy station (reference-grade),1
2022-02-28,143.0,218,Very Unhealthy,22.78,78.96,5.81,1012.87,0.1,406.04,2358.4,Winter,1,2,0,0,140.0,83.7,191.0,132.24,155.42,US Embassy station (reference-grade),1
2022-03-01,146.0,221,Very Unhealthy,23.18,65.67,7.65,1013.73,0.0,545.0,4167.0,Pre-monsoon,1,3,1,0,143.0,140.0,83.7,136.24,154.36,US Embassy station (reference-grade),1
2022-03-02,128.0,203,Very Unhealthy,22.69,62.62,9.39,1013.04,0.0,653.96,6141.8,Pre-monsoon,1,3,2,0,146.0,143.0,140.0,139.24,152.36,US Embassy station (reference-grade),1
2022-03-03,148.0,223,Very Unhealthy,22.04,69.17,8.11,1012.65,0.0,422.92,3430.9,Pre-monsoon,1,3,3,0,128.0,146.0,143.0,139.96,146.36,US Embassy station (reference-grade),1
2022-03-04,162.0,237,Very Unhealthy,22.75,62.46,6.95,1011.84,0.0,556.67,3868.8,Pre-monsoon,1,3,4,1,148.0,128.0,146.0,135.81,145.79,US Embassy station (reference-grade),1
2022-03-05,160.0,235,Very Unhealthy,23.82,61.38,6.02,1010.36,0.0,607.92,3660.2,Pre-monsoon,1,3,5,1,162.0,148.0,128.0,146.71,144.12,US Embassy station (reference-grade),1
2022-03-06,145.0,220,Very Unhealthy,22.86,58.29,8.8,1010.72,0.0,558.54,4917.5,Pre-monsoon,1,3,6,0,160.0,162.0,148.0,147.43,143.49,US Embassy station (reference-grade),1
2022-03-07,137.0,212,Very Unhealthy,24.03,59.83,8.69,1009.94,0.0,475.42,4132.2,Pre-monsoon,1,3,0,0,145.0,160.0,162.0,146.57,144.22,US Embassy station (reference-grade),1
2022-03-08,158.0,233,Very Unhealthy,24.53,60.5,8.38,1008.6,0.0,537.92,4505.1,Pre-monsoon,1,3,1,0,137.0,145.0,160.0,148.29,146.96,US Embassy station (reference-grade),1
2022-03-09,142.0,217,Very Unhealthy,24.55,61.0,7.18,1008.98,0.0,543.33,3900.7,Pre-monsoon,1,3,2,0,158.0,137.0,145.0,150.29,147.79,US Embassy station (reference-grade),1
2022-03-10,141.0,216,Very Unhealthy,24.26,57.83,8.84,1008.56,0.0,483.54,4275.3,Pre-monsoon,1,3,3,0,142.0,158.0,137.0,149.29,148.86,US Embassy station (reference-grade),1
2022-03-11,146.0,221,Very Unhealthy,23.52,61.25,9.13,1008.03,0.0,538.75,4920.6,Pre-monsoon,1,3,4,1,141.0,142.0,158.0,147.0,147.49,US Embassy station (reference-grade),1
2022-03-12,141.0,216,Very Unhealthy,24.06,60.25,9.4,1007.41,0.0,536.04,5041.0,Pre-monsoon,1,3,5,1,146.0,141.0,142.0,144.29,145.36,US Embassy station (reference-grade),1
2022-03-13,136.0,211,Very Unhealthy,23.99,62.92,9.35,1007.64,0.0,539.38,5045.4,Pre-monsoon,1,3,6,0,141.0,146.0,141.0,143.0,142.89,US Embassy station (reference-grade),1
2022-03-14,156.0,231,Very Unhealthy,24.62,65.04,10.11,1007.13,0.0,558.33,5643.8,Pre-monsoon,1,3,0,0,136.0,141.0,146.0,145.71,142.66,US Embassy station (reference-grade),1
2022-03-15,172.0,247,Very Unhealthy,25.48,64.33,8.26,1005.33,0.0,601.04,4966.1,Pre-monsoon,1,3,1,0,156.0,136.0,141.0,147.71,144.09,US Embassy station (reference-grade),1
2022-03-16,247.0,344,Hazardous,26.94,57.88,6.5,1004.51,0.0,581.67,3780.8,Pre-monsoon,1,3,2,0,172.0,156.0,136.0,162.71,147.52,US Embassy station (reference-grade),1
2022-03-17,164.0,239,Very Unhealthy,27.12,57.58,6.13,1005.76,0.0,633.12,3880.5,Pre-monsoon,1,3,3,0,247.0,172.0,156.0,166.0,148.36,US Embassy station (reference-grade),1
2022-03-18,151.0,226,Very Unhealthy,27.05,56.83,7.34,1006.2,0.0,507.92,3726.8,Pre-monsoon,1,3,4,1,164.0,247.0,172.0,166.71,148.26,US Embassy station (reference-grade),1
2022-03-19,145.0,220,Very Unhealthy,27.38,55.58,6.67,1004.52,0.0,489.58,3263.9,Pre-monsoon,1,3,5,1,151.0,164.0,247.0,167.29,148.22,US Embassy station (reference-grade),1
2022-03-20,100.0,182,Unhealthy,26.76,57.54,8.21,1003.79,0.0,482.71,3964.2,Pre-monsoon,1,3,6,0,145.0,151.0,164.0,162.14,145.66,US Embassy station (reference-grade),1
2022-03-21,150.0,225,Very Unhealthy,27.16,67.33,7.02,1004.98,0.0,441.04,3096.5,Pre-monsoon,1,3,0,0,100.0,145.0,151.0,161.29,145.92,US Embassy station (reference-grade),1
2022-03-22,106.0,186,Unhealthy,27.88,70.5,6.22,1004.98,0.0,482.92,3004.1,Pre-monsoon,1,3,1,0,150.0,100.0,145.0,151.86,144.96,US Embassy station (reference-grade),1
2022-03-24,78.3,167,Unhealthy,29.17,65.42,15.06,1004.37,0.0,777.29,11708.0,Pre-monsoon,1,3,3,0,106.0,150.0,100.0,127.76,142.83,US Embassy station (reference-grade),1
2022-03-25,64.9,158,Unhealthy,27.24,74.96,18.44,1005.06,3.3,945.83,17442.7,Pre-monsoon,1,3,4,1,78.3,106.0,150.0,113.6,141.06,US Embassy station (reference-grade),1
2022-03-26,64.7,157,Unhealthy,27.32,79.42,16.71,1006.33,1.8,793.12,13251.8,Pre-monsoon,1,3,5,1,64.9,78.3,106.0,101.27,139.65,US Embassy station (reference-grade),1
2022-03-27,94.0,178,Unhealthy,27.21,81.38,10.18,1008.3,3.5,574.17,5844.5,Pre-monsoon,1,3,6,0,64.7,64.9,78.3,93.99,138.02,US Embassy station (reference-grade),1
2022-03-29,86.2,173,Unhealthy,27.45,77.29,11.98,1005.56,0.5,697.29,8355.9,Pre-monsoon,1,3,1,0,94.0,64.7,64.9,92.01,134.53,US Embassy station (reference-grade),1
2022-03-30,93.5,178,Unhealthy,27.54,77.25,11.7,1006.39,0.6,699.58,8185.1,Pre-monsoon,1,3,2,0,86.2,94.0,64.7,83.94,134.85,US Embassy station (reference-grade),1
2022-03-31,66.8,159,Unhealthy,28.08,76.29,12.53,1006.74,2.2,804.17,10075.5,Pre-monsoon,1,3,3,0,93.5,86.2,94.0,78.34,132.41,US Embassy station (reference-grade),1
2022-04-01,61.0,155,Unhealthy,28.82,74.5,16.68,1006.45,2.0,877.5,14636.0,Pre-monsoon,1,4,4,1,66.8,93.5,86.2,75.87,129.68,US Embassy station (reference-grade),1
2022-04-02,80.1,168,Unhealthy,28.3,76.96,12.06,1008.72,0.4,618.96,7463.6,Pre-monsoon,1,4,5,1,61.0,66.8,93.5,78.04,127.48,US Embassy station (reference-grade),1
2022-04-03,62.4,156,Unhealthy,28.24,78.08,12.43,1007.68,2.2,643.75,8001.3,Pre-monsoon,1,4,6,0,80.1,61.0,66.8,77.71,125.3,US Embassy station (reference-grade),1
2022-04-04,47.5,131,Unhealthy for Sensitive Groups,29.37,70.04,21.05,1007.87,3.4,943.33,19857.2,Pre-monsoon,1,4,0,0,62.4,80.1,61.0,71.07,121.95,US Embassy station (reference-grade),1
2022-04-05,56.4,152,Unhealthy,28.87,68.96,15.61,1010.48,0.0,996.25,15549.8,Pre-monsoon,1,4,1,0,47.5,62.4,80.1,66.81,118.43,US Embassy station (reference-grade),1
2022-04-06,58.4,153,Unhealthy,28.88,72.29,12.8,1010.2,0.6,771.88,9880.0,Pre-monsoon,1,4,2,0,56.4,47.5,62.4,61.8,115.04,US Embassy station (reference-grade),1
2022-04-07,67.5,159,Unhealthy,28.83,73.21,6.82,1009.52,0.0,586.88,4005.4,Pre-monsoon,1,4,3,0,58.4,56.4,47.5,61.9,112.46,US Embassy station (reference-grade),1
2022-04-08,60.2,154,Unhealthy,29.33,70.83,11.16,1007.45,0.2,717.5,8006.1,Pre-monsoon,1,4,4,1,67.5,58.4,56.4,61.79,109.9,US Embassy station (reference-grade),1
2022-04-09,46.5,128,Unhealthy for Sensitive Groups,29.04,71.92,14.65,1006.24,6.4,793.54,11628.7,Pre-monsoon,1,4,5,1,60.2,67.5,58.4,56.99,106.18,US Embassy station (reference-grade),1
2022-04-10,54.5,148,Unhealthy for Sensitive Groups,28.57,76.33,14.88,1005.04,6.6,971.67,14457.6,Pre-monsoon,1,4,6,0,46.5,60.2,67.5,55.86,103.26,US Embassy station (reference-grade),1
2022-04-11,61.4,155,Unhealthy,27.86,78.12,13.12,1004.31,6.5,640.0,8397.3,Pre-monsoon,1,4,0,0,54.5,46.5,60.2,57.84,100.61,US Embassy station (reference-grade),1
2022-04-12,57.8,153,Unhealthy,28.69,78.92,11.61,1004.7,1.0,699.38,8118.6,Pre-monsoon,1,4,1,0,61.4,54.5,46.5,58.04,97.67,US Embassy station (reference-grade),1
2022-04-13,52.0,142,Unhealthy for Sensitive Groups,28.61,76.92,15.78,1003.5,0.3,729.17,11505.6,Pre-monsoon,1,4,2,0,57.8,61.4,54.5,57.13,94.7,US Embassy station (reference-grade),1
2022-04-14,55.9,151,Unhealthy,29.24,76.17,18.17,1001.8,0.2,830.21,15082.1,Pre-monsoon,1,4,3,0,52.0,57.8,61.4,55.47,92.03,US Embassy station (reference-grade),1
2022-04-15,49.0,134,Unhealthy for Sensitive Groups,29.4,79.58,17.17,1001.49,0.0,793.96,13629.6,Pre-monsoon,1,4,4,1,55.9,52.0,57.8,53.87,88.47,US Embassy station (reference-grade),1
2022-04-16,55.4,150,Unhealthy for Sensitive Groups,28.99,78.88,18.25,1001.98,5.3,812.29,14824.3,Pre-monsoon,1,4,5,1,49.0,55.9,52.0,55.14,84.58,US Embassy station (reference-grade),1
2022-04-17,57.2,152,Unhealthy,28.98,76.42,15.35,1003.23,14.7,815.83,12519.6,Pre-monsoon,1,4,6,0,55.4,49.0,55.9,55.53,78.25,US Embassy station (reference-grade),1
2022-04-18,52.8,144,Unhealthy for Sensitive Groups,27.13,83.38,14.35,1005.52,9.5,715.83,10272.2,Pre-monsoon,1,4,0,0,57.2,55.4,49.0,54.3,74.55,US Embassy station (reference-grade),1
2022-04-19,59.3,154,Unhealthy,27.91,80.17,10.26,1006.78,2.7,687.71,7057.6,Pre-monsoon,1,4,1,0,52.8,57.2,55.4,54.51,71.49,US Embassy station (reference-grade),1
2022-04-20,47.2,130,Unhealthy for Sensitive Groups,24.98,88.29,11.5,1006.96,25.0,367.08,4219.9,Pre-monsoon,1,4,2,0,59.3,52.8,57.2,53.83,68.23,US Embassy station (reference-grade),1
2022-04-21,80.6,169,Unhealthy,25.74,83.46,8.54,1006.51,4.0,481.46,4110.5,Pre-monsoon,1,4,3,0,47.2,59.3,52.8,57.36,67.58,US Embassy station (reference-grade),1
2022-04-22,65.2,158,Unhealthy,25.22,90.38,7.18,1006.69,15.1,401.04,2879.1,Pre-monsoon,1,4,4,1,80.6,47.2,59.3,59.67,64.76,US Embassy station (reference-grade),1
2022-04-23,91.4,176,Unhealthy,28.34,82.33,10.94,1005.44,1.9,532.92,5828.8,Pre-monsoon,1,4,5,1,65.2,80.6,47.2,64.81,64.27,US Embassy station (reference-grade),1
2022-04-24,61.6,155,Unhealthy,29.72,80.29,15.61,1003.17,0.0,642.5,10028.4,Pre-monsoon,1,4,6,0,91.4,65.2,80.6,65.44,63.71,US Embassy station (reference-grade),1
2022-04-25,69.0,160,Unhealthy,29.62,80.5,12.68,1003.16,0.0,698.12,8848.7,Pre-monsoon,1,4,0,0,61.6,91.4,65.2,67.76,63.85,US Embassy station (reference-grade),1
2022-04-26,70.8,162,Unhealthy,29.96,78.17,12.93,1003.98,0.0,729.17,9430.6,Pre-monsoon,1,4,1,0,69.0,61.6,91.4,69.4,64.05,US Embassy station (reference-grade),1
2022-04-28,87.8,174,Unhealthy,29.93,76.25,8.2,1004.86,0.3,600.83,4929.3,Pre-monsoon,1,4,3,0,70.8,69.0,61.6,75.2,63.85,US Embassy station (reference-grade),1
2022-04-29,73.2,163,Unhealthy,29.8,77.75,11.75,1004.32,1.4,668.12,7853.3,Pre-monsoon,1,4,4,1,87.8,70.8,69.0,74.14,63.41,US Embassy station (reference-grade),1
2022-04-30,60.7,155,Unhealthy,27.98,78.17,12.27,1004.13,3.6,688.33,8446.4,Pre-monsoon,1,4,5,1,73.2,87.8,70.8,73.5,62.32,US Embassy station (reference-grade),1
2022-05-01,69.9,161,Unhealthy,27.45,78.29,9.57,1003.24,11.5,526.25,5036.7,Pre-monsoon,0,5,6,0,60.7,73.2,87.8,70.43,62.42,US Embassy station (reference-grade),1
2022-05-02,53.0,144,Unhealthy for Sensitive Groups,27.15,80.62,8.43,1003.98,5.5,648.54,5469.4,Pre-monsoon,0,5,0,0,69.9,60.7,73.2,69.2,62.16,US Embassy station (reference-grade),1
2022-05-03,60.5,155,Unhealthy,25.35,86.04,8.94,1005.4,3.1,256.67,2294.0,Pre-monsoon,0,5,1,0,53.0,69.9,60.7,67.99,61.5,US Embassy station (reference-grade),1
2022-05-04,42.6,118,Unhealthy for Sensitive Groups,25.14,83.92,6.0,1006.75,5.7,435.62,2611.9,Pre-monsoon,0,5,2,0,60.5,53.0,69.9,63.96,60.84,US Embassy station (reference-grade),1
2022-05-05,43.4,120,Unhealthy for Sensitive Groups,25.78,81.75,5.93,1005.72,0.2,386.88,2295.5,Pre-monsoon,0,5,3,0,42.6,60.5,53.0,57.61,60.71,US Embassy station (reference-grade),1
2022-05-06,53.0,144,Unhealthy for Sensitive Groups,27.16,84.21,5.4,1005.1,6.2,427.08,2306.2,Pre-monsoon,0,5,4,1,43.4,42.6,60.5,54.73,60.59,US Embassy station (reference-grade),1
2022-05-07,89.7,175,Unhealthy,28.54,76.96,4.23,1004.85,0.5,456.88,1930.3,Pre-monsoon,0,5,5,1,53.0,43.4,42.6,58.87,61.64,US Embassy station (reference-grade),1
2022-05-08,97.7,181,Unhealthy,29.06,74.92,6.62,1004.28,0.2,515.62,3416.0,Pre-monsoon,0,5,6,0,89.7,53.0,43.4,62.84,62.64,US Embassy station (reference-grade),1
2022-05-09,62.0,156,Unhealthy,26.7,87.62,9.35,1005.04,6.2,410.62,3841.1,Pre-monsoon,0,5,0,0,97.7,89.7,53.0,64.13,62.7,US Embassy station (reference-grade),1
2022-05-10,53.1,144,Unhealthy for Sensitive Groups,25.93,89.79,10.2,1005.13,12.9,319.58,3258.4,Pre-monsoon,0,5,1,0,62.0,97.7,89.7,63.07,62.92,US Embassy station (reference-grade),1
2022-05-11,57.3,152,Unhealthy,26.73,89.54,11.5,1003.93,30.1,486.46,5594.3,Pre-monsoon,0,5,2,0,53.1,62.0,97.7,65.17,63.02,US Embassy station (reference-grade),1
2022-05-12,61.6,155,Unhealthy,27.52,86.88,13.77,1002.95,3.9,613.96,8452.2,Pre-monsoon,0,5,3,0,57.3,53.1,62.0,67.77,63.02,US Embassy station (reference-grade),1
2022-05-13,78.0,167,Unhealthy,27.9,83.92,18.88,1000.22,18.3,783.54,14789.3,Pre-monsoon,0,5,4,1,61.6,57.3,53.1,71.34,63.7,US Embassy station (reference-grade),1
2022-05-16,48.1,132,Unhealthy for Sensitive Groups,30.03,76.83,17.69,1002.4,1.6,851.46,15060.2,Pre-monsoon,0,5,0,0,78.0,61.6,57.3,65.4,63.57,US Embassy station (reference-grade),1
2022-05-17,43.9,122,Unhealthy for Sensitive Groups,29.19,79.5,16.13,1001.82,2.9,906.67,14623.8,Pre-monsoon,0,5,1,0,48.1,78.0,61.6,57.71,63.17,US Embassy station (reference-grade),1
2022-05-18,36.0,102,Unhealthy for Sensitive Groups,28.85,82.96,14.8,1002.89,10.7,852.5,12613.4,Pre-monsoon,0,5,2,0,43.9,48.1,78.0,54.0,62.73,US Embassy station (reference-grade),1
2022-05-19,43.9,122,Unhealthy for Sensitive Groups,29.52,81.5,13.24,1002.94,6.7,658.12,8714.7,Pre-monsoon,0,5,3,0,36.0,43.9,48.1,52.69,62.35,US Embassy station (reference-grade),1
2022-05-20,57.5,152,Unhealthy,28.59,82.71,12.04,1001.71,12.7,543.12,6540.1,Pre-monsoon,0,5,4,1,43.9,36.0,43.9,52.71,62.36,US Embassy station (reference-grade),1
2022-05-21,58.6,153,Unhealthy,28.5,81.5,13.92,998.46,28.5,620.62,8639.6,Pre-monsoon,0,5,5,1,57.5,43.9,36.0,52.29,62.55,US Embassy station (reference-grade),1
2022-05-22,68.6,160,Unhealthy,28.0,84.46,8.12,997.5,10.6,542.71,4407.2,Pre-monsoon,0,5,6,0,58.6,57.5,43.9,50.94,62.86,US Embassy station (reference-grade),1
2022-05-23,61.8,155,Unhealthy,27.6,81.38,7.91,998.92,12.6,449.79,3557.1,Pre-monsoon,0,5,0,0,68.6,58.6,57.5,52.9,63.35,US Embassy station (reference-grade),1
2022-05-24,76.5,166,Unhealthy,29.1,77.33,4.04,1001.66,0.0,410.62,1659.6,Pre-monsoon,0,5,1,0,61.8,68.6,58.6,57.56,63.21,US Embassy station (reference-grade),1
2022-05-25,88.5,174,Unhealthy,28.45,81.12,6.58,1003.1,2.7,421.88,2773.8,Pre-monsoon,0,5,2,0,76.5,61.8,68.6,65.06,63.99,US Embassy station (reference-grade),1
2022-05-26,85.1,172,Unhealthy,27.74,83.33,8.94,1002.1,2.6,437.08,3908.3,Pre-monsoon,0,5,3,0,88.5,76.5,61.8,70.94,63.78,US Embassy station (reference-grade),1
2022-05-28,82.8,170,Unhealthy,28.12,84.33,9.86,999.39,3.3,443.54,4374.4,Pre-monsoon,0,5,5,1,85.1,88.5,76.5,74.56,64.49,US Embassy station (reference-grade),1
2022-05-29,98.8,181,Unhealthy,27.63,87.08,10.38,1000.01,8.2,326.88,3392.7,Pre-monsoon,0,5,6,0,82.8,85.1,88.5,80.3,65.48,US Embassy station (reference-grade),1
2022-05-30,87.4,173,Unhealthy,28.42,80.71,9.07,1000.11,0.2,460.21,4172.6,Pre-monsoon,0,5,0,0,98.8,82.8,85.1,82.99,66.03,US Embassy station (reference-grade),1
2022-05-31,75.9,165,Unhealthy,28.17,81.96,8.04,999.75,1.0,373.12,2999.0,Pre-monsoon,0,5,1,0,87.4,98.8,82.8,85.0,65.64,US Embassy station (reference-grade),1
2022-06-01,81.3,169,Unhealthy,27.96,84.5,10.59,1000.06,9.2,488.54,5172.4,Monsoon,0,6,2,0,75.9,87.4,98.8,85.69,65.91,US Embassy station (reference-grade),1
2022-06-02,72.6,163,Unhealthy,28.0,83.12,10.44,1000.44,2.3,402.71,4204.9,Monsoon,0,6,3,0,81.3,75.9,87.4,83.41,66.3,US Embassy station (reference-grade),1
2022-06-03,61.8,155,Unhealthy,28.04,86.12,14.97,1000.32,14.7,537.5,8046.8,Monsoon,0,6,4,1,72.6,81.3,75.9,80.09,66.03,US Embassy station (reference-grade),1
2022-06-04,52.6,143,Unhealthy for Sensitive Groups,28.4,84.88,16.88,1001.17,1.9,570.0,9623.5,Monsoon,0,6,5,1,61.8,72.6,81.3,75.77,66.02,US Embassy station (reference-grade),1
2022-06-05,63.4,157,Unhealthy,28.8,83.33,15.22,1001.57,2.4,613.54,9341.2,Monsoon,0,6,6,0,52.6,61.8,72.6,70.71,66.12,US Embassy station (reference-grade),1
2022-06-06,58.9,153,Unhealthy,29.28,82.5,13.6,1000.73,3.3,612.5,8330.0,Monsoon,0,6,0,0,63.4,52.6,61.8,66.64,66.66,US Embassy station (reference-grade),1
2022-06-07,70.2,161,Unhealthy,28.81,83.79,11.79,1000.05,3.0,557.5,6571.5,Monsoon,0,6,1,0,58.9,63.4,52.6,65.83,67.55,US Embassy station (reference-grade),1
2022-06-08,78.3,167,Unhealthy,29.9,79.5,14.02,999.35,2.1,718.33,10074.6,Monsoon,0,6,2,0,70.2,58.9,63.4,65.4,68.4,US Embassy station (reference-grade),1
2022-06-09,61.7,155,Unhealthy,28.38,85.29,16.61,999.44,5.4,535.83,8899.3,Monsoon,0,6,3,0,78.3,70.2,58.9,63.84,67.46,US Embassy station (reference-grade),1
2022-06-10,75.0,165,Unhealthy,28.92,81.0,14.48,999.77,1.7,569.38,8244.1,Monsoon,0,6,4,1,61.7,78.3,70.2,65.73,66.71,US Embassy station (reference-grade),1
2022-06-11,76.5,166,Unhealthy,28.95,78.54,17.9,1000.45,2.3,705.0,12616.6,Monsoon,0,6,5,1,75.0,61.7,78.3,69.14,67.19,US Embassy station (reference-grade),1
2022-06-12,62.5,156,Unhealthy,29.24,81.33,16.92,1001.17,10.1,762.08,12898.3,Monsoon,0,6,6,0,76.5,75.0,61.7,69.01,67.5,US Embassy station (reference-grade),1
2022-06-13,53.6,146,Unhealthy for Sensitive Groups,29.61,82.21,18.6,1001.81,7.0,770.0,14325.2,Monsoon,0,6,0,0,62.5,76.5,75.0,68.26,67.38,US Embassy station (reference-grade),1
2022-06-14,62.8,156,Unhealthy,29.06,82.42,20.17,1001.74,7.5,801.67,16166.9,Monsoon,0,6,1,0,53.6,62.5,76.5,67.2,67.42,US Embassy station (reference-grade),1
2022-06-15,48.5,133,Unhealthy for Sensitive Groups,28.24,86.21,17.6,1001.95,30.7,719.79,12668.3,Monsoon,0,6,2,0,62.8,53.6,62.5,62.94,66.44,US Embassy station (reference-grade),1
2022-06-16,60.3,154,Unhealthy,27.58,87.54,19.05,1002.72,23.5,712.71,13577.1,Monsoon,0,6,3,0,48.5,62.8,53.6,62.74,66.84,US Embassy station (reference-grade),1
2022-06-17,42.8,119,Unhealthy for Sensitive Groups,26.87,89.29,18.93,1003.04,33.1,797.5,15099.3,Monsoon,0,6,4,1,60.3,48.5,62.8,58.14,66.81,US Embassy station (reference-grade),1
2022-06-19,58.5,153,Unhealthy,26.79,89.75,13.06,1001.74,33.4,452.71,5913.5,Monsoon,0,6,6,0,42.8,60.3,48.5,55.57,67.56,US Embassy station (reference-grade),1
2022-06-20,44.7,124,Unhealthy for Sensitive Groups,26.71,88.12,11.81,1000.4,18.6,462.92,5466.3,Monsoon,0,6,0,0,58.5,42.8,60.3,53.03,67.58,US Embassy station (reference-grade),1
2022-06-21,56.7,152,Unhealthy,27.25,84.58,13.13,999.59,2.9,490.0,6433.3,Monsoon,0,6,1,0,44.7,58.5,42.8,53.47,67.56,US Embassy station (reference-grade),1
2022-06-22,52.2,142,Unhealthy for Sensitive Groups,28.17,83.0,13.2,1002.08,2.0,515.0,6795.9,Monsoon,0,6,2,0,56.7,44.7,58.5,51.96,67.34,US Embassy station (reference-grade),1
2022-06-23,55.8,151,Unhealthy,28.15,81.79,14.0,1003.48,1.4,610.42,8543.3,Monsoon,0,6,3,0,52.2,56.7,44.7,53.0,66.92,US Embassy station (reference-grade),1
2022-06-24,45.2,125,Unhealthy for Sensitive Groups,28.09,81.88,15.38,1002.25,2.4,643.33,9893.9,Monsoon,0,6,4,1,55.8,52.2,56.7,50.84,66.36,US Embassy station (reference-grade),1
2022-06-25,41.6,116,Unhealthy for Sensitive Groups,28.11,81.12,16.27,1001.45,2.4,663.12,10789.6,Monsoon,0,6,5,1,45.2,55.8,52.2,50.67,65.2,US Embassy station (reference-grade),1
2022-06-27,30.3,90,Moderate,28.91,81.92,11.38,1003.58,5.8,630.0,7168.9,Monsoon,0,6,0,0,41.6,45.2,55.8,46.64,63.26,US Embassy station (reference-grade),1
2022-06-28,31.5,93,Moderate,28.57,82.79,13.16,1002.4,10.5,603.96,7949.6,Monsoon,0,6,1,0,30.3,41.6,45.2,44.76,61.47,US Embassy station (reference-grade),1
2022-06-29,45.0,124,Unhealthy for Sensitive Groups,27.81,87.29,12.58,1001.08,13.4,545.21,6856.0,Monsoon,0,6,2,0,31.5,30.3,41.6,43.09,60.21,US Embassy station (reference-grade),1
2022-06-30,62.9,156,Unhealthy,27.21,88.96,11.48,1000.53,11.4,399.58,4585.2,Monsoon,0,6,3,0,45.0,31.5,30.3,44.61,59.02,US Embassy station (reference-grade),1
2022-07-01,44.9,124,Unhealthy for Sensitive Groups,27.98,85.04,11.18,999.29,17.6,424.58,4744.7,Monsoon,0,7,4,1,62.9,45.0,31.5,43.06,57.6,US Embassy station (reference-grade),1
2022-07-02,38.2,108,Unhealthy for Sensitive Groups,28.63,81.0,13.12,998.03,1.3,536.46,7038.8,Monsoon,0,7,5,1,44.9,62.9,45.0,42.06,56.34,US Embassy station (reference-grade),1
2022-07-03,43.1,120,Unhealthy for Sensitive Groups,28.49,82.75,12.0,998.85,4.2,549.17,6590.0,Monsoon,0,7,6,0,38.2,44.9,62.9,42.27,55.07,US Embassy station (reference-grade),1
2022-07-04,51.4,140,Unhealthy for Sensitive Groups,29.15,80.62,11.5,998.62,1.0,569.79,6550.2,Monsoon,0,7,0,0,43.1,38.2,44.9,45.29,54.36,US Embassy station (reference-grade),1
2022-07-05,58.6,153,Unhealthy,29.38,80.92,12.46,998.89,2.0,561.67,6997.4,Monsoon,0,7,1,0,51.4,43.1,38.2,49.16,54.26,US Embassy station (reference-grade),1
2022-07-06,34.9,99,Moderate,29.01,80.46,14.12,1002.12,2.6,473.33,6685.8,Monsoon,0,7,2,0,58.6,51.4,43.1,47.71,53.67,US Embassy station (reference-grade),1
2022-07-07,46.3,128,Unhealthy for Sensitive Groups,29.45,80.54,11.42,1003.18,0.7,524.58,5993.4,Monsoon,0,7,3,0,34.9,58.6,51.4,45.34,53.1,US Embassy station (reference-grade),1
2022-07-08,37.4,106,Unhealthy for Sensitive Groups,29.06,80.0,12.4,1001.64,1.3,544.58,6755.1,Monsoon,0,7,4,1,46.3,34.9,58.6,44.27,52.38,US Embassy station (reference-grade),1
2022-07-09,33.7,97,Moderate,29.33,77.79,12.52,999.87,1.7,648.96,8122.8,Monsoon,0,7,5,1,37.4,46.3,34.9,43.63,51.16,US Embassy station (reference-grade),1
2022-07-10,25.3,81,Moderate,29.55,77.33,14.03,999.28,1.4,705.62,9899.3,Monsoon,0,7,6,0,33.7,37.4,46.3,41.09,49.4,US Embassy station (reference-grade),1
2022-07-11,26.1,83,Moderate,29.17,78.17,15.34,1000.13,2.9,750.0,11503.1,Monsoon,0,7,0,0,25.3,33.7,37.4,37.47,48.21,US Embassy station (reference-grade),1
2022-07-12,28.6,87,Moderate,30.0,73.33,16.59,999.14,0.7,824.17,13670.9,Monsoon,0,7,1,0,26.1,25.3,33.7,33.19,46.66,US Embassy station (reference-grade),1
2022-07-13,28.6,87,Moderate,30.46,72.12,16.16,997.18,0.7,756.88,12233.0,Monsoon,0,7,2,0,28.6,26.1,25.3,32.29,45.07,US Embassy station (reference-grade),1
2022-07-14,30.0,90,Moderate,30.48,72.0,15.41,997.7,1.7,721.46,11116.5,Monsoon,0,7,3,0,28.6,28.6,26.1,29.96,43.98,US Embassy station (reference-grade),1
2022-07-15,32.6,95,Moderate,29.63,79.29,13.69,999.57,9.6,697.08,9541.3,Monsoon,0,7,4,1,30.0,28.6,28.6,29.27,43.28,US Embassy station (reference-grade),1
2022-07-16,23.0,77,Moderate,30.19,74.75,15.99,1000.68,0.9,755.42,12080.4,Monsoon,0,7,5,1,32.6,30.0,28.6,27.74,41.96,US Embassy station (reference-grade),1
2022-07-18,42.0,117,Unhealthy for Sensitive Groups,29.47,77.54,14.25,1002.65,2.9,648.54,9239.0,Monsoon,0,7,0,0,23.0,32.6,30.0,30.13,41.74,US Embassy station (reference-grade),1
2022-07-19,35.2,100,Moderate,29.2,79.62,14.39,1000.73,5.4,650.21,9357.6,Monsoon,0,7,1,0,42.0,23.0,32.6,31.43,40.9,US Embassy station (reference-grade),1
2022-07-20,48.0,132,Unhealthy for Sensitive Groups,28.25,86.17,11.73,1000.77,17.8,500.0,5866.7,Monsoon,0,7,2,0,35.2,42.0,23.0,34.2,41.08,US Embassy station (reference-grade),1
2022-07-21,50.5,138,Unhealthy for Sensitive Groups,29.4,80.38,12.78,1001.5,2.3,507.5,6485.4,Monsoon,0,7,3,0,48.0,35.2,42.0,37.33,40.81,US Embassy station (reference-grade),1
2022-07-22,42.3,118,Unhealthy for Sensitive Groups,29.7,79.33,9.51,1002.34,1.4,520.83,4954.4,Monsoon,0,7,4,1,50.5,48.0,35.2,39.09,40.73,US Embassy station (reference-grade),1
2022-07-23,43.7,121,Unhealthy for Sensitive Groups,28.92,82.62,10.69,1002.48,5.8,507.5,5423.9,Monsoon,0,7,5,1,42.3,50.5,48.0,40.67,40.3,US Embassy station (reference-grade),1
2022-07-24,42.2,117,Unhealthy for Sensitive Groups,27.41,86.71,12.44,1004.5,11.8,425.83,5296.3,Monsoon,0,7,6,0,43.7,42.3,50.5,43.41,39.96,US Embassy station (reference-grade),1
2022-08-02,121.0,197,Unhealthy,28.6,86.33,4.24,1000.93,7.6,348.33,1476.1,Monsoon,0,8,1,0,42.2,43.7,42.3,54.7,42.14,US Embassy station (reference-grade),1
2022-08-03,66.0,158,Unhealthy,28.28,86.54,6.86,1002.1,17.4,284.38,1951.5,Monsoon,0,8,2,0,121.0,42.2,43.7,59.1,42.83,US Embassy station (reference-grade),1
2022-08-04,52.1,142,Unhealthy for Sensitive Groups,29.11,81.42,9.5,1002.57,2.4,412.08,3916.5,Monsoon,0,8,3,0,66.0,121.0,42.2,59.69,43.18,US Embassy station (reference-grade),1
2022-08-05,46.9,129,Unhealthy for Sensitive Groups,29.66,80.58,8.66,1000.62,3.9,508.96,4408.9,Monsoon,0,8,4,1,52.1,66.0,121.0,59.17,43.73,US Embassy station (reference-grade),1
2022-08-06,32.3,94,Moderate,28.92,83.38,9.22,998.83,5.4,454.38,4187.8,Monsoon,0,8,5,1,46.9,52.1,66.0,57.74,43.76,US Embassy station (reference-grade),1
2022-08-07,26.2,83,Moderate,29.72,78.0,11.09,998.1,2.3,533.12,5911.0,Monsoon,0,8,6,0,32.3,46.9,52.1,55.24,43.13,US Embassy station (reference-grade),1
2022-08-08,21.6,74,Moderate,29.19,79.58,15.8,997.9,4.6,734.58,11603.4,Monsoon,0,8,0,0,26.2,32.3,46.9,52.3,41.76,US Embassy station (reference-grade),1
2022-08-09,18.7,69,Moderate,28.44,79.29,22.65,998.94,2.1,904.79,20489.8,Monsoon,0,8,1,0,21.6,26.2,32.3,37.69,40.88,US Embassy station (reference-grade),1
2022-08-10,19.9,71,Moderate,27.91,80.17,24.74,998.76,3.0,920.0,22762.3,Monsoon,0,8,2,0,18.7,21.6,26.2,31.1,40.27,US Embassy station (reference-grade),1
2022-08-11,21.8,75,Moderate,28.08,78.21,22.21,1000.1,1.7,828.12,18391.3,Monsoon,0,8,3,0,19.9,18.7,21.6,26.77,39.56,US Embassy station (reference-grade),1
2022-08-12,30.9,92,Moderate,28.87,78.42,12.68,999.52,1.9,511.25,6480.1,Monsoon,0,8,4,1,21.8,19.9,18.7,24.49,38.88,US Embassy station (reference-grade),1
2022-08-13,30.3,90,Moderate,28.85,77.54,17.1,998.48,1.4,675.21,11543.2,Monsoon,0,8,5,1,30.9,21.8,19.9,24.2,37.94,US Embassy station (reference-grade),1
2022-08-14,20.3,72,Moderate,28.0,78.38,24.9,1002.02,4.2,920.83,22932.6,Monsoon,0,8,6,0,30.3,30.9,21.8,23.36,37.45,US Embassy station (reference-grade),1
2022-08-15,76.6,166,Unhealthy,28.2,81.5,16.12,1005.68,1.2,613.96,9900.1,Monsoon,0,8,0,0,20.3,30.3,30.9,31.21,38.46,US Embassy station (reference-grade),1
2022-08-16,38.8,109,Unhealthy for Sensitive Groups,29.34,79.17,8.66,1004.06,1.2,432.08,3741.1,Monsoon,0,8,1,0,76.6,20.3,30.3,34.09,38.51,US Embassy station (reference-grade),1
2022-08-17,63.1,156,Unhealthy,30.28,78.29,4.57,1001.32,0.3,392.92,1796.0,Monsoon,0,8,2,0,38.8,76.6,20.3,40.26,39.49,US Embassy station (reference-grade),1
2022-08-18,56.3,152,Unhealthy,31.02,74.67,9.88,997.68,17.8,530.62,5244.3,Monsoon,0,8,3,0,63.1,38.8,76.6,45.19,40.52,US Embassy station (reference-grade),1
2022-08-19,28.2,87,Moderate,29.22,77.08,18.38,999.35,1.0,795.83,14626.8,Monsoon,0,8,4,1,56.3,63.1,38.8,44.8,40.59,US Embassy station (reference-grade),1
2022-08-20,28.9,88,Moderate,28.94,78.25,19.8,1001.42,4.8,799.79,15835.9,Monsoon,0,8,5,1,28.2,56.3,63.1,44.6,40.6,US Embassy station (reference-grade),1
2022-08-21,40.6,114,Unhealthy for Sensitive Groups,29.26,79.33,11.42,1001.0,0.8,513.12,5862.5,Monsoon,0,8,6,0,28.9,28.2,56.3,47.5,41.0,US Embassy station (reference-grade),1
2022-08-22,46.8,129,Unhealthy for Sensitive Groups,29.8,79.58,6.33,999.95,1.6,409.17,2591.4,Monsoon,0,8,0,0,40.6,28.9,28.2,43.24,41.56,US Embassy station (reference-grade),1
2022-08-23,52.5,143,Unhealthy for Sensitive Groups,27.95,84.83,10.69,1001.92,15.3,368.96,3943.2,Monsoon,0,8,1,0,46.8,40.6,28.9,45.2,42.22,US Embassy station (reference-grade),1
2022-08-24,29.3,89,Moderate,28.41,79.12,17.3,1004.25,1.2,730.21,12632.6,Monsoon,0,8,2,0,52.5,46.8,40.6,40.37,42.43,US Embassy station (reference-grade),1
2022-08-26,38.0,107,Unhealthy for Sensitive Groups,29.77,76.71,7.09,1001.6,0.4,483.33,3427.6,Monsoon,0,8,4,1,29.3,52.5,46.8,37.76,42.3,US Embassy station (reference-grade),1
2022-08-27,42.5,118,Unhealthy for Sensitive Groups,29.01,80.88,12.33,1001.96,1.2,576.88,7112.4,Monsoon,0,8,5,1,38.0,29.3,52.5,39.8,42.54,US Embassy station (reference-grade),1
2022-08-28,123.0,198,Unhealthy,28.19,83.29,12.42,1004.43,8.1,618.75,7682.8,Monsoon,0,8,6,0,42.5,38.0,29.3,53.24,45.04,US Embassy station (reference-grade),1
2022-08-29,33.8,97,Moderate,29.26,78.46,8.19,1006.67,0.6,467.71,3831.3,Monsoon,0,8,0,0,123.0,42.5,38.0,52.27,44.49,US Embassy station (reference-grade),1
2022-08-30,34.3,98,Moderate,30.1,73.79,7.72,1006.76,0.0,520.42,4018.1,Monsoon,0,8,1,0,33.8,123.0,42.5,50.49,44.22,US Embassy station (reference-grade),1
2022-08-31,35.1,99,Moderate,30.25,74.42,9.42,1005.18,0.0,558.33,5262.3,Monsoon,0,8,2,0,34.3,33.8,123.0,48.0,43.93,US Embassy station (reference-grade),1
2022-09-01,28.5,87,Moderate,29.64,78.5,9.02,1005.78,1.9,570.83,5149.4,Monsoon,0,9,3,0,35.1,34.3,33.8,47.89,43.48,US Embassy station (reference-grade),1
2022-09-02,28.8,88,Moderate,29.07,80.96,9.07,1006.02,6.3,488.96,4435.3,Monsoon,0,9,4,1,28.5,35.1,34.3,46.57,40.4,US Embassy station (reference-grade),1
2022-09-03,42.1,117,Unhealthy for Sensitive Groups,28.96,83.42,11.19,1003.7,9.0,503.12,5628.7,Monsoon,0,9,5,1,28.8,28.5,35.1,46.51,39.61,US Embassy station (reference-grade),1
2022-09-04,51.2,140,Unhealthy for Sensitive Groups,27.72,87.42,8.52,1003.47,47.0,423.54,3607.2,Monsoon,0,9,6,0,42.1,28.8,28.5,36.26,39.58,US Embassy station (reference-grade),1
2022-09-05,46.4,128,Unhealthy for Sensitive Groups,27.83,87.08,10.61,1004.16,6.9,446.04,4731.8,Monsoon,0,9,0,0,51.2,42.1,28.8,38.06,39.56,US Embassy station (reference-grade),1
2022-09-06,43.9,122,Unhealthy for Sensitive Groups,28.39,84.75,6.98,1004.93,4.0,343.75,2399.1,Monsoon,0,9,1,0,46.4,51.2,42.1,39.43,39.95,US Embassy station (reference-grade),1
2022-09-07,34.7,99,Moderate,29.8,80.12,5.94,1005.44,0.2,363.33,2157.3,Monsoon,0,9,2,0,43.9,46.4,51.2,39.37,40.23,US Embassy station (reference-grade),1
2022-09-08,118.0,195,Unhealthy,30.24,80.88,4.66,1006.19,0.5,423.96,1976.7,Monsoon,0,9,3,0,34.7,43.9,46.4,52.16,43.44,US Embassy station (reference-grade),1
2022-09-09,45.0,124,Unhealthy for Sensitive Groups,29.69,82.67,7.0,1005.58,5.8,409.58,2868.8,Monsoon,0,9,4,1,118.0,34.7,43.9,54.47,44.32,US Embassy station (reference-grade),1
2022-09-10,46.1,127,Unhealthy for Sensitive Groups,28.22,84.21,9.61,1005.56,18.1,547.29,5258.6,Monsoon,0,9,5,1,45.0,118.0,34.7,55.04,45.19,US Embassy station (reference-grade),1
2022-09-11,20.3,72,Moderate,26.13,90.58,15.4,1004.95,21.4,614.79,9470.4,Monsoon,0,9,6,0,46.1,45.0,118.0,50.63,45.14,US Embassy station (reference-grade),1
2022-09-12,28.8,88,Moderate,25.26,92.88,15.14,1004.54,25.5,467.71,7079.9,Monsoon,0,9,0,0,20.3,46.1,45.0,48.11,45.07,US Embassy station (reference-grade),1
2022-09-13,34.9,99,Moderate,25.04,94.21,13.96,1005.87,52.6,417.5,5829.3,Monsoon,0,9,1,0,28.8,20.3,46.1,46.83,45.23,US Embassy station (reference-grade),1
2022-09-14,34.7,99,Moderate,24.9,94.75,12.25,1006.65,43.8,354.58,4345.1,Monsoon,0,9,2,0,34.9,28.8,20.3,46.83,45.71,US Embassy station (reference-grade),1
2022-09-15,40.9,114,Unhealthy for Sensitive Groups,26.85,86.46,10.22,1005.05,6.9,387.29,3960.1,Monsoon,0,9,3,0,34.7,34.9,28.8,35.81,44.52,US Embassy station (reference-grade),1
2022-09-16,46.3,128,Unhealthy for Sensitive Groups,26.9,89.12,7.25,1002.02,17.0,362.71,2628.1,Monsoon,0,9,4,1,40.9,34.7,34.9,36.0,44.77,US Embassy station (reference-grade),1
2022-09-17,76.3,166,Unhealthy,28.17,85.17,6.87,1002.22,13.4,407.71,2801.3,Monsoon,0,9,5,1,46.3,40.9,34.7,40.31,45.21,US Embassy station (reference-grade),1
2022-09-18,87.6,174,Unhealthy,28.42,86.46,5.11,1002.53,3.6,223.75,1143.0,Monsoon,0,9,6,0,76.3,46.3,40.9,49.93,46.25,US Embassy station (reference-grade),1
2022-09-19,44.3,123,Unhealthy for Sensitive Groups,27.97,84.25,11.79,1003.68,16.4,525.42,6193.3,Monsoon,0,9,0,0,87.6,76.3,46.3,52.14,46.79,US Embassy station (reference-grade),1
2022-09-20,23.7,78,Moderate,28.22,80.67,18.65,1004.14,2.7,758.33,14142.9,Monsoon,0,9,1,0,44.3,87.6,76.3,50.54,46.61,US Embassy station (reference-grade),1
2022-09-21,40.8,114,Unhealthy for Sensitive Groups,28.14,81.79,14.41,1004.95,2.0,627.5,9041.2,Monsoon,0,9,2,0,23.7,44.3,87.6,51.41,46.62,US Embassy station (reference-grade),1
2022-09-22,45.7,126,Unhealthy for Sensitive Groups,28.19,83.0,10.62,1005.06,3.9,508.12,5396.7,Monsoon,0,9,3,0,40.8,23.7,44.3,52.1,46.58,US Embassy station (reference-grade),1
2022-09-23,40.2,113,Unhealthy for Sensitive Groups,28.32,82.96,8.29,1005.0,1.6,395.62,3280.4,Monsoon,0,9,4,1,45.7,40.8,23.7,51.23,46.17,US Embassy station (reference-grade),1
2022-09-25,51.6,141,Unhealthy for Sensitive Groups,28.04,84.08,4.64,1005.46,1.0,364.17,1690.3,Monsoon,0,9,6,0,40.2,45.7,40.8,47.7,46.92,US Embassy station (reference-grade),1
2022-09-26,64.2,157,Unhealthy,27.82,86.67,3.32,1005.8,12.4,313.96,1042.6,Monsoon,0,9,0,0,51.6,40.2,45.7,44.36,47.79,US Embassy station (reference-grade),1
2022-09-27,79.7,168,Unhealthy,27.8,85.42,3.71,1004.78,7.2,300.21,1113.3,Monsoon,0,9,1,0,64.2,51.6,40.2,49.41,49.03,US Embassy station (reference-grade),1
2022-09-28,112.0,191,Unhealthy,27.89,87.04,4.15,1003.7,11.5,323.12,1339.6,Monsoon,0,9,2,0,79.7,64.2,51.6,62.03,48.66,US Embassy station (reference-grade),1
2022-09-29,95.5,179,Unhealthy,29.12,82.75,5.42,1003.23,3.1,405.21,2196.6,Monsoon,0,9,3,0,112.0,79.7,64.2,69.84,50.72,US Embassy station (reference-grade),1
2022-09-30,69.7,161,Unhealthy,29.79,78.33,6.71,1002.65,0.0,389.58,2615.1,Monsoon,0,9,4,1,95.5,112.0,79.7,73.27,51.9,US Embassy station (reference-grade),1
2022-10-01,77.9,167,Unhealthy,29.48,82.25,5.59,1001.63,7.0,314.79,1760.2,Post-monsoon,0,10,5,1,69.7,95.5,112.0,78.66,53.33,US Embassy station (reference-grade),1
2022-10-02,53.1,144,Unhealthy for Sensitive Groups,27.18,87.17,7.48,1002.18,24.2,270.21,2020.9,Post-monsoon,0,10,6,0,77.9,69.7,95.5,78.87,54.15,US Embassy station (reference-grade),1
2022-10-03,40.3,113,Unhealthy for Sensitive Groups,25.88,91.33,12.11,1004.57,37.5,382.08,4628.0,Post-monsoon,0,10,0,0,53.1,77.9,69.7,75.46,54.53,US Embassy station (reference-grade),1
2022-10-04,34.3,98,Moderate,27.53,84.08,7.36,1007.69,11.2,378.12,2782.4,Post-monsoon,0,10,1,0,40.3,53.1,77.9,68.97,54.27,US Embassy station (reference-grade),1
2022-10-05,30.6,91,Moderate,27.92,81.29,7.05,1008.82,2.3,336.88,2376.4,Post-monsoon,0,10,2,0,34.3,40.3,53.1,57.34,53.58,US Embassy station (reference-grade),1
2022-10-06,49.8,136,Unhealthy for Sensitive Groups,27.52,85.12,8.25,1009.29,4.1,374.17,3086.9,Post-monsoon,0,10,3,0,30.6,34.3,40.3,50.81,53.7,US Embassy station (reference-grade),1
2022-10-07,88.5,174,Unhealthy,28.6,79.0,3.66,1008.85,0.0,375.42,1373.4,Post-monsoon,0,10,4,1,49.8,30.6,34.3,53.5,55.18,US Embassy station (reference-grade),1
2022-10-08,57.6,152,Unhealthy,28.85,79.38,4.43,1008.84,4.5,326.46,1447.3,Post-monsoon,0,10,5,1,88.5,49.8,30.6,50.6,55.95,US Embassy station (reference-grade),1
2022-10-09,40.3,113,Unhealthy for Sensitive Groups,28.13,84.46,5.62,1010.07,3.3,346.25,1946.2,Post-monsoon,0,10,6,0,57.6,88.5,49.8,48.77,53.36,US Embassy station (reference-grade),1
2022-10-10,107.0,187,Unhealthy,27.66,83.92,7.2,1010.62,5.8,400.42,2881.3,Post-monsoon,0,10,0,0,40.3,57.6,88.5,58.3,55.42,US Embassy station (reference-grade),1
2022-10-11,22.0,75,Moderate,27.78,83.12,9.0,1009.14,5.5,514.79,4631.0,Post-monsoon,0,10,1,0,107.0,40.3,57.6,56.54,54.62,US Embassy station (reference-grade),1
2022-10-12,29.0,88,Moderate,26.39,88.96,5.98,1009.22,9.8,391.67,2341.8,Post-monsoon,0,10,2,0,22.0,107.0,40.3,56.31,54.91,US Embassy station (reference-grade),1
2022-10-13,54.2,147,Unhealthy for Sensitive Groups,26.47,87.29,5.21,1009.28,5.7,324.58,1691.9,Post-monsoon,0,10,3,0,29.0,22.0,107.0,56.94,55.76,US Embassy station (reference-grade),1
2022-10-14,81.4,169,Unhealthy,27.35,85.46,3.66,1008.66,3.8,376.88,1378.7,Post-monsoon,0,10,4,1,54.2,29.0,22.0,55.93,57.31,US Embassy station (reference-grade),1
2022-10-15,56.3,152,Unhealthy,27.92,77.04,7.15,1008.05,0.0,429.17,3068.5,Post-monsoon,0,10,5,1,81.4,54.2,29.0,55.74,58.03,US Embassy station (reference-grade),1
2022-10-16,69.5,161,Unhealthy,27.19,72.25,9.99,1009.34,0.0,331.67,3312.5,Post-monsoon,0,10,6,0,56.3,81.4,54.2,59.91,58.98,US Embassy station (reference-grade),1
2022-10-17,79.2,168,Unhealthy,27.03,77.58,5.79,1009.63,0.0,332.29,1923.1,Post-monsoon,0,10,0,0,69.5,56.3,81.4,55.94,60.08,US Embassy station (reference-grade),1
2022-10-18,75.4,165,Unhealthy,27.23,81.67,5.05,1009.11,3.8,315.83,1595.0,Post-monsoon,0,10,1,0,79.2,69.5,56.3,63.57,60.05,US Embassy station (reference-grade),1
2022-10-19,66.3,159,Unhealthy,27.19,75.04,7.71,1009.35,0.0,400.42,3086.5,Post-monsoon,0,10,2,0,75.4,79.2,69.5,68.9,59.34,US Embassy station (reference-grade),1
2022-10-20,75.3,165,Unhealthy,26.89,70.08,8.79,1010.26,0.1,396.67,3487.4,Post-monsoon,0,10,3,0,66.3,75.4,79.2,71.91,60.37,US Embassy station (reference-grade),1
2022-10-21,56.3,152,Unhealthy,26.91,72.58,8.71,1010.98,0.0,372.71,3247.2,Post-monsoon,0,10,4,1,75.3,66.3,75.4,68.33,61.46,US Embassy station (reference-grade),1
2022-10-22,48.8,134,Unhealthy for Sensitive Groups,27.48,73.25,9.11,1010.7,0.0,330.83,3013.3,Post-monsoon,0,10,5,1,56.3,75.3,66.3,67.26,61.72,US Embassy station (reference-grade),1
2022-10-23,81.2,169,Unhealthy,26.47,82.0,6.67,1009.45,4.4,181.88,1212.5,Post-monsoon,0,10,6,0,48.8,56.3,75.3,68.93,62.91,US Embassy station (reference-grade),1
2022-10-25,52.3,142,Unhealthy for Sensitive Groups,23.65,81.62,12.42,1004.84,6.3,586.04,7276.7,Post-monsoon,0,10,1,0,81.2,48.8,56.3,65.09,63.31,US Embassy station (reference-grade),1
2022-10-26,127.0,202,Very Unhealthy,24.49,79.04,5.46,1011.67,0.0,319.17,1742.1,Post-monsoon,0,10,2,0,52.3,81.2,48.8,72.46,65.82,US Embassy station (reference-grade),1
2022-10-27,80.5,169,Unhealthy,24.9,77.62,6.52,1011.23,0.1,358.33,2336.6,Post-monsoon,0,10,3,0,127.0,52.3,81.2,74.49,66.37,US Embassy station (reference-grade),1
2022-10-28,110.0,189,Unhealthy,23.9,75.0,7.3,1010.32,0.0,384.58,2807.5,Post-monsoon,0,10,4,1,80.5,127.0,52.3,79.44,67.38,US Embassy station (reference-grade),1
2022-11-02,83.0,170,Unhealthy,26.2,69.83,7.11,1009.77,0.0,387.29,2754.6,Post-monsoon,1,11,2,0,110.0,80.5,127.0,83.26,66.41,US Embassy station (reference-grade),1
2022-11-03,74.7,164,Unhealthy,24.83,72.29,6.5,1009.86,0.0,401.25,2609.8,Post-monsoon,1,11,3,0,83.0,110.0,80.5,86.96,65.72,US Embassy station (reference-grade),1
2022-11-04,105.0,186,Unhealthy,24.01,72.33,5.29,1011.46,0.0,409.17,2163.5,Post-monsoon,1,11,4,1,74.7,83.0,110.0,90.36,66.89,US Embassy station (reference-grade),1
2022-11-05,149.0,224,Very Unhealthy,24.69,73.12,6.61,1012.96,0.0,309.38,2044.5,Post-monsoon,1,11,5,1,105.0,74.7,83.0,104.17,69.26,US Embassy station (reference-grade),1
2022-11-06,88.0,174,Unhealthy,24.79,76.96,5.87,1013.07,0.1,326.04,1914.1,Post-monsoon,1,11,6,0,149.0,105.0,74.7,98.6,70.43,US Embassy station (reference-grade),1
2022-11-07,102.0,184,Unhealthy,25.02,67.75,5.21,1012.8,0.0,387.5,2019.8,Post-monsoon,1,11,0,0,88.0,149.0,105.0,101.67,72.48,US Embassy station (reference-grade),1
2022-11-08,93.7,178,Unhealthy,24.88,67.79,4.23,1012.76,0.0,370.83,1568.3,Post-monsoon,1,11,1,0,102.0,88.0,149.0,99.34,74.46,US Embassy station (reference-grade),1
2022-11-09,47.4,130,Unhealthy for Sensitive Groups,24.63,68.96,7.24,1012.47,0.0,447.29,3239.1,Post-monsoon,1,11,2,0,93.7,102.0,88.0,94.26,75.02,US Embassy station (reference-grade),1
2022-11-10,47.0,129,Unhealthy for Sensitive Groups,23.88,68.29,7.03,1012.6,0.0,504.17,3543.9,Post-monsoon,1,11,3,0,47.4,93.7,102.0,90.3,74.93,US Embassy station (reference-grade),1
2022-11-11,68.5,160,Unhealthy,23.24,69.12,6.48,1012.42,0.0,433.54,2809.0,Post-monsoon,1,11,4,1,47.0,47.4,93.7,85.09,74.26,US Embassy station (reference-grade),1
2022-11-12,106.0,186,Unhealthy,23.4,72.46,6.96,1012.2,0.0,434.17,3022.9,Post-monsoon,1,11,5,1,68.5,47.0,47.4,78.94,75.88,US Embassy station (reference-grade),1
2022-11-13,181.0,256,Very Unhealthy,22.77,72.04,7.41,1012.0,0.0,408.54,3028.3,Post-monsoon,1,11,6,0,106.0,68.5,47.0,92.23,80.57,US Embassy station (reference-grade),1
2022-11-14,135.0,210,Very Unhealthy,22.18,72.04,7.62,1012.15,0.0,386.67,2948.3,Post-monsoon,1,11,0,0,181.0,106.0,68.5,96.94,81.5,US Embassy station (reference-grade),1
2022-11-15,116.0,193,Unhealthy,22.31,74.54,6.76,1011.38,0.0,371.67,2511.8,Post-monsoon,1,11,1,0,135.0,181.0,106.0,100.13,84.63,US Embassy station (reference-grade),1
2022-11-16,99.1,182,Unhealthy,22.63,75.29,6.86,1010.27,0.0,342.08,2346.1,Post-monsoon,1,11,2,0,116.0,135.0,181.0,107.51,86.97,US Embassy station (reference-grade),1
2022-11-17,116.0,193,Unhealthy,22.12,70.71,7.87,1010.36,0.0,333.54,2625.3,Post-monsoon,1,11,3,0,99.1,116.0,135.0,117.37,89.03,US Embassy station (reference-grade),1
2022-11-18,144.0,219,Very Unhealthy,22.1,68.58,8.76,1011.38,0.0,418.33,3663.9,Post-monsoon,1,11,4,1,116.0,99.1,116.0,128.16,91.12,US Embassy station (reference-grade),1
2022-11-19,112.0,191,Unhealthy,21.75,74.42,7.95,1011.05,0.0,270.62,2152.6,Post-monsoon,1,11,5,1,144.0,116.0,99.1,129.01,92.97,US Embassy station (reference-grade),1
2022-11-20,114.0,192,Unhealthy,23.13,71.0,7.08,1009.86,0.0,246.67,1745.2,Post-monsoon,1,11,6,0,112.0,144.0,116.0,119.44,94.46,US Embassy station (reference-grade),1
2022-11-21,96.3,180,Unhealthy,22.7,67.88,8.43,1009.4,0.0,304.38,2566.9,Post-monsoon,1,11,0,0,114.0,112.0,144.0,113.91,95.03,US Embassy station (reference-grade),1
2022-11-22,151.0,226,Very Unhealthy,21.12,71.38,8.71,1009.97,0.0,345.83,3011.6,Post-monsoon,1,11,1,0,96.3,114.0,112.0,118.91,97.55,US Embassy station (reference-grade),1
2022-11-24,130.0,205,Very Unhealthy,21.45,70.83,8.14,1010.45,0.0,342.29,2785.4,Post-monsoon,1,11,3,0,151.0,96.3,114.0,123.33,99.67,US Embassy station (reference-grade),1
2022-11-25,124.0,199,Unhealthy,21.98,74.83,7.28,1010.75,0.0,307.29,2238.1,Post-monsoon,1,11,4,1,130.0,151.0,96.3,124.47,101.29,US Embassy station (reference-grade),1
2022-11-26,115.0,193,Unhealthy,21.84,73.88,6.37,1009.56,0.0,316.67,2016.1,Post-monsoon,1,11,5,1,124.0,130.0,151.0,120.33,103.25,US Embassy station (reference-grade),1
2022-11-27,92.9,177,Unhealthy,21.47,71.75,7.18,1008.18,0.0,323.75,2325.6,Post-monsoon,1,11,6,0,115.0,124.0,130.0,117.6,104.72,US Embassy station (reference-grade),1
2022-11-28,98.8,181,Unhealthy,21.88,68.92,7.0,1009.2,0.0,298.12,2088.1,Post-monsoon,1,11,0,0,92.9,115.0,124.0,115.43,105.31,US Embassy station (reference-grade),1
2022-11-29,129.0,204,Very Unhealthy,24.16,63.46,5.73,1010.51,0.0,231.67,1327.3,Post-monsoon,1,11,1,0,98.8,92.9,115.0,120.1,107.86,US Embassy station (reference-grade),1
2022-11-30,136.0,211,Very Unhealthy,24.4,63.71,6.41,1011.29,0.0,286.88,1838.4,Post-monsoon,1,11,2,0,129.0,98.8,92.9,117.96,108.16,US Embassy station (reference-grade),1
2022-12-01,120.0,196,Unhealthy,22.36,69.5,8.17,1011.1,0.0,354.79,2897.5,Winter,1,12,3,0,136.0,129.0,98.8,116.53,109.48,US Embassy station (reference-grade),1
2022-12-02,102.0,184,Unhealthy,21.6,70.12,8.17,1010.8,0.0,342.92,2801.9,Winter,1,12,4,1,120.0,136.0,129.0,113.39,109.21,US Embassy station (reference-grade),1
2022-12-03,130.0,205,Very Unhealthy,20.76,69.29,8.1,1011.1,0.0,336.25,2725.0,Winter,1,12,5,1,102.0,120.0,136.0,115.53,110.78,US Embassy station (reference-grade),1
2022-12-04,145.0,220,Very Unhealthy,20.93,73.33,7.47,1011.45,0.0,341.88,2554.1,Winter,1,12,6,0,130.0,102.0,120.0,122.97,113.12,US Embassy station (reference-grade),1
2022-12-05,143.0,218,Very Unhealthy,21.09,73.12,7.03,1012.0,0.0,320.83,2256.5,Winter,1,12,0,0,145.0,130.0,102.0,129.29,114.39,US Embassy station (reference-grade),1
2022-12-06,123.0,198,Unhealthy,21.01,72.21,7.68,1010.96,0.0,352.5,2705.4,Winter,1,12,1,0,143.0,145.0,130.0,128.43,113.52,US Embassy station (reference-grade),1
2022-12-07,135.0,210,Very Unhealthy,20.8,69.71,8.29,1010.65,0.0,381.88,3166.4,Winter,1,12,2,0,123.0,143.0,145.0,128.29,115.09,US Embassy station (reference-grade),1
2022-12-08,150.0,225,Very Unhealthy,20.87,70.75,7.24,1011.22,0.0,355.21,2572.3,Winter,1,12,3,0,135.0,123.0,143.0,132.57,116.69,US Embassy station (reference-grade),1
2022-12-09,143.0,218,Very Unhealthy,20.18,71.79,6.95,1010.91,0.0,312.08,2169.0,Winter,1,12,4,1,150.0,135.0,123.0,138.43,118.33,US Embassy station (reference-grade),1
2022-12-10,104.0,185,Unhealthy,20.14,72.04,7.19,1011.14,0.0,330.0,2373.2,Winter,1,12,5,1,143.0,150.0,135.0,134.71,120.22,US Embassy station (reference-grade),1
2022-12-11,134.0,209,Very Unhealthy,20.81,71.62,7.47,1011.53,0.0,326.88,2440.7,Winter,1,12,6,0,104.0,143.0,150.0,133.14,123.12,US Embassy station (reference-grade),1
2022-12-12,173.0,248,Very Unhealthy,20.15,72.96,7.53,1011.19,0.0,352.5,2655.5,Winter,1,12,0,0,134.0,104.0,143.0,137.43,126.6,US Embassy station (reference-grade),1
2022-12-13,230.0,310,Hazardous,20.96,71.75,6.87,1011.3,0.0,330.83,2273.1,Winter,1,12,1,0,173.0,134.0,104.0,152.71,130.74,US Embassy station (reference-grade),1
2022-12-14,310.0,469,Hazardous,20.88,73.96,5.62,1011.71,0.0,348.96,1962.9,Winter,1,12,2,0,230.0,173.0,134.0,177.71,135.04,US Embassy station (reference-grade),1
2022-12-15,261.0,372,Hazardous,19.35,73.04,7.08,1011.02,0.0,367.08,2598.6,Winter,1,12,3,0,310.0,230.0,173.0,193.57,139.24,US Embassy station (reference-grade),1
2022-12-16,245.0,340,Hazardous,19.22,70.75,6.93,1010.59,0.0,408.33,2829.4,Winter,1,12,4,1,261.0,310.0,230.0,208.14,143.54,US Embassy station (reference-grade),1
2022-12-17,215.0,290,Very Unhealthy,19.93,73.54,6.22,1011.6,0.0,356.46,2216.0,Winter,1,12,5,1,245.0,261.0,310.0,224.0,147.4,US Embassy station (reference-grade),1
2022-12-18,245.0,340,Hazardous,18.97,79.62,6.46,1011.48,0.0,300.83,1944.1,Winter,1,12,6,0,215.0,245.0,261.0,239.86,151.7,US Embassy station (reference-grade),1
2022-12-19,231.0,312,Hazardous,18.72,76.04,5.14,1010.39,0.0,295.62,1520.0,Winter,1,12,0,0,245.0,215.0,245.0,248.14,154.6,US Embassy station (reference-grade),1
2022-12-20,215.0,290,Very Unhealthy,19.53,75.17,6.53,1010.2,0.0,366.25,2391.3,Winter,1,12,1,0,231.0,245.0,215.0,246.0,158.03,US Embassy station (reference-grade),1
2022-12-21,222.0,297,Very Unhealthy,19.88,74.5,6.88,1010.73,0.0,363.33,2500.9,Winter,1,12,2,0,215.0,231.0,245.0,233.43,161.63,US Embassy station (reference-grade),1
2022-12-22,226.0,302,Hazardous,19.74,76.71,7.76,1010.64,0.0,388.96,3017.7,Winter,1,12,3,0,222.0,215.0,231.0,228.43,165.96,US Embassy station (reference-grade),1
2022-12-24,162.0,237,Very Unhealthy,18.2,72.17,7.44,1011.58,0.0,328.96,2448.0,Winter,1,12,5,1,226.0,222.0,215.0,216.57,166.32,US Embassy station (reference-grade),1
2022-12-25,351.0,500,Hazardous,20.08,68.96,5.65,1012.72,0.0,235.83,1331.5,Winter,1,12,6,0,162.0,226.0,222.0,236.0,173.69,US Embassy station (reference-grade),1
2022-12-26,241.0,332,Hazardous,21.17,75.5,5.42,1014.15,1.1,253.96,1377.7,Winter,1,12,0,0,351.0,162.0,226.0,235.43,177.59,US Embassy station (reference-grade),1
2022-12-27,239.0,328,Hazardous,20.18,86.96,6.51,1013.47,8.2,260.42,1694.9,Winter,1,12,1,0,241.0,351.0,162.0,236.57,181.72,US Embassy station (reference-grade),1
2022-12-28,200.0,275,Very Unhealthy,19.06,85.21,6.43,1014.61,0.1,269.17,1731.6,Winter,1,12,2,0,239.0,241.0,351.0,234.43,185.29,US Embassy station (reference-grade),1
2022-12-29,230.0,310,Hazardous,16.78,72.96,7.32,1016.19,0.0,350.83,2569.9,Winter,1,12,3,0,200.0,239.0,241.0,235.57,189.67,US Embassy station (reference-grade),1
2022-12-30,224.0,299,Very Unhealthy,17.16,73.67,5.88,1016.89,0.0,344.17,2023.4,Winter,1,12,4,1,230.0,200.0,239.0,235.29,192.83,US Embassy station (reference-grade),1
2022-12-31,234.0,318,Hazardous,17.55,76.5,3.74,1016.43,0.0,292.71,1095.2,Winter,1,12,5,1,224.0,230.0,200.0,245.57,196.1,US Embassy station (reference-grade),1
2023-01-01,182.0,257,Very Unhealthy,17.34,78.5,6.74,1017.36,0.0,289.38,1950.9,Winter,1,1,6,0,234.0,224.0,230.0,221.43,198.17,US Embassy station (reference-grade),1
2023-01-02,194.0,269,Very Unhealthy,17.58,75.08,7.29,1017.58,0.0,336.46,2451.9,Winter,1,1,0,0,182.0,234.0,224.0,214.71,201.23,US Embassy station (reference-grade),1
2023-01-03,217.0,292,Very Unhealthy,17.3,78.42,8.21,1017.4,0.0,309.58,2541.2,Winter,1,1,1,0,194.0,182.0,234.0,211.57,204.13,US Embassy station (reference-grade),1
2023-01-04,175.0,250,Very Unhealthy,17.35,80.83,9.04,1017.21,0.0,361.67,3268.6,Winter,1,1,2,0,217.0,194.0,182.0,208.0,205.13,US Embassy station (reference-grade),1
2023-01-05,227.0,304,Hazardous,16.7,82.75,10.56,1017.63,0.0,362.08,3824.5,Winter,1,1,3,0,175.0,217.0,194.0,207.57,207.93,US Embassy station (reference-grade),1
2023-01-06,224.0,299,Very Unhealthy,16.36,83.54,10.0,1016.94,0.0,339.17,3391.7,Winter,1,1,4,1,227.0,175.0,217.0,207.57,211.3,US Embassy station (reference-grade),1
2023-01-07,221.0,296,Very Unhealthy,16.32,85.17,7.89,1015.31,0.0,266.67,2103.3,Winter,1,1,5,1,224.0,227.0,175.0,205.71,214.17,US Embassy station (reference-grade),1
2023-01-08,287.0,424,Hazardous,17.7,85.21,7.8,1014.72,0.0,241.67,1885.0,Winter,1,1,6,0,221.0,224.0,227.0,220.71,218.73,US Embassy station (reference-grade),1
2023-01-09,240.0,330,Hazardous,18.37,83.5,8.12,1015.74,0.0,235.21,1909.1,Winter,1,1,0,0,287.0,221.0,224.0,227.29,221.97,US Embassy station (reference-grade),1
2023-01-10,187.0,262,Very Unhealthy,18.12,81.38,8.45,1014.39,0.0,234.58,1983.2,Winter,1,1,1,0,240.0,287.0,221.0,223.0,224.73,US Embassy station (reference-grade),1
2023-01-11,221.0,296,Very Unhealthy,16.73,76.25,7.56,1012.94,0.0,265.0,2003.0,Winter,1,1,2,0,187.0,240.0,287.0,229.57,227.63,US Embassy station (reference-grade),1
2023-01-16,188.0,263,Very Unhealthy,18.23,73.0,6.95,1013.38,0.0,353.33,2455.7,Winter,1,1,0,0,221.0,187.0,240.0,224.0,228.13,US Embassy station (reference-grade),1
2023-01-17,190.0,265,Very Unhealthy,17.16,74.38,7.23,1014.38,0.0,391.25,2828.4,Winter,1,1,1,0,188.0,221.0,187.0,219.14,226.8,US Embassy station (reference-grade),1
2023-01-18,211.0,286,Very Unhealthy,16.6,71.54,6.87,1016.37,0.0,343.75,2360.4,Winter,1,1,2,0,190.0,188.0,221.0,217.71,223.5,US Embassy station (reference-grade),1
2023-01-19,214.0,289,Very Unhealthy,15.77,69.67,8.47,1016.47,0.0,343.12,2906.6,Winter,1,1,3,0,211.0,190.0,188.0,207.29,221.93,US Embassy station (reference-grade),1
2023-01-20,235.0,320,Hazardous,15.75,74.12,8.32,1015.43,0.0,292.71,2434.4,Winter,1,1,4,1,214.0,211.0,190.0,206.57,221.6,US Embassy station (reference-grade),1
2023-01-21,258.0,366,Hazardous,16.8,70.92,7.65,1014.07,0.0,254.17,1943.3,Winter,1,1,5,1,235.0,214.0,211.0,216.71,223.03,US Embassy station (reference-grade),1
2023-01-23,315.0,479,Hazardous,19.76,76.0,6.0,1012.8,0.0,313.33,1880.0,Winter,1,1,0,0,258.0,235.0,214.0,230.14,225.37,US Embassy station (reference-grade),1
2023-01-24,218.0,293,Very Unhealthy,20.21,75.5,6.44,1013.21,0.0,309.38,1991.6,Winter,1,1,1,0,315.0,258.0,235.0,234.43,224.93,US Embassy station (reference-grade),1
2023-01-25,259.0,368,Hazardous,20.48,75.83,6.18,1012.7,0.0,296.46,1833.1,Winter,1,1,2,0,218.0,315.0,258.0,244.29,226.4,US Embassy station (reference-grade),1
2023-01-26,334.0,500,Hazardous,21.14,77.92,5.75,1012.02,0.0,361.25,2075.7,Winter,1,1,3,0,259.0,218.0,315.0,261.86,230.13,US Embassy station (reference-grade),1
2023-01-27,251.0,352,Hazardous,20.95,77.04,6.52,1011.99,0.0,378.96,2471.1,Winter,1,1,4,1,334.0,259.0,218.0,267.14,230.97,US Embassy station (reference-grade),1
2023-01-28,170.0,245,Very Unhealthy,20.86,78.92,7.97,1011.78,0.0,345.42,2751.8,Winter,1,1,5,1,251.0,334.0,259.0,257.86,231.23,US Embassy station (reference-grade),1
2023-01-29,199.0,274,Very Unhealthy,19.82,78.67,7.44,1012.23,0.0,349.38,2598.5,Winter,1,1,6,0,170.0,251.0,334.0,249.43,226.17,US Embassy station (reference-grade),1
2023-01-30,251.0,352,Hazardous,19.32,80.38,6.22,1013.15,0.0,258.54,1609.4,Winter,1,1,0,0,199.0,170.0,251.0,240.29,226.5,US Embassy station (reference-grade),1
2023-01-31,255.0,360,Hazardous,20.41,76.88,5.84,1011.24,0.0,328.33,1918.0,Winter,1,1,1,0,251.0,199.0,170.0,245.57,227.03,US Embassy station (reference-grade),1
2023-02-01,142.0,217,Very Unhealthy,20.95,73.38,7.96,1011.2,0.0,256.04,2037.7,Winter,1,2,2,0,255.0,251.0,199.0,228.86,225.1,US Embassy station (reference-grade),1
2023-02-14,104.0,185,Unhealthy,18.8,47.38,8.14,1012.11,0.0,430.83,3507.7,Winter,1,2,1,0,142.0,255.0,251.0,196.0,220.9,US Embassy station (reference-grade),1
2023-02-15,152.0,227,Very Unhealthy,19.17,55.54,6.7,1010.72,0.0,466.67,3124.7,Winter,1,2,2,0,104.0,142.0,255.0,181.86,218.5,US Embassy station (reference-grade),1
2023-03-19,72.6,163,Unhealthy,22.22,85.04,6.13,1009.03,5.3,224.38,1376.2,Pre-monsoon,1,3,6,0,152.0,104.0,142.0,167.94,213.12,US Embassy station (reference-grade),1
2023-03-20,62.8,156,Unhealthy,21.91,84.88,8.54,1008.02,41.6,453.54,3874.0,Pre-monsoon,1,3,0,0,72.6,152.0,104.0,148.49,209.15,US Embassy station (reference-grade),1
2023-03-21,69.5,161,Unhealthy,21.35,88.83,6.58,1008.32,3.6,376.04,2472.5,Pre-monsoon,1,3,1,0,62.8,72.6,152.0,122.56,205.0,US Embassy station (reference-grade),1
2023-03-22,86.3,173,Unhealthy,22.1,85.08,7.66,1007.58,9.6,427.29,3274.1,Pre-monsoon,1,3,2,0,69.5,62.8,72.6,98.46,200.64,US Embassy station (reference-grade),1
2023-03-24,129.0,204,Very Unhealthy,24.46,76.29,6.72,1008.75,0.2,405.21,2723.3,Pre-monsoon,1,3,4,1,86.3,69.5,62.8,96.6,199.11,US Embassy station (reference-grade),1
2023-03-25,112.0,191,Unhealthy,25.02,81.08,6.03,1009.54,2.3,355.42,2142.9,Pre-monsoon,1,3,5,1,129.0,86.3,69.5,97.74,195.27,US Embassy station (reference-grade),1
2023-03-26,94.3,178,Unhealthy,25.9,78.75,10.05,1007.45,1.5,480.42,4826.2,Pre-monsoon,1,3,6,0,112.0,129.0,86.3,89.5,190.95,US Embassy station (reference-grade),1
2023-03-27,67.8,160,Unhealthy,26.15,75.54,8.25,1007.17,3.6,479.38,3956.8,Pre-monsoon,1,3,0,0,94.3,112.0,129.0,88.81,185.84,US Embassy station (reference-grade),1
2023-03-28,128.0,203,Very Unhealthy,26.57,73.92,6.16,1007.65,0.4,473.96,2918.8,Pre-monsoon,1,3,1,0,67.8,94.3,112.0,98.13,180.54,US Embassy station (reference-grade),1
2023-03-29,91.0,176,Unhealthy,25.52,80.88,8.62,1009.45,2.6,417.5,3597.5,Pre-monsoon,1,3,2,0,128.0,67.8,94.3,101.2,175.58,US Embassy station (reference-grade),1
2023-03-30,87.7,174,Unhealthy,25.64,81.42,7.83,1007.71,9.5,428.96,3360.2,Pre-monsoon,1,3,3,0,91.0,128.0,67.8,101.4,172.27,US Embassy station (reference-grade),1
2023-03-31,64.3,157,Unhealthy,23.93,85.54,6.82,1008.22,5.6,394.17,2690.2,Pre-monsoon,1,3,4,1,87.7,91.0,128.0,92.16,167.04,US Embassy station (reference-grade),1
2023-04-01,56.9,152,Unhealthy,23.2,85.96,8.08,1007.5,9.7,335.0,2705.1,Pre-monsoon,1,4,5,1,64.3,87.7,91.0,84.29,162.67,US Embassy station (reference-grade),1
2023-04-02,74.3,164,Unhealthy,24.48,79.04,7.53,1006.21,1.5,437.5,3294.0,Pre-monsoon,1,4,6,0,56.9,64.3,87.7,81.43,158.82,US Embassy station (reference-grade),1
2023-04-03,82.3,170,Unhealthy,25.45,77.17,8.77,1005.91,0.1,575.21,5045.1,Pre-monsoon,1,4,0,0,74.3,56.9,64.3,83.5,154.53,US Embassy station (reference-grade),1
2023-04-04,79.7,168,Unhealthy,26.41,75.04,12.86,1006.23,0.1,518.75,6672.4,Pre-monsoon,1,4,1,0,82.3,74.3,56.9,76.6,150.05,US Embassy station (reference-grade),1
2023-04-05,63.4,157,Unhealthy,27.24,79.29,10.68,1005.9,2.2,595.21,6356.3,Pre-monsoon,1,4,2,0,79.7,82.3,74.3,72.66,144.33,US Embassy station (reference-grade),1
2023-04-06,82.5,170,Unhealthy,26.93,70.67,7.36,1008.44,0.0,499.79,3677.6,Pre-monsoon,1,4,3,0,63.4,79.7,82.3,71.91,138.48,US Embassy station (reference-grade),1
2023-04-07,110.0,189,Unhealthy,27.68,62.04,8.75,1009.88,0.0,604.79,5294.4,Pre-monsoon,1,4,4,1,82.5,63.4,79.7,78.44,131.65,US Embassy station (reference-grade),1
2023-04-08,163.0,238,Very Unhealthy,28.67,54.88,6.32,1011.15,0.0,487.92,3084.0,Pre-monsoon,1,4,5,1,110.0,82.5,63.4,93.6,129.81,US Embassy station (reference-grade),1
2023-04-09,138.0,213,Very Unhealthy,29.76,52.0,5.56,1010.46,0.0,495.62,2756.9,Pre-monsoon,1,4,6,0,163.0,110.0,82.5,102.7,125.78,US Embassy station (reference-grade),1
2023-04-10,197.0,272,Very Unhealthy,29.46,56.12,7.44,1008.58,0.0,537.29,3998.3,Pre-monsoon,1,4,0,0,138.0,163.0,110.0,119.09,121.21,US Embassy station (reference-grade),1
2023-04-11,219.0,294,Very Unhealthy,29.95,52.58,8.45,1008.28,0.0,710.42,6003.0,Pre-monsoon,1,4,1,0,197.0,138.0,163.0,138.99,120.15,US Embassy station (reference-grade),1
2023-04-12,163.0,238,Very Unhealthy,29.26,46.88,7.65,1007.38,0.0,771.88,5904.8,Pre-monsoon,1,4,2,0,219.0,197.0,138.0,153.21,119.91,US Embassy station (reference-grade),1
2023-04-13,147.0,222,Very Unhealthy,30.26,47.79,9.34,1006.05,0.0,604.79,5649.8,Pre-monsoon,1,4,3,0,163.0,219.0,197.0,162.43,118.18,US Embassy station (reference-grade),1
2023-04-14,128.0,203,Very Unhealthy,31.23,52.0,7.91,1005.99,0.0,697.71,5520.6,Pre-monsoon,1,4,4,1,147.0,163.0,219.0,165.0,114.08,US Embassy station (reference-grade),1
2023-04-15,183.0,258,Very Unhealthy,31.93,57.04,6.71,1005.63,0.0,610.83,4100.2,Pre-monsoon,1,4,5,1,128.0,147.0,163.0,167.86,111.68,US Embassy station (reference-grade),1
2023-04-16,171.0,246,Very Unhealthy,32.25,52.92,8.97,1004.1,0.0,694.58,6228.1,Pre-monsoon,1,4,6,0,183.0,128.0,147.0,172.57,112.65,US Embassy station (reference-grade),1
2023-04-17,91.8,176,Unhealthy,30.75,71.12,12.72,1004.81,7.1,602.08,7656.5,Pre-monsoon,1,4,0,0,171.0,183.0,128.0,157.54,112.24,US Embassy station (reference-grade),1
2023-04-18,101.0,183,Unhealthy,30.57,73.83,11.85,1006.07,9.6,610.21,7233.5,Pre-monsoon,1,4,1,0,91.8,171.0,183.0,140.69,110.54,US Embassy station (reference-grade),1
2023-04-19,86.8,173,Unhealthy,30.95,77.04,13.95,1002.72,0.0,646.88,9023.9,Pre-monsoon,1,4,2,0,101.0,91.8,171.0,129.8,111.01,US Embassy station (reference-grade),1
2023-04-20,73.3,163,Unhealthy,29.62,75.79,16.44,1000.3,8.3,693.75,11406.4,Pre-monsoon,1,4,3,0,86.8,101.0,91.8,119.27,111.36,US Embassy station (reference-grade),1
2023-04-21,66.8,159,Unhealthy,27.55,81.83,14.66,1001.71,17.5,560.83,8220.9,Pre-monsoon,1,4,4,1,73.3,86.8,101.0,110.53,111.27,US Embassy station (reference-grade),1
2023-04-23,43.9,122,Unhealthy for Sensitive Groups,26.66,69.5,9.72,1006.19,0.1,426.88,4149.6,Pre-monsoon,1,4,6,0,66.8,73.3,86.8,90.66,109.86,US Embassy station (reference-grade),1
2023-04-24,43.3,120,Unhealthy for Sensitive Groups,26.43,67.96,6.57,1009.37,0.0,570.62,3749.5,Pre-monsoon,1,4,0,0,43.9,66.8,73.3,72.41,107.0,US Embassy station (reference-grade),1
2023-04-27,84.1,171,Unhealthy,29.36,56.88,8.06,1007.19,0.2,780.21,6287.2,Pre-monsoon,1,4,3,0,43.3,43.9,66.8,71.31,106.07,US Embassy station (reference-grade),1
2023-04-28,51.0,139,Unhealthy for Sensitive Groups,28.56,65.04,5.4,1007.66,0.5,625.0,3372.4,Pre-monsoon,1,4,4,1,84.1,43.3,43.9,64.17,104.63,US Embassy station (reference-grade),1
2023-04-29,82.2,170,Unhealthy,29.05,69.33,8.55,1006.73,0.4,772.08,6598.1,Pre-monsoon,1,4,5,1,51.0,84.1,43.3,63.51,105.11,US Embassy station (reference-grade),1
2023-04-30,66.3,159,Unhealthy,28.8,68.58,6.68,1005.82,0.4,547.71,3656.0,Pre-monsoon,1,4,6,0,82.2,51.0,84.1,62.51,103.05,US Embassy station (reference-grade),1
2023-05-01,49.0,134,Unhealthy for Sensitive Groups,27.86,70.17,8.04,1007.18,2.0,489.79,3936.7,Pre-monsoon,0,5,0,0,66.3,82.2,51.0,59.97,101.65,US Embassy station (reference-grade),1
2023-05-02,71.6,162,Unhealthy,28.83,63.67,6.41,1007.75,0.0,670.21,4294.9,Pre-monsoon,0,5,1,0,49.0,66.3,82.2,63.93,101.12,US Embassy station (reference-grade),1
2023-05-03,68.1,160,Unhealthy,28.17,70.83,7.36,1008.57,1.6,615.62,4530.0,Pre-monsoon,0,5,2,0,71.6,49.0,66.3,67.47,101.24,US Embassy station (reference-grade),1
2023-05-04,59.8,154,Unhealthy,27.14,79.83,8.55,1007.62,21.9,575.62,4919.2,Pre-monsoon,0,5,3,0,68.1,71.6,49.0,64.0,101.34,US Embassy station (reference-grade),1
2023-05-05,58.5,153,Unhealthy,27.3,78.29,6.59,1005.12,3.8,557.71,3673.9,Pre-monsoon,0,5,4,1,59.8,68.1,71.6,65.07,100.81,US Embassy station (reference-grade),1
2023-05-06,66.3,159,Unhealthy,28.9,72.29,6.26,1003.78,0.1,686.88,4301.6,Pre-monsoon,0,5,5,1,58.5,59.8,68.1,62.8,100.28,US Embassy station (reference-grade),1
2023-05-07,68.9,160,Unhealthy,30.31,64.08,7.92,1003.45,0.0,730.62,5784.1,Pre-monsoon,0,5,6,0,66.3,58.5,59.8,63.17,99.92,US Embassy station (reference-grade),1
2023-05-08,80.7,169,Unhealthy,31.62,53.38,10.02,1002.81,0.0,828.12,8295.1,Pre-monsoon,0,5,0,0,68.9,66.3,58.5,67.7,100.5,US Embassy station (reference-grade),1
2023-05-09,105.0,186,Unhealthy,32.09,53.33,11.12,1003.08,0.0,668.75,7439.8,Pre-monsoon,0,5,1,0,80.7,68.9,66.3,72.47,101.25,US Embassy station (reference-grade),1
2023-05-10,79.3,168,Unhealthy,31.25,64.58,11.77,1003.78,5.2,786.67,9259.7,Pre-monsoon,0,5,2,0,105.0,80.7,68.9,74.07,100.22,US Embassy station (reference-grade),1
2023-05-11,60.8,155,Unhealthy,32.51,57.12,9.8,1005.44,0.0,710.42,6965.0,Pre-monsoon,0,5,3,0,79.3,105.0,80.7,74.21,96.82,US Embassy station (reference-grade),1
2023-05-12,111.0,190,Unhealthy,31.82,59.38,5.68,1005.27,0.0,612.08,3478.7,Pre-monsoon,0,5,4,1,60.8,79.3,105.0,81.71,95.92,US Embassy station (reference-grade),1
2023-05-13,89.9,175,Unhealthy,31.46,58.0,9.92,1003.71,0.0,713.96,7080.1,Pre-monsoon,0,5,5,1,111.0,60.8,79.3,85.09,92.35,US Embassy station (reference-grade),1
2023-05-14,48.4,133,Unhealthy for Sensitive Groups,28.27,57.17,17.42,999.15,0.0,695.83,12122.0,Pre-monsoon,0,5,6,0,89.9,111.0,60.8,82.16,86.66,US Embassy station (reference-grade),1
2023-05-15,32.8,95,Moderate,28.0,58.71,11.28,1002.13,6.6,731.88,8251.9,Pre-monsoon,0,5,0,0,48.4,89.9,111.0,75.31,82.32,US Embassy station (reference-grade),1
2023-05-16,72.0,163,Unhealthy,29.84,72.25,16.5,1004.04,14.1,805.21,13289.3,Pre-monsoon,0,5,1,0,32.8,48.4,89.9,70.6,79.82,US Embassy station (reference-grade),1
2023-05-17,77.3,166,Unhealthy,28.46,79.79,18.07,1006.41,46.8,710.62,12841.6,Pre-monsoon,0,5,2,0,72.0,32.8,48.4,70.31,78.13,US Embassy station (reference-grade),1
2023-05-18,59.1,154,Unhealthy,27.93,79.79,14.41,1007.66,2.0,546.25,7870.6,Pre-monsoon,0,5,3,0,77.3,72.0,32.8,70.07,74.0,US Embassy station (reference-grade),1
2023-05-19,72.7,163,Unhealthy,28.64,80.21,13.73,1005.29,4.3,528.54,7258.6,Pre-monsoon,0,5,4,1,59.1,77.3,72.0,64.6,70.72,US Embassy station (reference-grade),1
2023-05-20,57.3,152,Unhealthy,28.8,79.71,16.35,1004.52,7.7,675.42,11040.2,Pre-monsoon,0,5,5,1,72.7,59.1,77.3,59.94,69.57,US Embassy station (reference-grade),1
2023-05-21,56.2,151,Unhealthy,28.39,82.0,14.77,1005.81,15.7,702.92,10382.7,Pre-monsoon,0,5,6,0,57.3,72.7,59.1,61.06,68.08,US Embassy station (reference-grade),1
2023-05-22,60.2,154,Unhealthy,29.67,77.25,12.61,1006.38,10.0,656.67,8279.5,Pre-monsoon,0,5,0,0,56.2,57.3,72.7,64.97,67.19,US Embassy station (reference-grade),1
2023-05-23,49.6,136,Unhealthy for Sensitive Groups,27.64,85.42,10.07,1006.69,19.5,479.79,4833.9,Pre-monsoon,0,5,1,0,60.2,56.2,57.3,61.77,66.4,US Embassy station (reference-grade),1
2023-05-24,67.2,159,Unhealthy,27.29,79.42,7.17,1005.32,7.2,428.12,3070.0,Pre-monsoon,0,5,2,0,49.6,60.2,56.2,60.33,66.42,US Embassy station (reference-grade),1
2023-05-25,66.9,159,Unhealthy,27.62,80.04,10.78,1004.65,4.6,491.04,5291.0,Pre-monsoon,0,5,3,0,67.2,49.6,60.2,61.44,67.18,US Embassy station (reference-grade),1
2023-05-26,46.9,129,Unhealthy for Sensitive Groups,27.9,79.0,10.36,1005.64,1.3,437.29,4529.6,Pre-monsoon,0,5,4,1,66.9,67.2,49.6,57.76,67.3,US Embassy station (reference-grade),1
2023-05-27,66.0,158,Unhealthy,26.73,84.75,9.24,1005.12,10.7,461.88,4266.6,Pre-monsoon,0,5,5,1,46.9,66.9,67.2,59.0,66.7,US Embassy station (reference-grade),1
2023-05-28,86.2,173,Unhealthy,28.16,75.12,4.97,1005.6,0.0,447.71,2223.6,Pre-monsoon,0,5,6,0,66.0,46.9,66.9,63.29,67.87,US Embassy station (reference-grade),1
2023-05-29,95.8,179,Unhealthy,29.38,68.58,6.04,1006.2,0.0,476.25,2877.3,Pre-monsoon,0,5,0,0,86.2,66.0,46.9,68.37,68.33,US Embassy station (reference-grade),1
2023-05-30,104.0,185,Unhealthy,30.55,66.46,5.08,1005.28,0.0,523.75,2662.4,Pre-monsoon,0,5,1,0,95.8,86.2,66.0,76.14,69.58,US Embassy station (reference-grade),1
2023-05-31,100.0,182,Unhealthy,31.48,65.46,5.38,1003.5,0.2,547.29,2941.7,Pre-monsoon,0,5,2,0,104.0,95.8,86.2,80.83,71.28,US Embassy station (reference-grade),1
2023-06-01,75.0,165,Unhealthy,31.46,71.58,10.26,1001.97,2.7,479.58,4921.7,Monsoon,0,6,3,0,100.0,104.0,95.8,81.99,71.4,US Embassy station (reference-grade),1
2023-06-02,71.3,162,Unhealthy,32.22,66.33,14.1,1001.97,0.1,602.92,8498.6,Monsoon,0,6,4,1,75.0,100.0,104.0,85.47,71.5,US Embassy station (reference-grade),1
2023-06-03,68.0,160,Unhealthy,31.65,69.54,13.34,1003.21,1.2,618.33,8247.0,Monsoon,0,6,5,1,71.3,75.0,100.0,85.76,71.78,US Embassy station (reference-grade),1
2023-06-04,72.2,163,Unhealthy,32.08,69.04,10.11,1003.02,2.0,607.08,6139.1,Monsoon,0,6,6,0,68.0,71.3,75.0,83.76,72.23,US Embassy station (reference-grade),1
2023-06-05,75.3,165,Unhealthy,33.09,61.58,7.2,1001.63,0.0,571.88,4115.1,Monsoon,0,6,0,0,72.2,68.0,71.3,80.83,72.53,US Embassy station (reference-grade),1
2023-06-06,84.7,171,Unhealthy,33.82,59.04,7.17,1000.27,0.1,524.38,3758.0,Monsoon,0,6,1,0,75.3,72.2,68.0,78.07,73.06,US Embassy station (reference-grade),1
2023-06-07,92.8,177,Unhealthy,31.86,70.54,5.48,999.98,6.5,470.83,2581.7,Monsoon,0,6,2,0,84.7,75.3,72.2,77.04,73.46,US Embassy station (reference-grade),1
2023-06-08,83.4,171,Unhealthy,30.11,79.58,8.01,999.9,1.4,296.88,2378.7,Monsoon,0,6,3,0,92.8,84.7,75.3,78.24,72.74,US Embassy station (reference-grade),1
2023-06-09,66.4,159,Unhealthy,29.06,83.83,7.48,998.82,15.1,303.75,2270.5,Monsoon,0,6,4,1,83.4,92.8,84.7,77.54,72.31,US Embassy station (reference-grade),1
2023-06-10,67.0,159,Unhealthy,28.52,82.17,7.03,998.03,3.4,355.83,2501.2,Monsoon,0,6,5,1,66.4,83.4,92.8,77.4,72.52,US Embassy station (reference-grade),1
2023-06-11,59.9,154,Unhealthy,29.15,78.96,11.22,997.93,0.6,472.92,5308.5,Monsoon,0,6,6,0,67.0,66.4,83.4,75.64,70.82,US Embassy station (reference-grade),1
2023-06-12,73.7,164,Unhealthy,29.87,78.96,13.03,998.26,0.3,491.25,6402.6,Monsoon,0,6,0,0,59.9,67.0,66.4,75.41,70.28,US Embassy station (reference-grade),1
2023-06-13,80.5,169,Unhealthy,30.42,78.58,15.0,997.52,10.7,582.92,8741.3,Monsoon,0,6,1,0,73.7,59.9,67.0,74.81,71.35,US Embassy station (reference-grade),1
2023-06-14,58.3,153,Unhealthy,30.92,80.5,20.79,997.34,3.8,794.38,16513.1,Monsoon,0,6,2,0,80.5,73.7,59.9,69.89,72.2,US Embassy station (reference-grade),1
2023-06-15,51.4,140,Unhealthy for Sensitive Groups,31.2,78.5,23.97,998.22,20.5,845.0,20251.8,Monsoon,0,6,3,0,58.3,80.5,73.7,65.31,71.51,US Embassy station (reference-grade),1
2023-06-16,45.5,126,Unhealthy for Sensitive Groups,31.15,78.79,23.69,998.65,56.2,862.5,20434.1,Monsoon,0,6,4,1,51.4,58.3,80.5,62.33,70.45,US Embassy station (reference-grade),1
2023-06-17,40.3,113,Unhealthy for Sensitive Groups,31.09,76.04,22.57,1000.52,7.7,889.58,20078.6,Monsoon,0,6,5,1,45.5,51.4,58.3,58.51,69.82,US Embassy station (reference-grade),1
2023-06-18,51.3,140,Unhealthy for Sensitive Groups,29.56,81.67,17.12,1002.02,10.6,703.75,12051.7,Monsoon,0,6,6,0,40.3,45.5,51.4,57.29,69.11,US Embassy station (reference-grade),1
2023-06-19,48.4,133,Unhealthy for Sensitive Groups,29.78,80.17,17.6,1001.54,7.4,581.04,10228.8,Monsoon,0,6,0,0,51.3,40.3,45.5,53.67,68.81,US Embassy station (reference-grade),1
2023-06-20,57.5,152,Unhealthy,29.52,79.75,16.44,1001.43,5.4,632.29,10393.3,Monsoon,0,6,1,0,48.4,51.3,40.3,50.39,68.86,US Embassy station (reference-grade),1
2023-06-21,53.9,146,Unhealthy for Sensitive Groups,29.27,82.71,15.84,1001.98,19.2,598.33,9478.6,Monsoon,0,6,2,0,57.5,48.4,51.3,49.76,68.65,US Embassy station (reference-grade),1
2023-06-22,44.4,123,Unhealthy for Sensitive Groups,29.07,81.62,13.39,1002.23,7.6,495.83,6640.0,Monsoon,0,6,3,0,53.9,57.5,48.4,48.76,68.47,US Embassy station (reference-grade),1
2023-06-23,40.8,114,Unhealthy for Sensitive Groups,28.44,83.38,14.04,1001.55,7.7,605.21,8498.1,Monsoon,0,6,4,1,44.4,53.9,57.5,48.09,67.59,US Embassy station (reference-grade),1
2023-06-24,29.9,90,Moderate,29.29,77.92,17.38,1000.4,1.2,680.83,11829.5,Monsoon,0,6,5,1,40.8,44.4,53.9,46.6,66.36,US Embassy station (reference-grade),1
2023-06-25,30.9,92,Moderate,29.06,78.08,19.62,1001.15,3.2,793.96,15581.4,Monsoon,0,6,6,0,29.9,40.8,44.4,43.69,65.83,US Embassy station (reference-grade),1
2023-06-26,26.8,84,Moderate,28.16,82.17,19.28,1001.24,8.3,737.71,14225.5,Monsoon,0,6,0,0,30.9,29.9,40.8,40.6,64.52,US Embassy station (reference-grade),1
2023-06-27,25.7,82,Moderate,26.38,91.0,17.55,1002.04,34.1,537.08,9428.1,Monsoon,0,6,1,0,26.8,30.9,29.9,36.06,62.5,US Embassy station (reference-grade),1
2023-06-28,23.5,78,Moderate,26.93,90.04,15.97,1004.13,28.1,555.0,8863.8,Monsoon,0,6,2,0,25.7,26.8,30.9,31.71,60.09,US Embassy station (reference-grade),1
2023-06-29,25.9,82,Moderate,26.92,90.62,13.64,1003.97,40.9,488.96,6670.2,Monsoon,0,6,3,0,23.5,25.7,26.8,29.07,57.49,US Embassy station (reference-grade),1
2023-06-30,18.5,69,Moderate,27.85,88.67,12.46,1002.92,24.1,481.88,6005.4,Monsoon,0,6,4,1,25.9,23.5,25.7,25.89,54.77,US Embassy station (reference-grade),1
2023-07-01,22.3,76,Moderate,27.85,90.17,10.17,1002.61,29.8,424.79,4320.5,Monsoon,0,7,5,1,18.5,25.9,23.5,24.8,53.02,US Embassy station (reference-grade),1
2023-07-02,27.1,85,Moderate,28.62,87.79,10.25,1002.17,9.1,405.21,4151.7,Monsoon,0,7,6,0,22.3,18.5,25.9,24.26,51.54,US Embassy station (reference-grade),1
2023-07-03,34.3,98,Moderate,29.02,87.46,9.82,1002.05,5.9,409.38,4022.1,Monsoon,0,7,0,0,27.1,22.3,18.5,25.33,50.42,US Embassy station (reference-grade),1
2023-07-04,26.2,83,Moderate,29.91,81.54,9.22,1001.02,0.8,494.38,4560.6,Monsoon,0,7,1,0,34.3,27.1,22.3,25.4,48.89,US Embassy station (reference-grade),1
2023-07-05,20.7,73,Moderate,29.04,83.5,12.27,1000.39,12.2,646.46,7932.6,Monsoon,0,7,2,0,26.2,34.3,27.1,25.0,47.07,US Embassy station (reference-grade),1
2023-07-06,26.6,84,Moderate,28.64,82.33,19.09,1002.11,4.6,759.79,14502.5,Monsoon,0,7,3,0,20.7,26.2,34.3,25.1,45.13,US Embassy station (reference-grade),1
2023-07-07,26.4,83,Moderate,28.3,83.96,16.84,1003.93,8.0,634.58,10687.4,Monsoon,0,7,4,1,26.6,20.7,26.2,26.23,42.92,US Embassy station (reference-grade),1
2023-07-08,27.3,85,Moderate,28.8,82.79,14.82,1004.38,8.1,644.58,9553.3,Monsoon,0,7,5,1,26.4,26.6,20.7,26.94,41.05,US Embassy station (reference-grade),1
2023-07-09,43.8,121,Unhealthy for Sensitive Groups,28.96,83.12,10.62,1003.36,11.3,460.62,4890.3,Monsoon,0,7,6,0,27.3,26.4,26.6,29.33,40.29,US Embassy station (reference-grade),1
2023-07-10,35.6,101,Unhealthy for Sensitive Groups,28.86,86.12,12.2,1002.83,5.5,502.5,6132.6,Monsoon,0,7,0,0,43.8,27.3,26.4,29.51,39.25,US Embassy station (reference-grade),1
2023-07-11,29.4,89,Moderate,28.97,82.5,15.26,1002.92,3.6,658.75,10054.2,Monsoon,0,7,1,0,35.6,43.8,27.3,29.97,38.23,US Embassy station (reference-grade),1
2023-07-12,24.0,79,Moderate,28.85,82.21,15.18,1003.36,2.3,690.42,10482.8,Monsoon,0,7,2,0,29.4,35.6,43.8,30.44,36.57,US Embassy station (reference-grade),1
2023-07-13,39.3,110,Unhealthy for Sensitive Groups,28.59,83.21,14.56,1003.38,4.1,607.5,8846.7,Monsoon,0,7,3,0,24.0,29.4,35.6,32.26,35.2,US Embassy station (reference-grade),1
2023-07-14,35.7,101,Unhealthy for Sensitive Groups,28.39,84.46,11.93,1002.75,2.7,514.38,6136.1,Monsoon,0,7,4,1,39.3,24.0,29.4,33.59,34.45,US Embassy station (reference-grade),1
2023-07-15,27.6,85,Moderate,28.49,81.29,17.58,1001.75,1.2,665.83,11707.6,Monsoon,0,7,5,1,35.7,39.3,24.0,33.63,33.65,US Embassy station (reference-grade),1
2023-07-16,36.6,104,Unhealthy for Sensitive Groups,28.66,80.83,17.34,1001.05,2.0,650.62,11280.2,Monsoon,0,7,6,0,27.6,35.7,39.3,32.6,33.36,US Embassy station (reference-grade),1
2023-07-17,37.0,105,Unhealthy for Sensitive Groups,28.15,84.29,10.82,1000.45,5.3,552.71,5983.1,Monsoon,0,7,0,0,36.6,27.6,35.7,32.8,33.25,US Embassy station (reference-grade),1
2023-07-18,36.7,104,Unhealthy for Sensitive Groups,29.55,80.67,11.09,999.76,6.2,556.46,6172.1,Monsoon,0,7,1,0,37.0,36.6,27.6,33.84,32.76,US Embassy station (reference-grade),1
2023-07-19,30.0,90,Moderate,29.99,77.17,14.4,998.94,0.5,720.0,10365.0,Monsoon,0,7,2,0,36.7,37.0,36.6,34.7,32.15,US Embassy station (reference-grade),1
2023-07-20,30.9,92,Moderate,30.32,75.88,14.08,999.14,0.9,722.71,10172.1,Monsoon,0,7,3,0,30.0,36.7,37.0,33.5,31.26,US Embassy station (reference-grade),1
2023-07-21,26.3,83,Moderate,29.87,78.0,14.47,1002.19,9.2,717.92,10388.9,Monsoon,0,7,4,1,30.9,30.0,36.7,32.16,30.34,US Embassy station (reference-grade),1
2023-07-22,36.3,103,Unhealthy for Sensitive Groups,30.24,75.5,14.32,1005.15,1.7,755.42,10815.0,Monsoon,0,7,5,1,26.3,30.9,30.0,33.4,30.07,US Embassy station (reference-grade),1
2023-07-23,36.4,103,Unhealthy for Sensitive Groups,30.55,76.29,10.25,1004.82,0.3,579.79,5942.9,Monsoon,0,7,6,0,36.3,26.3,30.9,33.37,29.92,US Embassy station (reference-grade),1
2023-07-24,39.0,110,Unhealthy for Sensitive Groups,30.63,73.58,8.91,1002.72,0.3,478.75,4266.9,Monsoon,0,7,0,0,36.4,36.3,26.3,33.66,30.23,US Embassy station (reference-grade),1
2023-07-25,30.2,90,Moderate,30.66,74.58,10.98,1002.88,0.8,587.29,6445.5,Monsoon,0,7,1,0,39.0,36.4,36.3,32.73,30.2,US Embassy station (reference-grade),1
2023-07-26,26.9,84,Moderate,29.49,78.67,15.19,1003.52,9.4,734.79,11159.6,Monsoon,0,7,2,0,30.2,39.0,36.4,32.29,30.21,US Embassy station (reference-grade),1
2023-07-27,31.6,93,Moderate,29.42,79.0,15.79,1002.62,4.7,660.83,10432.9,Monsoon,0,7,3,0,26.9,30.2,39.0,32.39,30.4,US Embassy station (reference-grade),1
2023-07-28,38.5,108,Unhealthy for Sensitive Groups,29.84,77.25,15.07,1000.0,1.6,724.38,10916.9,Monsoon,0,7,4,1,31.6,26.9,30.2,34.13,30.9,US Embassy station (reference-grade),1
2023-07-29,33.3,96,Moderate,29.75,78.33,14.09,998.67,2.8,595.83,8393.8,Monsoon,0,7,5,1,38.5,31.6,26.9,33.7,31.15,US Embassy station (reference-grade),1
2023-07-30,35.6,101,Unhealthy for Sensitive Groups,30.82,75.96,8.02,997.16,1.1,460.42,3692.9,Monsoon,0,7,6,0,33.3,38.5,31.6,33.59,31.72,US Embassy station (reference-grade),1
2023-07-31,47.5,131,Unhealthy for Sensitive Groups,30.89,79.38,6.68,995.6,20.5,355.21,2372.5,Monsoon,0,7,0,0,35.6,33.3,38.5,34.8,32.56,US Embassy station (reference-grade),1
2023-08-01,41.6,116,Unhealthy for Sensitive Groups,29.8,82.79,15.56,993.59,14.9,712.08,11078.8,Monsoon,0,8,1,0,47.5,35.6,33.3,36.43,33.04,US Embassy station (reference-grade),1
2023-08-02,16.6,65,Moderate,28.54,83.46,23.69,996.17,7.4,733.12,17369.0,Monsoon,0,8,2,0,41.6,47.5,35.6,34.96,32.45,US Embassy station (reference-grade),1
2023-08-03,32.9,95,Moderate,27.93,87.0,16.06,998.95,14.7,464.38,7457.1,Monsoon,0,8,3,0,16.6,41.6,47.5,35.14,32.68,US Embassy station (reference-grade),1
2023-08-04,49.0,134,Unhealthy for Sensitive Groups,28.24,86.46,13.68,1001.79,14.5,420.42,5749.2,Monsoon,0,8,4,1,32.9,16.6,41.6,36.64,33.62,US Embassy station (reference-grade),1
2023-08-05,43.5,121,Unhealthy for Sensitive Groups,28.81,83.75,13.86,1002.48,7.1,515.21,7139.9,Monsoon,0,8,5,1,49.0,32.9,16.6,38.1,34.18,US Embassy station (reference-grade),1
2023-08-06,41.3,115,Unhealthy for Sensitive Groups,27.47,90.62,13.96,999.52,25.0,518.33,7235.1,Monsoon,0,8,6,0,43.5,49.0,32.9,38.91,34.68,US Embassy station (reference-grade),1
2023-08-07,50.3,137,Unhealthy for Sensitive Groups,26.48,94.75,10.86,996.58,55.6,455.83,4949.6,Monsoon,0,8,0,0,41.3,43.5,49.0,39.31,35.45,US Embassy station (reference-grade),1
2023-08-08,43.2,120,Unhealthy for Sensitive Groups,27.14,91.46,12.54,998.5,24.9,445.62,5587.0,Monsoon,0,8,1,0,50.3,41.3,43.5,39.54,35.43,US Embassy station (reference-grade),1
2023-08-09,52.9,144,Unhealthy for Sensitive Groups,28.48,84.71,10.03,1002.41,0.4,397.71,3990.3,Monsoon,0,8,2,0,43.2,50.3,41.3,44.73,36.0,US Embassy station (reference-grade),1
2023-08-10,91.4,176,Unhealthy,28.74,84.67,8.88,1003.58,1.0,374.58,3324.4,Monsoon,0,8,3,0,52.9,43.2,50.3,53.09,38.07,US Embassy station (reference-grade),1
2023-08-11,71.8,162,Unhealthy,28.47,85.58,10.39,1003.11,19.8,421.67,4380.1,Monsoon,0,8,4,1,91.4,52.9,43.2,56.34,39.66,US Embassy station (reference-grade),1
2023-08-12,62.3,156,Unhealthy,27.86,89.38,11.39,1001.41,18.4,449.58,5119.6,Monsoon,0,8,5,1,71.8,91.4,52.9,59.03,40.43,US Embassy station (reference-grade),1
2023-08-13,46.0,127,Unhealthy for Sensitive Groups,27.75,89.92,7.19,1002.15,14.8,266.04,1912.2,Monsoon,0,8,6,0,62.3,71.8,91.4,59.7,40.77,US Embassy station (reference-grade),1
2023-08-14,69.6,161,Unhealthy,28.28,87.75,5.38,1002.92,4.9,305.62,1642.7,Monsoon,0,8,0,0,46.0,62.3,71.8,62.46,42.17,US Embassy station (reference-grade),1
2023-08-15,76.6,166,Unhealthy,29.18,84.42,6.42,1002.63,1.3,372.08,2387.5,Monsoon,0,8,1,0,69.6,46.0,62.3,67.23,43.51,US Embassy station (reference-grade),1
2023-08-16,86.3,173,Unhealthy,28.81,87.96,6.41,1002.18,27.7,335.0,2146.8,Monsoon,0,8,2,0,76.6,69.6,46.0,72.0,45.15,US Embassy station (reference-grade),1
2023-08-17,61.2,155,Unhealthy,29.86,82.17,6.93,1001.41,1.8,408.33,2831.1,Monsoon,0,8,3,0,86.3,76.6,69.6,67.69,45.97,US Embassy station (reference-grade),1
2023-08-18,33.0,96,Moderate,29.42,78.88,15.12,1002.31,1.8,756.67,11441.4,Monsoon,0,8,4,1,61.2,86.3,76.6,62.14,46.07,US Embassy station (reference-grade),1
2023-08-19,33.9,97,Moderate,29.18,80.0,14.95,1003.9,1.5,686.25,10256.6,Monsoon,0,8,5,1,33.0,61.2,86.3,58.09,46.17,US Embassy station (reference-grade),1
2023-08-20,42.0,117,Unhealthy for Sensitive Groups,29.41,81.21,8.67,1004.34,0.4,507.5,4400.4,Monsoon,0,8,6,0,33.9,33.0,61.2,57.51,46.69,US Embassy station (reference-grade),1
2023-08-21,47.3,130,Unhealthy for Sensitive Groups,30.02,76.04,9.85,1003.25,0.2,558.54,5501.6,Monsoon,0,8,0,0,42.0,33.9,33.0,54.33,47.06,US Embassy station (reference-grade),1
2023-08-22,41.2,115,Unhealthy for Sensitive Groups,28.41,86.38,11.89,1003.36,2.4,471.88,5609.4,Monsoon,0,8,1,0,47.3,42.0,33.9,49.27,47.22,US Embassy station (reference-grade),1
2023-08-23,37.8,107,Unhealthy for Sensitive Groups,27.7,86.71,11.53,1002.32,9.4,476.67,5497.6,Monsoon,0,8,2,0,41.2,47.3,42.0,42.34,47.18,US Embassy station (reference-grade),1
2023-08-24,39.0,110,Unhealthy for Sensitive Groups,27.63,87.88,11.88,999.87,10.5,391.46,4650.2,Monsoon,0,8,3,0,37.8,41.2,47.3,39.17,47.47,US Embassy station (reference-grade),1
2023-08-25,52.8,144,Unhealthy for Sensitive Groups,26.91,91.96,10.04,999.48,34.6,374.38,3757.8,Monsoon,0,8,4,1,39.0,37.8,41.2,42.0,48.33,US Embassy station (reference-grade),1
2023-08-26,39.7,111,Unhealthy for Sensitive Groups,28.03,85.83,13.15,1000.09,11.0,516.25,6788.7,Monsoon,0,8,5,1,52.8,39.0,37.8,42.83,48.6,US Embassy station (reference-grade),1
2023-08-27,52.9,144,Unhealthy for Sensitive Groups,28.12,87.71,10.87,1000.24,18.2,488.33,5306.6,Monsoon,0,8,6,0,39.7,52.8,39.0,44.39,49.08,US Embassy station (reference-grade),1
2023-08-28,70.9,162,Unhealthy,28.7,85.08,7.94,1000.91,1.2,439.17,3485.9,Monsoon,0,8,0,0,52.9,39.7,52.8,47.76,50.34,US Embassy station (reference-grade),1
2023-08-29,86.0,172,Unhealthy,29.35,80.04,5.17,1001.75,0.5,370.62,1914.9,Monsoon,0,8,1,0,70.9,52.9,39.7,54.16,52.02,US Embassy station (reference-grade),1
2023-08-30,123.0,198,Unhealthy,30.7,72.0,5.34,1002.58,0.0,397.29,2120.5,Monsoon,0,8,2,0,86.0,70.9,52.9,66.33,54.53,US Embassy station (reference-grade),1
2023-08-31,127.0,202,Very Unhealthy,29.93,80.29,5.87,1003.65,1.2,402.71,2362.6,Monsoon,0,8,3,0,123.0,86.0,70.9,78.9,57.38,US Embassy station (reference-grade),1
2023-09-01,87.0,173,Unhealthy,29.58,85.71,7.0,1003.73,1.7,366.88,2569.7,Monsoon,0,9,4,1,127.0,123.0,86.0,83.79,59.73,US Embassy station (reference-grade),1
2023-09-02,89.7,175,Unhealthy,29.3,87.0,5.31,1002.38,2.1,406.88,2161.5,Monsoon,0,9,5,1,87.0,127.0,123.0,90.93,61.62,US Embassy station (reference-grade),1
2023-09-03,64.0,157,Unhealthy,29.2,85.58,5.85,1000.73,3.8,371.25,2171.8,Monsoon,0,9,6,0,89.7,87.0,127.0,92.51,62.12,US Embassy station (reference-grade),1
2023-09-04,55.2,150,Unhealthy for Sensitive Groups,29.26,82.62,7.12,1000.45,1.1,434.79,3096.1,Monsoon,0,9,0,0,64.0,89.7,87.0,90.27,62.51,US Embassy station (reference-grade),1
2023-09-05,52.3,142,Unhealthy for Sensitive Groups,30.14,80.17,7.38,1000.45,4.3,436.67,3220.4,Monsoon,0,9,1,0,55.2,64.0,89.7,85.46,62.88,US Embassy station (reference-grade),1
2023-09-06,46.9,129,Unhealthy for Sensitive Groups,29.72,82.71,7.71,1002.02,2.8,525.62,4053.9,Monsoon,0,9,2,0,52.3,55.2,64.0,74.59,62.76,US Embassy station (reference-grade),1
2023-09-07,25.8,82,Moderate,28.42,83.08,15.38,1002.98,5.5,737.29,11342.0,Monsoon,0,9,3,0,46.9,52.3,55.2,60.13,62.18,US Embassy station (reference-grade),1
2023-09-08,31.1,92,Moderate,27.25,88.71,15.54,1004.25,24.0,522.92,8127.0,Monsoon,0,9,4,1,25.8,46.9,52.3,52.14,61.46,US Embassy station (reference-grade),1
2023-09-09,41.1,115,Unhealthy for Sensitive Groups,29.12,80.33,8.21,1003.83,0.5,437.71,3592.9,Monsoon,0,9,5,1,31.1,25.8,46.9,45.2,59.78,US Embassy station (reference-grade),1
2023-09-10,53.8,146,Unhealthy for Sensitive Groups,29.6,83.29,4.9,1001.52,7.1,415.0,2033.5,Monsoon,0,9,6,0,41.1,31.1,25.8,43.74,59.18,US Embassy station (reference-grade),1
2023-09-11,73.1,163,Unhealthy,29.25,85.08,4.93,1000.68,16.6,361.67,1782.7,Monsoon,0,9,0,0,53.8,41.1,31.1,46.3,59.54,US Embassy station (reference-grade),1
2023-09-12,45.7,126,Unhealthy for Sensitive Groups,28.19,88.83,7.49,1001.12,14.0,365.62,2737.6,Monsoon,0,9,1,0,73.1,53.8,41.1,45.36,59.53,US Embassy station (reference-grade),1
2023-09-13,42.2,117,Unhealthy for Sensitive Groups,28.92,81.96,11.65,1000.95,4.8,641.25,7470.6,Monsoon,0,9,2,0,45.7,73.1,53.8,44.69,58.62,US Embassy station (reference-grade),1
2023-09-14,22.8,77,Moderate,28.26,83.29,17.48,1002.78,5.8,793.54,13870.4,Monsoon,0,9,3,0,42.2,45.7,73.1,44.26,56.82,US Embassy station (reference-grade),1
2023-09-15,35.2,100,Moderate,28.48,83.67,13.2,1004.76,6.7,502.92,6636.4,Monsoon,0,9,4,1,22.8,42.2,45.7,44.84,55.12,US Embassy station (reference-grade),1
2023-09-16,49.5,135,Unhealthy for Sensitive Groups,29.41,82.0,6.04,1004.28,0.0,436.04,2632.6,Monsoon,0,9,5,1,35.2,22.8,42.2,46.04,54.73,US Embassy station (reference-grade),1
2023-09-17,55.5,151,Unhealthy,30.01,82.08,5.45,1002.13,7.0,390.42,2126.1,Monsoon,0,9,6,0,49.5,35.2,22.8,46.29,55.48,US Embassy station (reference-grade),1
2023-09-18,39.3,110,Unhealthy for Sensitive Groups,27.86,87.29,8.77,1002.57,4.0,347.08,3042.8,Monsoon,0,9,0,0,55.5,49.5,35.2,41.46,55.66,US Embassy station (reference-grade),1
2023-09-19,27.9,86,Moderate,26.88,89.67,12.66,1004.67,14.1,643.33,8146.2,Monsoon,0,9,1,0,39.3,55.5,49.5,38.91,55.19,US Embassy station (reference-grade),1
2023-09-20,20.9,73,Moderate,27.11,88.38,16.27,1005.14,17.1,718.33,11684.9,Monsoon,0,9,2,0,27.9,39.3,55.5,35.87,54.31,US Embassy station (reference-grade),1
2023-09-21,35.0,99,Moderate,27.25,87.75,16.03,1006.34,11.9,710.62,11387.8,Monsoon,0,9,3,0,20.9,27.9,39.3,37.61,54.1,US Embassy station (reference-grade),1
2023-09-22,29.8,90,Moderate,27.24,87.88,13.36,1006.78,17.9,535.21,7149.5,Monsoon,0,9,4,1,35.0,20.9,27.9,36.84,53.84,US Embassy station (reference-grade),1
2023-09-23,30.9,92,Moderate,27.5,87.71,11.37,1006.82,14.5,498.33,5666.5,Monsoon,0,9,5,1,29.8,35.0,20.9,34.19,53.57,US Embassy station (reference-grade),1
2023-09-24,46.3,128,Unhealthy for Sensitive Groups,28.03,85.92,10.95,1005.49,1.7,429.79,4706.2,Monsoon,0,9,6,0,30.9,29.8,35.0,32.87,53.35,US Embassy station (reference-grade),1
2023-09-25,36.7,104,Unhealthy for Sensitive Groups,27.7,87.08,5.61,1005.12,8.9,433.12,2429.1,Monsoon,0,9,0,0,46.3,30.9,29.8,32.5,53.25,US Embassy station (reference-grade),1
2023-09-26,52.0,142,Unhealthy for Sensitive Groups,29.27,80.62,4.56,1005.05,0.0,382.08,1743.3,Monsoon,0,9,1,0,36.7,46.3,30.9,35.94,53.22,US Embassy station (reference-grade),1
2023-09-27,71.2,162,Unhealthy,29.85,79.12,3.58,1004.3,0.2,361.88,1295.2,Monsoon,0,9,2,0,52.0,36.7,46.3,43.13,53.23,US Embassy station (reference-grade),1
2023-09-28,66.9,159,Unhealthy,30.61,78.58,6.02,1002.89,0.0,410.83,2471.8,Monsoon,0,9,3,0,71.2,52.0,36.7,47.69,52.59,US Embassy station (reference-grade),1
2023-09-29,49.6,136,Unhealthy for Sensitive Groups,29.53,84.5,5.89,1002.47,21.1,371.67,2188.2,Monsoon,0,9,4,1,66.9,71.2,52.0,50.51,50.15,US Embassy station (reference-grade),1
2023-09-30,39.5,111,Unhealthy for Sensitive Groups,27.62,86.88,13.34,1003.68,28.2,612.71,8174.6,Monsoon,0,9,5,1,49.6,66.9,71.2,51.74,47.23,US Embassy station (reference-grade),1
2023-10-01,32.3,94,Moderate,28.3,83.21,13.91,1002.94,1.5,661.88,9208.3,Post-monsoon,0,10,6,0,39.5,49.6,66.9,49.74,45.41,US Embassy station (reference-grade),1
2023-10-02,33.0,96,Moderate,27.98,84.29,12.41,1004.15,2.7,569.58,7070.0,Post-monsoon,0,10,0,0,32.3,39.5,49.6,49.21,43.52,US Embassy station (reference-grade),1
2023-10-03,31.3,92,Moderate,27.34,86.04,15.45,1005.43,7.1,540.42,8347.2,Post-monsoon,0,10,1,0,33.0,32.3,39.5,46.26,42.43,US Embassy station (reference-grade),1
2023-10-04,23.6,78,Moderate,26.45,90.96,16.53,1005.97,29.5,591.46,9778.8,Post-monsoon,0,10,2,0,31.3,33.0,32.3,39.46,41.37,US Embassy station (reference-grade),1
2023-10-05,33.3,96,Moderate,26.38,92.12,16.47,1004.17,50.2,627.08,10326.0,Post-monsoon,0,10,3,0,23.6,31.3,33.0,34.66,40.74,US Embassy station (reference-grade),1
2023-10-06,41.2,115,Unhealthy for Sensitive Groups,26.61,91.08,16.41,1003.11,48.4,653.12,10716.7,Post-monsoon,0,10,4,1,33.3,23.6,31.3,33.46,40.55,US Embassy station (reference-grade),1
2023-10-07,58.4,153,Unhealthy,26.72,88.96,8.25,1005.17,40.5,334.58,2758.9,Post-monsoon,0,10,5,1,41.2,33.3,23.6,36.16,41.64,US Embassy station (reference-grade),1
2023-10-08,54.8,149,Unhealthy for Sensitive Groups,27.51,87.71,7.74,1006.65,0.3,348.75,2698.5,Post-monsoon,0,10,6,0,58.4,41.2,33.3,39.37,42.43,US Embassy station (reference-grade),1
2023-10-09,65.2,158,Unhealthy,27.53,88.08,6.13,1007.83,2.4,410.83,2519.8,Post-monsoon,0,10,0,0,54.8,58.4,41.2,43.97,43.23,US Embassy station (reference-grade),1
2023-10-10,88.8,174,Unhealthy,27.93,85.5,5.28,1008.1,0.4,334.38,1765.2,Post-monsoon,0,10,1,0,65.2,54.8,58.4,52.19,44.4,US Embassy station (reference-grade),1
2023-10-11,163.0,238,Very Unhealthy,28.46,81.46,5.98,1007.91,0.3,354.17,2119.1,Post-monsoon,0,10,2,0,88.8,65.2,54.8,72.1,47.39,US Embassy station (reference-grade),1
2023-10-12,126.0,201,Very Unhealthy,27.78,84.75,5.28,1009.83,4.4,442.92,2336.4,Post-monsoon,0,10,3,0,163.0,88.8,65.2,85.34,50.07,US Embassy station (reference-grade),1
2023-10-13,90.8,176,Unhealthy,27.73,74.83,6.43,1010.79,0.0,511.04,3285.6,Post-monsoon,0,10,4,1,126.0,163.0,88.8,92.43,51.69,US Embassy station (reference-grade),1
2023-10-14,108.0,188,Unhealthy,27.15,74.25,6.81,1010.12,0.0,426.25,2903.8,Post-monsoon,0,10,5,1,90.8,126.0,163.0,99.51,54.53,US Embassy station (reference-grade),1
2023-10-15,127.0,202,Very Unhealthy,27.13,75.92,5.09,1008.66,0.0,408.12,2076.3,Post-monsoon,0,10,6,0,108.0,90.8,126.0,109.83,57.59,US Embassy station (reference-grade),1
2023-10-16,111.0,190,Unhealthy,27.52,75.42,4.14,1009.55,0.0,339.17,1403.3,Post-monsoon,0,10,0,0,127.0,108.0,90.8,116.37,59.64,US Embassy station (reference-grade),1
2023-10-17,104.0,185,Unhealthy,27.36,70.54,4.4,1010.34,0.0,397.29,1746.4,Post-monsoon,0,10,1,0,111.0,127.0,108.0,118.54,61.26,US Embassy station (reference-grade),1
2023-10-18,148.0,223,Very Unhealthy,26.72,73.71,6.03,1010.91,0.0,373.12,2249.6,Post-monsoon,0,10,2,0,104.0,111.0,127.0,116.4,64.88,US Embassy station (reference-grade),1
2023-10-19,102.0,184,Unhealthy,26.61,72.83,8.06,1011.53,0.0,403.54,3251.9,Post-monsoon,0,10,3,0,148.0,104.0,111.0,112.97,67.35,US Embassy station (reference-grade),1
2023-10-20,73.9,164,Unhealthy,26.3,69.67,7.3,1011.92,0.0,417.08,3043.0,Post-monsoon,0,10,4,1,102.0,148.0,104.0,110.56,69.12,US Embassy station (reference-grade),1
2023-10-21,68.7,160,Unhealthy,26.11,71.83,6.2,1012.06,0.0,375.21,2326.3,Post-monsoon,0,10,5,1,73.9,102.0,148.0,104.94,70.24,US Embassy station (reference-grade),1
2023-10-22,71.1,162,Unhealthy,26.66,70.75,5.32,1011.87,0.0,322.71,1717.1,Post-monsoon,0,10,6,0,68.7,73.9,102.0,96.96,71.62,US Embassy station (reference-grade),1
2023-10-23,84.2,171,Unhealthy,26.45,80.58,5.89,1010.96,4.4,245.21,1444.7,Post-monsoon,0,10,0,0,71.1,68.7,73.9,93.13,73.39,US Embassy station (reference-grade),1
2023-10-24,45.6,126,Unhealthy for Sensitive Groups,25.67,84.38,8.13,1009.65,0.0,347.5,2824.9,Post-monsoon,0,10,1,0,84.2,71.1,68.7,84.79,73.37,US Embassy station (reference-grade),1
2023-10-25,40.7,114,Unhealthy for Sensitive Groups,26.82,76.29,7.93,1009.59,0.0,366.25,2904.1,Post-monsoon,0,10,2,0,45.6,84.2,71.1,69.46,73.5,US Embassy station (reference-grade),1
2023-10-26,77.3,166,Unhealthy,26.41,78.79,5.13,1011.05,0.5,394.38,2022.8,Post-monsoon,0,10,3,0,40.7,45.6,84.2,65.93,74.35,US Embassy station (reference-grade),1
2023-10-27,72.3,163,Unhealthy,26.0,75.17,6.82,1010.82,0.0,370.0,2525.2,Post-monsoon,0,10,4,1,77.3,40.7,45.6,65.7,74.38,US Embassy station (reference-grade),1
2023-10-28,86.4,173,Unhealthy,25.43,65.5,8.37,1011.18,0.0,426.25,3568.1,Post-monsoon,0,10,5,1,72.3,77.3,40.7,68.23,75.03,US Embassy station (reference-grade),1
2023-10-29,93.7,178,Unhealthy,24.97,68.62,7.05,1011.0,0.0,451.88,3183.8,Post-monsoon,0,10,6,0,86.4,72.3,77.3,71.46,76.5,US Embassy station (reference-grade),1
2023-10-30,99.0,181,Unhealthy,25.82,67.71,4.16,1011.5,0.0,448.75,1867.9,Post-monsoon,0,10,0,0,93.7,86.4,72.3,73.57,78.49,US Embassy station (reference-grade),1
2023-10-31,111.0,190,Unhealthy,26.94,64.96,4.49,1012.56,0.0,328.75,1476.6,Post-monsoon,0,10,1,0,99.0,93.7,86.4,82.91,81.11,US Embassy station (reference-grade),1
2023-11-01,107.0,187,Unhealthy,27.48,65.96,7.07,1012.58,0.0,346.88,2451.2,Post-monsoon,1,11,2,0,111.0,99.0,93.7,92.39,83.58,US Embassy station (reference-grade),1
2023-11-02,84.3,171,Unhealthy,27.05,67.88,6.86,1011.44,0.0,424.17,2910.8,Post-monsoon,1,11,3,0,107.0,111.0,99.0,93.39,85.34,US Embassy station (reference-grade),1
2023-11-03,97.0,180,Unhealthy,26.43,68.5,7.05,1010.02,0.0,425.21,2995.9,Post-monsoon,1,11,4,1,84.3,107.0,111.0,96.91,87.79,US Embassy station (reference-grade),1
2023-11-04,90.8,176,Unhealthy,26.16,69.92,6.3,1009.92,0.1,439.38,2766.2,Post-monsoon,1,11,5,1,97.0,84.3,107.0,97.54,89.71,US Embassy station (reference-grade),1
2023-11-05,107.0,187,Unhealthy,26.05,69.12,6.57,1011.88,0.0,446.67,2933.1,Post-monsoon,1,11,6,0,90.8,97.0,84.3,99.44,91.9,US Embassy station (reference-grade),1
2023-11-06,99.0,181,Unhealthy,25.05,61.25,8.52,1012.51,0.0,452.71,3859.3,Post-monsoon,1,11,0,0,107.0,90.8,97.0,99.44,93.25,US Embassy station (reference-grade),1
2023-11-07,99.5,182,Unhealthy,23.94,68.5,8.34,1011.9,0.0,466.25,3887.4,Post-monsoon,1,11,1,0,99.0,107.0,90.8,97.8,94.74,US Embassy station (reference-grade),1
2023-11-08,109.0,189,Unhealthy,24.06,69.38,7.82,1011.28,0.0,473.12,3698.3,Post-monsoon,1,11,2,0,99.5,99.0,107.0,98.09,96.2,US Embassy station (reference-grade),1
2023-11-09,128.0,203,Very Unhealthy,23.84,71.79,7.44,1011.88,0.0,431.67,3212.3,Post-monsoon,1,11,3,0,109.0,99.5,99.0,104.33,97.51,US Embassy station (reference-grade),1
2023-11-10,134.0,209,Very Unhealthy,23.78,68.54,8.11,1013.1,0.0,401.04,3253.5,Post-monsoon,1,11,4,1,128.0,109.0,99.5,109.61,96.54,US Embassy station (reference-grade),1
2023-11-11,103.0,184,Unhealthy,23.81,70.54,7.8,1013.3,0.0,404.17,3152.5,Post-monsoon,1,11,5,1,134.0,128.0,109.0,111.36,95.78,US Embassy station (reference-grade),1
2023-11-12,124.0,199,Unhealthy,23.89,71.5,7.57,1013.55,0.0,412.08,3119.8,Post-monsoon,1,11,6,0,103.0,134.0,128.0,113.79,96.88,US Embassy station (reference-grade),1
2023-11-13,125.0,200,Unhealthy,24.04,70.62,6.68,1013.5,0.0,388.96,2596.3,Post-monsoon,1,11,0,0,124.0,103.0,134.0,117.5,97.45,US Embassy station (reference-grade),1
2023-11-14,123.0,198,Unhealthy,24.2,69.08,6.86,1013.3,0.0,402.92,2765.0,Post-monsoon,1,11,1,0,125.0,124.0,103.0,120.86,97.32,US Embassy station (reference-grade),1
2023-11-15,96.6,180,Unhealthy,25.02,61.71,6.26,1013.52,0.0,352.08,2204.9,Post-monsoon,1,11,2,0,123.0,125.0,124.0,119.09,96.84,US Embassy station (reference-grade),1
2023-11-16,52.3,142,Unhealthy for Sensitive Groups,24.3,75.71,7.98,1014.38,4.3,228.54,1822.6,Post-monsoon,1,11,3,0,96.6,123.0,125.0,108.27,95.11,US Embassy station (reference-grade),1
2023-11-17,17.0,66,Moderate,22.05,91.38,17.0,1011.84,62.2,565.83,9616.8,Post-monsoon,1,11,4,1,52.3,96.6,123.0,91.56,90.75,US Embassy station (reference-grade),1
2023-11-18,41.0,115,Unhealthy for Sensitive Groups,22.8,80.79,9.11,1012.6,0.0,449.38,4093.1,Post-monsoon,1,11,5,1,17.0,52.3,96.6,82.7,88.71,US Embassy station (reference-grade),1
2023-11-19,76.0,165,Unhealthy,23.54,82.38,6.48,1013.79,0.1,305.42,1978.8,Post-monsoon,1,11,6,0,41.0,17.0,52.3,75.84,88.78,US Embassy station (reference-grade),1
2023-11-20,84.8,172,Unhealthy,23.72,78.42,5.58,1013.54,0.0,400.83,2238.0,Post-monsoon,1,11,0,0,76.0,41.0,17.0,70.1,89.32,US Embassy station (reference-grade),1
2023-11-21,120.0,196,Unhealthy,23.63,74.79,5.46,1012.19,0.0,330.83,1807.2,Post-monsoon,1,11,1,0,84.8,76.0,41.0,69.67,90.95,US Embassy station (reference-grade),1
2023-11-22,178.0,253,Very Unhealthy,22.3,72.5,7.73,1011.65,0.0,403.33,3119.1,Post-monsoon,1,11,2,0,120.0,84.8,76.0,81.3,94.08,US Embassy station (reference-grade),1
2023-11-23,189.0,264,Very Unhealthy,21.36,73.92,7.45,1011.21,0.0,381.67,2841.8,Post-monsoon,1,11,3,0,178.0,120.0,84.8,100.83,98.86,US Embassy station (reference-grade),1
2023-11-24,202.0,277,Very Unhealthy,22.09,73.42,4.86,1012.2,0.0,397.29,1930.2,Post-monsoon,1,11,4,1,189.0,178.0,120.0,127.26,104.23,US Embassy station (reference-grade),1
2023-11-25,162.0,237,Very Unhealthy,22.08,71.92,7.34,1013.94,0.0,387.5,2843.3,Post-monsoon,1,11,5,1,202.0,189.0,178.0,144.54,107.06,US Embassy station (reference-grade),1
2023-11-26,141.0,216,Very Unhealthy,22.09,73.17,6.6,1014.45,0.0,222.71,1468.9,Post-monsoon,1,11,6,0,162.0,202.0,189.0,153.83,109.35,US Embassy station (reference-grade),1
2023-11-27,76.9,166,Unhealthy,22.9,76.83,6.64,1013.5,0.0,164.17,1089.7,Post-monsoon,1,11,0,0,141.0,162.0,202.0,152.7,109.03,US Embassy station (reference-grade),1
2023-11-28,123.0,198,Unhealthy,24.23,72.79,4.12,1011.81,0.0,207.08,854.2,Post-monsoon,1,11,1,0,76.9,141.0,162.0,153.13,110.01,US Embassy station (reference-grade),1
2023-11-29,133.0,208,Very Unhealthy,23.72,76.08,4.19,1012.5,0.0,223.96,937.8,Post-monsoon,1,11,2,0,123.0,76.9,141.0,146.7,111.14,US Embassy station (reference-grade),1
2023-11-30,71.8,162,Unhealthy,22.63,77.79,7.38,1013.28,0.0,240.42,1773.1,Post-monsoon,1,11,3,0,133.0,123.0,76.9,129.96,109.83,US Embassy station (reference-grade),1
2023-12-01,119.0,196,Unhealthy,22.42,75.17,6.76,1012.71,0.0,243.12,1643.1,Winter,1,12,4,1,71.8,133.0,123.0,118.1,110.23,US Embassy station (reference-grade),1
2023-12-02,106.0,186,Unhealthy,22.65,73.71,7.32,1012.91,0.0,250.62,1834.8,Winter,1,12,5,1,119.0,71.8,133.0,110.1,110.96,US Embassy station (reference-grade),1
2023-12-03,102.0,184,Unhealthy,22.68,74.62,7.58,1013.18,0.0,228.96,1735.3,Winter,1,12,6,0,106.0,119.0,71.8,104.53,111.12,US Embassy station (reference-grade),1
2023-12-04,102.0,184,Unhealthy,22.2,79.29,6.56,1012.0,0.0,170.83,1120.4,Winter,1,12,0,0,102.0,106.0,119.0,108.11,111.5,US Embassy station (reference-grade),1
2023-12-05,128.0,203,Very Unhealthy,22.16,81.38,5.72,1012.12,1.2,85.0,485.9,Winter,1,12,1,0,102.0,102.0,106.0,108.83,112.2,US Embassy station (reference-grade),1
2023-12-06,116.0,193,Unhealthy,22.72,83.12,7.2,1013.31,2.3,197.5,1421.2,Winter,1,12,2,0,128.0,102.0,102.0,106.4,112.76,US Embassy station (reference-grade),1
2023-12-07,76.1,165,Unhealthy,20.28,91.67,9.33,1012.07,37.2,303.75,2832.5,Winter,1,12,3,0,116.0,128.0,102.0,107.01,111.98,US Embassy station (reference-grade),1
2023-12-08,35.2,100,Moderate,21.03,86.29,7.42,1010.53,1.3,313.33,2325.2,Winter,1,12,4,1,76.1,116.0,128.0,95.04,109.52,US Embassy station (reference-grade),1
2023-12-09,105.0,186,Unhealthy,20.59,82.25,8.82,1012.22,0.0,436.04,3846.3,Winter,1,12,5,1,35.2,76.1,116.0,94.9,108.76,US Embassy station (reference-grade),1
2023-12-10,158.0,233,Very Unhealthy,19.6,75.92,7.59,1011.69,0.0,413.54,3139.5,Winter,1,12,6,0,105.0,35.2,76.1,102.9,109.56,US Embassy station (reference-grade),1
2023-12-11,247.0,344,Hazardous,18.78,79.79,8.25,1012.64,0.0,391.46,3231.2,Winter,1,12,0,0,158.0,105.0,35.2,123.61,114.36,US Embassy station (reference-grade),1
2023-12-12,152.0,227,Very Unhealthy,19.54,81.58,5.59,1011.44,0.0,300.42,1679.8,Winter,1,12,1,0,247.0,158.0,105.0,127.04,115.29,US Embassy station (reference-grade),1
2023-12-13,236.0,322,Hazardous,19.02,76.5,8.0,1012.6,0.0,331.04,2647.0,Winter,1,12,2,0,152.0,247.0,158.0,144.19,118.99,US Embassy station (reference-grade),1
2023-12-14,241.0,332,Hazardous,17.52,73.33,8.07,1015.08,0.0,360.0,2904.0,Winter,1,12,3,0,236.0,152.0,247.0,167.74,122.92,US Embassy station (reference-grade),1
2023-12-15,240.0,330,Hazardous,17.68,76.04,8.44,1015.31,0.0,322.29,2719.3,Winter,1,12,4,1,241.0,236.0,152.0,197.0,127.7,US Embassy station (reference-grade),1
2023-12-16,185.0,260,Very Unhealthy,18.34,81.33,7.79,1013.85,0.0,312.92,2438.1,Winter,1,12,5,1,240.0,241.0,236.0,208.43,132.13,US Embassy station (reference-grade),1
2023-12-17,191.0,266,Very Unhealthy,18.22,79.38,6.95,1014.25,0.0,286.46,1990.9,Winter,1,12,6,0,185.0,240.0,241.0,213.14,137.93,US Embassy station (reference-grade),1
2023-12-18,175.0,250,Very Unhealthy,18.2,79.42,7.48,1014.79,0.0,294.79,2203.6,Winter,1,12,0,0,191.0,185.0,240.0,202.86,142.39,US Embassy station (reference-grade),1
2023-12-19,211.0,286,Very Unhealthy,18.52,77.88,7.9,1015.37,0.0,323.75,2556.3,Winter,1,12,1,0,175.0,191.0,185.0,211.29,146.89,US Embassy station (reference-grade),1
2023-12-20,164.0,239,Very Unhealthy,18.65,79.67,6.69,1014.45,0.0,305.21,2041.1,Winter,1,12,2,0,211.0,175.0,191.0,201.0,149.53,US Embassy station (reference-grade),1
2023-12-21,174.0,249,Very Unhealthy,19.1,79.96,6.28,1013.65,0.0,365.83,2298.7,Winter,1,12,3,0,164.0,211.0,175.0,191.43,151.33,US Embassy station (reference-grade),1
2023-12-22,189.0,264,Very Unhealthy,20.35,78.67,5.27,1013.98,0.0,325.0,1713.0,Winter,1,12,4,1,174.0,164.0,211.0,184.14,151.7,US Embassy station (reference-grade),1
2023-12-23,211.0,286,Very Unhealthy,19.85,81.83,5.69,1015.8,0.1,230.62,1311.7,Winter,1,12,5,1,189.0,174.0,164.0,187.86,152.43,US Embassy station (reference-grade),1
2023-12-24,180.0,255,Very Unhealthy,19.76,80.21,5.06,1016.75,0.0,263.33,1333.1,Winter,1,12,6,0,211.0,189.0,174.0,186.29,151.7,US Embassy station (reference-grade),1
2023-12-25,211.0,286,Very Unhealthy,20.72,75.17,5.6,1015.95,0.0,318.33,1782.7,Winter,1,12,0,0,180.0,211.0,189.0,191.43,153.33,US Embassy station (reference-grade),1
2023-12-26,198.0,273,Very Unhealthy,19.53,78.21,6.38,1016.12,0.0,272.71,1740.8,Winter,1,12,1,0,211.0,180.0,211.0,189.57,155.23,US Embassy station (reference-grade),1
2023-12-27,241.0,332,Hazardous,19.84,80.0,6.25,1016.45,0.0,273.75,1712.1,Winter,1,12,2,0,198.0,211.0,180.0,200.57,160.7,US Embassy station (reference-grade),1
2023-12-28,164.0,239,Very Unhealthy,20.1,75.67,6.22,1015.42,0.0,379.38,2358.4,Winter,1,12,3,0,241.0,198.0,211.0,199.14,162.07,US Embassy station (reference-grade),1
2023-12-29,179.0,254,Very Unhealthy,20.08,75.5,7.25,1015.2,0.0,356.67,2587.3,Winter,1,12,4,1,164.0,241.0,198.0,197.71,163.6,US Embassy station (reference-grade),1
2023-12-30,159.0,234,Very Unhealthy,20.14,76.75,7.22,1014.09,0.0,350.83,2534.8,Winter,1,12,5,1,179.0,164.0,241.0,190.29,166.51,US Embassy station (reference-grade),1
2023-12-31,186.0,261,Very Unhealthy,19.91,79.42,8.02,1014.25,0.0,327.92,2630.2,Winter,1,12,6,0,159.0,179.0,164.0,191.14,168.74,US Embassy station (reference-grade),1
2024-01-01,183.0,258,Very Unhealthy,19.19,81.92,8.03,1014.17,0.0,110.83,889.9,Winter,1,1,0,0,186.0,159.0,179.0,187.14,171.31,US Embassy station (reference-grade),1
2024-07-01,42.5,118,Unhealthy for Sensitive Groups,27.13,92.46,15.35,998.29,27.7,538.89,8274.2,Monsoon,0,7,0,0,33.5,35.9,25.3,37.01,45.85,US Embassy station (reference-grade),1
2024-07-02,50.0,137,Unhealthy for Sensitive Groups,27.27,90.88,11.39,997.41,27.4,439.58,5005.8,Monsoon,0,7,1,0,42.5,33.5,35.9,39.24,46.07,US Embassy station (reference-grade),1
2024-07-03,38.2,108,Unhealthy for Sensitive Groups,27.51,87.21,12.2,999.41,8.7,460.42,5617.1,Monsoon,0,7,2,0,50.0,42.5,33.5,36.89,46.15,US Embassy station (reference-grade),1
2024-07-04,35.8,102,Unhealthy for Sensitive Groups,27.43,89.08,15.42,1001.74,14.1,536.25,8271.7,Monsoon,0,7,3,0,38.2,50.0,42.5,37.31,45.23,US Embassy station (reference-grade),1
2024-07-05,36.8,104,Unhealthy for Sensitive Groups,27.95,86.58,16.43,1000.88,11.0,505.42,8303.6,Monsoon,0,7,4,1,35.8,38.2,50.0,38.96,44.31,US Embassy station (reference-grade),1
2024-07-06,35.1,99,Moderate,28.5,83.33,14.9,1000.78,2.9,559.38,8332.4,Monsoon,0,7,5,1,36.8,35.8,38.2,38.84,43.56,US Embassy station (reference-grade),1
2024-07-07,39.2,110,Unhealthy for Sensitive Groups,29.03,82.04,10.45,1001.95,3.5,451.88,4722.1,Monsoon,0,7,6,0,35.1,36.8,35.8,39.66,42.14,US Embassy station (reference-grade),1
2024-07-08,35.6,101,Unhealthy for Sensitive Groups,28.93,82.62,11.21,1002.54,0.7,470.83,5277.3,Monsoon,0,7,0,0,39.2,35.1,36.8,38.67,41.65,US Embassy station (reference-grade),1
2024-07-09,41.6,116,Unhealthy for Sensitive Groups,28.66,83.58,12.59,1003.4,3.8,522.08,6573.9,Monsoon,0,7,1,0,35.6,39.2,35.1,37.47,41.51,US Embassy station (reference-grade),1
2024-07-10,33.8,97,Moderate,28.65,83.67,13.75,1003.73,5.0,629.58,8654.1,Monsoon,0,7,2,0,41.6,35.6,39.2,36.84,39.62,US Embassy station (reference-grade),1
2024-07-11,33.5,96,Moderate,28.51,85.29,14.36,1000.96,20.9,628.12,9021.4,Monsoon,0,7,3,0,33.8,41.6,35.6,36.51,38.38,US Embassy station (reference-grade),1
2024-07-12,43.4,120,Unhealthy for Sensitive Groups,27.75,87.42,13.92,999.09,4.6,511.88,7123.6,Monsoon,0,7,4,1,33.5,33.8,41.6,37.46,38.48,US Embassy station (reference-grade),1
2024-07-13,41.6,116,Unhealthy for Sensitive Groups,29.01,81.71,9.35,997.29,1.4,448.75,4195.8,Monsoon,0,7,5,1,43.4,33.5,33.8,38.39,38.36,US Embassy station (reference-grade),1
2024-07-14,39.9,112,Unhealthy for Sensitive Groups,29.42,80.25,10.35,997.41,1.0,538.96,5578.2,Monsoon,0,7,6,0,41.6,43.4,33.5,38.49,37.73,US Embassy station (reference-grade),1
2024-07-15,26.6,84,Moderate,29.87,78.5,13.5,999.68,2.0,662.92,8949.4,Monsoon,0,7,0,0,39.9,41.6,43.4,37.2,36.91,US Embassy station (reference-grade),1
2024-07-16,31.0,92,Moderate,29.24,80.62,12.85,1000.94,2.6,670.42,8614.9,Monsoon,0,7,1,0,26.6,39.9,41.6,35.69,36.69,US Embassy station (reference-grade),1
2024-07-17,45.9,127,Unhealthy for Sensitive Groups,30.0,79.17,8.67,1000.15,1.1,577.29,5003.2,Monsoon,0,7,2,0,31.0,26.6,39.9,37.41,37.09,US Embassy station (reference-grade),1
2024-07-18,37.1,105,Unhealthy for Sensitive Groups,30.45,77.88,7.9,998.57,1.1,562.5,4443.8,Monsoon,0,7,3,0,45.9,31.0,26.6,37.93,37.27,US Embassy station (reference-grade),1
2024-07-23,17.0,66,Moderate,28.85,80.58,19.85,997.83,2.7,687.71,13651.0,Monsoon,0,7,1,0,37.1,45.9,31.0,34.16,37.11,US Embassy station (reference-grade),1
2024-07-24,25.4,81,Moderate,29.07,83.08,15.73,994.18,4.5,527.5,8299.3,Monsoon,0,7,2,0,17.0,37.1,45.9,31.84,37.17,US Embassy station (reference-grade),1
2024-07-25,32.3,94,Moderate,29.55,80.08,14.64,992.13,1.4,612.71,8968.5,Monsoon,0,7,3,0,25.4,17.0,37.1,30.76,36.77,US Embassy station (reference-grade),1
2024-07-26,21.1,73,Moderate,29.75,79.08,17.48,992.26,2.2,740.62,12948.6,Monsoon,0,7,4,1,32.3,25.4,17.0,29.97,36.1,US Embassy station (reference-grade),1
2024-07-27,21.6,74,Moderate,29.69,78.83,18.4,996.2,1.1,736.67,13557.7,Monsoon,0,7,5,1,21.1,32.3,25.4,28.63,35.07,US Embassy station (reference-grade),1
2024-07-28,19.7,71,Moderate,29.85,77.75,14.1,997.46,1.2,693.33,9776.0,Monsoon,0,7,6,0,21.6,21.1,32.3,24.89,34.71,US Embassy station (reference-grade),1
2024-07-29,28.1,86,Moderate,29.53,79.79,15.19,997.46,1.7,629.58,9564.4,Monsoon,0,7,0,0,19.7,21.6,21.1,23.6,34.5,US Embassy station (reference-grade),1
2024-07-30,36.5,103,Unhealthy for Sensitive Groups,28.92,83.46,13.45,999.59,15.7,445.62,5991.8,Monsoon,0,7,1,0,28.1,19.7,21.6,26.39,33.89,US Embassy station (reference-grade),1
2024-07-31,41.8,117,Unhealthy for Sensitive Groups,28.43,84.04,11.18,999.65,8.9,368.33,4119.2,Monsoon,0,7,2,0,36.5,28.1,19.7,28.73,34.19,US Embassy station (reference-grade),1
2024-08-01,18.3,68,Moderate,26.65,91.04,18.12,998.0,46.9,600.21,10878.8,Monsoon,0,8,3,0,41.8,36.5,28.1,26.73,33.96,US Embassy station (reference-grade),1
2024-08-02,38.3,108,Unhealthy for Sensitive Groups,25.85,94.33,19.45,999.98,66.4,609.58,11853.9,Monsoon,0,8,4,1,18.3,41.8,36.5,29.19,34.04,US Embassy station (reference-grade),1
2024-08-03,44.9,124,Unhealthy for Sensitive Groups,26.89,89.17,15.92,1002.85,25.0,629.17,10019.5,Monsoon,0,8,5,1,38.3,18.3,41.8,32.51,34.42,US Embassy station (reference-grade),1
2024-08-04,38.1,107,Unhealthy for Sensitive Groups,27.46,85.17,12.11,1004.05,8.8,424.38,5140.2,Monsoon,0,8,6,0,44.9,38.3,18.3,35.14,34.27,US Embassy station (reference-grade),1
2024-08-05,24.3,79,Moderate,28.28,84.58,12.1,1002.95,11.6,470.21,5687.6,Monsoon,0,8,0,0,38.1,44.9,38.3,34.6,33.42,US Embassy station (reference-grade),1
2024-08-06,25.3,81,Moderate,28.22,83.46,11.92,1001.7,5.2,550.42,6563.7,Monsoon,0,8,1,0,24.3,38.1,44.9,33.0,32.99,US Embassy station (reference-grade),1
2024-08-07,28.7,88,Moderate,27.91,83.92,14.32,1002.03,10.2,573.33,8213.0,Monsoon,0,8,2,0,25.3,24.3,38.1,31.13,32.75,US Embassy station (reference-grade),1
2024-08-08,30.3,90,Moderate,27.52,84.0,15.11,1003.95,3.7,510.21,7708.4,Monsoon,0,8,3,0,28.7,25.3,24.3,32.84,32.53,US Embassy station (reference-grade),1
2024-08-09,25.8,82,Moderate,27.13,87.17,15.05,1004.75,25.8,572.71,8619.3,Monsoon,0,8,4,1,30.3,28.7,25.3,31.06,32.22,US Embassy station (reference-grade),1
2024-08-10,39.1,110,Unhealthy for Sensitive Groups,27.65,85.17,14.66,1003.5,5.1,499.17,7319.0,Monsoon,0,8,5,1,25.8,30.3,28.7,30.23,32.22,US Embassy station (reference-grade),1
2024-08-11,44.4,123,Unhealthy for Sensitive Groups,27.78,86.71,12.37,1002.36,4.3,420.21,5198.3,Monsoon,0,8,6,0,39.1,25.8,30.3,31.13,32.51,US Embassy station (reference-grade),1
2024-08-12,60.3,154,Unhealthy,28.09,86.17,10.0,1002.75,5.1,444.79,4449.8,Monsoon,0,8,0,0,44.4,39.1,25.8,36.27,33.14,US Embassy station (reference-grade),1
2024-08-13,61.3,155,Unhealthy,28.68,85.62,7.66,1003.07,12.7,346.25,2653.1,Monsoon,0,8,1,0,60.3,44.4,39.1,41.41,34.05,US Embassy station (reference-grade),1
2024-08-14,43.2,120,Unhealthy for Sensitive Groups,28.92,84.96,8.81,1002.87,11.1,436.88,3850.0,Monsoon,0,8,2,0,61.3,60.3,44.4,43.49,34.38,US Embassy station (reference-grade),1
2024-08-15,39.1,110,Unhealthy for Sensitive Groups,28.89,81.92,11.29,1002.04,2.5,485.83,5485.9,Monsoon,0,8,3,0,43.2,61.3,60.3,44.74,34.23,US Embassy station (reference-grade),1
2024-08-16,22.1,75,Moderate,28.13,82.75,14.07,1001.35,1.6,498.54,7014.9,Monsoon,0,8,4,1,39.1,43.2,61.3,44.21,33.58,US Embassy station (reference-grade),1
2024-08-17,9.7,52,Moderate,27.52,84.0,16.64,1001.55,6.0,686.88,11427.9,Monsoon,0,8,5,1,22.1,39.1,43.2,40.01,32.58,US Embassy station (reference-grade),1
2024-08-18,21.0,73,Moderate,27.21,87.88,15.85,1002.0,8.1,531.04,8417.0,Monsoon,0,8,6,0,9.7,22.1,39.1,36.67,32.39,US Embassy station (reference-grade),1
2024-08-19,21.4,74,Moderate,25.72,93.25,16.24,1000.58,41.8,455.62,7398.2,Monsoon,0,8,0,0,21.0,9.7,22.1,31.11,32.07,US Embassy station (reference-grade),1
2024-08-20,35.3,100,Moderate,26.53,89.33,9.12,1002.62,23.9,451.67,4117.7,Monsoon,0,8,1,0,21.4,21.0,9.7,27.4,31.72,US Embassy station (reference-grade),1
2024-08-21,42.9,119,Unhealthy for Sensitive Groups,26.32,92.58,12.13,1004.03,50.1,339.38,4116.3,Monsoon,0,8,2,0,35.3,21.4,21.0,27.36,31.91,US Embassy station (reference-grade),1
2024-08-22,47.1,130,Unhealthy for Sensitive Groups,26.48,92.83,10.2,1003.21,22.4,374.79,3824.4,Monsoon,0,8,3,0,42.9,35.3,21.4,28.5,32.91,US Embassy station (reference-grade),1
2024-08-23,27.6,85,Moderate,26.71,90.67,13.9,1004.0,16.4,485.42,6745.3,Monsoon,0,8,4,1,47.1,42.9,35.3,29.29,32.99,US Embassy station (reference-grade),1
2024-08-24,27.6,85,Moderate,27.6,85.92,11.45,1004.28,9.2,492.29,5636.7,Monsoon,0,8,5,1,27.6,47.1,42.9,31.84,32.83,US Embassy station (reference-grade),1
2024-08-25,17.6,67,Moderate,26.37,88.04,15.03,1001.83,21.6,520.21,7818.3,Monsoon,0,8,6,0,27.6,27.6,47.1,31.36,32.71,US Embassy station (reference-grade),1
2024-08-26,30.0,90,Moderate,26.23,89.0,17.94,1002.18,5.7,539.79,9682.5,Monsoon,0,8,0,0,17.6,27.6,27.6,32.59,32.99,US Embassy station (reference-grade),1
2024-08-27,34.5,98,Moderate,27.13,87.62,11.01,1004.37,9.5,454.38,5003.8,Monsoon,0,8,1,0,30.0,17.6,27.6,32.47,33.49,US Embassy station (reference-grade),1
2024-08-28,46.3,128,Unhealthy for Sensitive Groups,27.95,84.92,7.28,1003.69,6.8,325.42,2370.1,Monsoon,0,8,2,0,34.5,30.0,17.6,32.96,34.09,US Embassy station (reference-grade),1
2024-08-29,52.0,142,Unhealthy for Sensitive Groups,29.03,80.29,5.97,1002.75,0.2,470.21,2805.6,Monsoon,0,8,3,0,46.3,34.5,30.0,33.66,34.61,US Embassy station (reference-grade),1
2024-08-30,36.1,102,Unhealthy for Sensitive Groups,29.47,77.79,8.18,1003.12,8.0,450.21,3682.3,Monsoon,0,8,4,1,52.0,46.3,34.5,34.87,34.42,US Embassy station (reference-grade),1
2024-08-31,32.0,94,Moderate,29.22,80.04,13.71,1003.83,1.5,575.62,7893.3,Monsoon,0,8,5,1,36.1,52.0,46.3,35.5,34.88,US Embassy station (reference-grade),1
2024-09-01,35.3,100,Moderate,28.04,86.42,8.06,1005.07,8.2,420.62,3389.5,Monsoon,0,9,6,0,32.0,36.1,52.0,38.03,34.78,US Embassy station (reference-grade),1
2024-09-02,54.7,148,Unhealthy for Sensitive Groups,28.78,83.79,4.15,1004.85,3.6,368.75,1528.8,Monsoon,0,9,0,0,35.3,32.0,36.1,41.56,35.1,US Embassy station (reference-grade),1
2024-09-03,46.8,129,Unhealthy for Sensitive Groups,27.98,87.08,5.82,1005.14,11.9,348.54,2030.3,Monsoon,0,9,1,0,54.7,35.3,32.0,43.31,35.39,US Embassy station (reference-grade),1
2024-09-04,43.3,120,Unhealthy for Sensitive Groups,28.82,82.67,6.5,1002.89,2.8,463.96,3017.7,Monsoon,0,9,2,0,46.8,54.7,35.3,42.89,36.03,US Embassy station (reference-grade),1
2024-09-05,51.5,140,Unhealthy for Sensitive Groups,28.71,84.5,4.36,1001.49,6.6,340.21,1484.2,Monsoon,0,9,3,0,43.3,46.8,54.7,42.81,36.9,US Embassy station (reference-grade),1
2024-09-06,46.3,128,Unhealthy for Sensitive Groups,29.05,83.88,4.22,1001.81,7.9,322.71,1362.1,Monsoon,0,9,4,1,51.5,43.3,46.8,44.27,37.49,US Embassy station (reference-grade),1
2024-09-07,84.5,171,Unhealthy,29.3,84.08,4.79,1001.81,3.8,381.67,1827.2,Monsoon,0,9,5,1,46.3,51.5,43.3,51.77,39.29,US Embassy station (reference-grade),1
2024-09-08,33.8,97,Moderate,29.4,82.0,8.64,1002.17,4.1,444.38,3838.3,Monsoon,0,9,6,0,84.5,46.3,51.5,51.56,39.56,US Embassy station (reference-grade),1
2024-09-09,27.1,85,Moderate,29.37,80.42,14.34,1000.95,1.2,661.25,9480.7,Monsoon,0,9,0,0,33.8,84.5,46.3,47.61,39.16,US Embassy station (reference-grade),1
2024-09-10,32.2,94,Moderate,28.56,83.38,13.0,1001.13,0.7,502.5,6532.5,Monsoon,0,9,1,0,27.1,33.8,84.5,45.53,38.75,US Embassy station (reference-grade),1
2024-09-11,47.6,131,Unhealthy for Sensitive Groups,28.99,83.17,9.79,1001.35,3.7,444.79,4353.4,Monsoon,0,9,2,0,32.2,27.1,33.8,46.14,38.33,US Embassy station (reference-grade),1
2024-09-12,43.8,121,Unhealthy for Sensitive Groups,29.86,81.96,7.59,999.69,11.6,400.0,3035.0,Monsoon,0,9,3,0,47.6,32.2,27.1,45.04,37.75,US Embassy station (reference-grade),1
2024-09-13,14.3,61,Moderate,29.33,75.67,11.84,997.57,3.3,658.33,7795.8,Monsoon,0,9,4,1,43.8,47.6,32.2,40.47,36.78,US Embassy station (reference-grade),1
2024-09-14,9.46,52,Moderate,25.79,90.29,26.64,996.58,57.0,940.62,25055.9,Monsoon,0,9,5,1,14.3,43.8,47.6,29.75,35.8,US Embassy station (reference-grade),1
2024-09-15,18.8,69,Moderate,25.55,92.21,26.88,998.09,41.4,879.58,23646.1,Monsoon,0,9,6,0,9.46,14.3,43.8,27.61,35.69,US Embassy station (reference-grade),1
2024-09-16,48.0,132,Unhealthy for Sensitive Groups,27.35,86.67,16.04,1002.08,15.9,619.38,9935.8,Monsoon,0,9,0,0,18.8,9.46,14.3,30.59,36.96,US Embassy station (reference-grade),1
2024-09-17,58.0,153,Unhealthy,28.67,83.71,6.2,1004.05,0.1,422.71,2622.6,Monsoon,0,9,1,0,48.0,18.8,9.46,34.28,38.2,US Embassy station (reference-grade),1
2024-09-18,66.9,159,Unhealthy,29.87,79.83,5.22,1002.8,0.0,411.67,2149.2,Monsoon,0,9,2,0,58.0,48.0,18.8,37.04,39.71,US Embassy station (reference-grade),1
2024-09-19,68.0,160,Unhealthy,30.55,78.75,5.68,1002.02,1.8,394.17,2240.2,Monsoon,0,9,3,0,66.9,58.0,48.0,40.49,40.8,US Embassy station (reference-grade),1
2024-09-20,67.6,159,Unhealthy,31.19,76.42,6.42,1001.73,0.0,450.0,2889.4,Monsoon,0,9,4,1,68.0,66.9,58.0,48.11,41.63,US Embassy station (reference-grade),1
2024-09-21,36.2,103,Unhealthy for Sensitive Groups,30.76,77.88,7.13,1002.4,7.6,453.96,3236.3,Monsoon,0,9,5,1,67.6,68.0,66.9,51.93,41.26,US Embassy station (reference-grade),1
2024-09-22,40.9,114,Unhealthy for Sensitive Groups,30.81,78.79,5.58,1001.4,0.0,403.12,2250.8,Monsoon,0,9,6,0,36.2,67.6,68.0,55.09,41.71,US Embassy station (reference-grade),1
2024-09-23,96.3,180,Unhealthy,30.7,81.46,7.51,1001.74,2.6,406.88,3056.6,Monsoon,0,9,0,0,40.9,36.2,67.6,61.99,44.0,US Embassy station (reference-grade),1
2024-09-24,27.3,85,Moderate,28.5,83.88,12.25,1003.75,8.9,533.75,6538.4,Monsoon,0,9,1,0,96.3,40.9,36.2,57.6,44.32,US Embassy station (reference-grade),1
2024-09-25,24.4,80,Moderate,26.13,90.75,15.69,1005.41,32.9,507.71,7966.8,Monsoon,0,9,2,0,27.3,96.3,40.9,51.53,44.13,US Embassy station (reference-grade),1
2024-09-26,32.8,95,Moderate,26.34,91.12,11.57,1007.46,20.0,418.96,4846.0,Monsoon,0,9,3,0,24.4,27.3,96.3,46.5,44.08,US Embassy station (reference-grade),1
2024-09-27,48.5,133,Unhealthy for Sensitive Groups,27.26,87.25,9.17,1008.4,4.8,370.83,3399.3,Monsoon,0,9,4,1,32.8,24.4,27.3,43.77,44.15,US Embassy station (reference-grade),1
2024-09-28,31.3,92,Moderate,27.72,87.38,8.2,1007.98,4.9,379.38,3112.5,Monsoon,0,9,5,1,48.5,32.8,24.4,43.07,43.46,US Embassy station (reference-grade),1
2024-09-29,40.3,113,Unhealthy for Sensitive Groups,28.25,86.92,7.95,1007.06,2.3,370.42,2943.3,Monsoon,0,9,6,0,31.3,48.5,32.8,42.99,43.6,US Embassy station (reference-grade),1
2024-09-30,79.3,168,Unhealthy,28.88,86.12,6.85,1005.67,2.0,370.21,2534.4,Monsoon,0,9,0,0,40.3,31.3,48.5,40.56,45.18,US Embassy station (reference-grade),1
2024-10-01,68.8,160,Unhealthy,28.46,87.42,5.26,1003.5,5.6,334.58,1760.7,Post-monsoon,0,10,1,0,79.3,40.3,31.3,46.49,46.29,US Embassy station (reference-grade),1
2024-10-02,52.0,142,Unhealthy for Sensitive Groups,27.71,87.67,5.33,1002.33,21.8,319.79,1704.2,Post-monsoon,0,10,2,0,68.8,79.3,40.3,50.43,46.2,US Embassy station (reference-grade),1
2024-10-03,35.9,102,Unhealthy for Sensitive Groups,25.82,94.17,8.35,1002.08,67.3,293.54,2452.3,Post-monsoon,0,10,3,0,52.0,68.8,79.3,50.87,45.84,US Embassy station (reference-grade),1
2024-10-04,42.3,118,Unhealthy for Sensitive Groups,26.46,91.21,11.6,1004.05,34.0,474.79,5509.6,Post-monsoon,0,10,4,1,35.9,52.0,68.8,49.99,45.81,US Embassy station (reference-grade),1
2024-10-05,54.4,148,Unhealthy for Sensitive Groups,25.36,93.92,9.38,1006.71,66.0,341.04,3197.3,Post-monsoon,0,10,5,1,42.3,35.9,52.0,53.29,45.9,US Embassy station (reference-grade),1
2024-10-06,46.5,128,Unhealthy for Sensitive Groups,27.3,86.5,7.94,1009.27,2.4,356.04,2827.6,Post-monsoon,0,10,6,0,54.4,42.3,35.9,54.17,45.91,US Embassy station (reference-grade),1
2024-10-07,63.0,156,Unhealthy,27.04,89.12,4.54,1011.1,4.0,272.29,1236.7,Post-monsoon,0,10,0,0,46.5,54.4,42.3,51.84,45.19,US Embassy station (reference-grade),1
2024-10-08,52.8,144,Unhealthy for Sensitive Groups,27.38,88.46,4.01,1010.71,6.0,331.88,1331.6,Post-monsoon,0,10,1,0,63.0,46.5,54.4,49.56,45.83,US Embassy station (reference-grade),1
2024-10-09,69.5,161,Unhealthy,26.85,88.5,4.84,1008.98,14.3,376.88,1824.7,Post-monsoon,0,10,2,0,52.8,63.0,46.5,52.06,47.24,US Embassy station (reference-grade),1
2024-10-10,70.2,161,Unhealthy,26.58,88.88,5.47,1007.95,6.0,280.0,1531.8,Post-monsoon,0,10,3,0,69.5,52.8,63.0,56.96,48.51,US Embassy station (reference-grade),1
2024-10-11,41.9,117,Unhealthy for Sensitive Groups,27.2,86.96,5.88,1007.66,12.0,332.92,1955.9,Post-monsoon,0,10,4,1,70.2,69.5,52.8,56.9,48.32,US Embassy station (reference-grade),1
2024-10-12,80.9,169,Unhealthy,27.09,87.83,5.28,1008.9,7.2,346.46,1830.5,Post-monsoon,0,10,5,1,41.9,70.2,69.5,60.69,49.55,US Embassy station (reference-grade),1
2024-10-13,105.0,186,Unhealthy,27.82,81.0,5.15,1009.58,0.0,390.21,2011.2,Post-monsoon,0,10,6,0,80.9,41.9,70.2,69.04,52.58,US Embassy station (reference-grade),1
2024-10-14,105.0,186,Unhealthy,27.52,76.92,5.72,1009.2,0.0,409.58,2341.5,Post-monsoon,0,10,0,0,105.0,80.9,41.9,75.04,55.76,US Embassy station (reference-grade),1
2024-10-15,109.0,189,Unhealthy,27.31,79.83,4.7,1008.62,0.7,368.96,1735.6,Post-monsoon,0,10,1,0,105.0,105.0,80.9,83.07,58.77,US Embassy station (reference-grade),1
2024-10-16,180.0,255,Very Unhealthy,27.92,76.67,4.5,1008.95,0.2,388.54,1746.8,Post-monsoon,0,10,2,0,109.0,105.0,105.0,98.86,63.17,US Embassy station (reference-grade),1
2024-10-17,123.0,198,Unhealthy,27.0,83.38,4.57,1009.31,5.2,283.75,1295.8,Post-monsoon,0,10,3,0,180.0,109.0,105.0,106.4,65.33,US Embassy station (reference-grade),1
2024-10-18,88.1,174,Unhealthy,25.91,88.5,6.13,1009.01,13.3,315.42,1933.2,Post-monsoon,0,10,4,1,123.0,180.0,109.0,113.0,66.04,US Embassy station (reference-grade),1
2024-10-19,94.0,178,Unhealthy,26.54,85.67,4.39,1009.71,13.2,278.75,1224.2,Post-monsoon,0,10,5,1,88.1,123.0,180.0,114.87,66.91,US Embassy station (reference-grade),1
2024-10-20,81.9,170,Unhealthy,26.23,81.83,6.47,1010.55,0.0,400.62,2592.4,Post-monsoon,0,10,6,0,94.0,88.1,123.0,111.57,67.38,US Embassy station (reference-grade),1
2024-10-21,94.4,178,Unhealthy,26.26,78.25,5.78,1009.23,0.0,377.29,2180.4,Post-monsoon,0,10,0,0,81.9,94.0,88.1,110.06,69.32,US Embassy station (reference-grade),1
2024-10-22,74.1,164,Unhealthy,27.75,78.75,6.62,1008.57,0.0,355.42,2351.7,Post-monsoon,0,10,1,0,94.4,81.9,94.0,105.07,70.43,US Embassy station (reference-grade),1
2024-10-23,46.4,128,Unhealthy for Sensitive Groups,26.75,82.62,7.92,1008.57,5.9,262.5,2079.2,Post-monsoon,0,10,2,0,74.1,94.4,81.9,85.99,68.77,US Embassy station (reference-grade),1
2024-10-24,16.7,65,Moderate,25.26,84.12,15.82,1008.07,7.9,455.21,7199.9,Post-monsoon,0,10,3,0,46.4,74.1,94.4,70.8,68.41,US Embassy station (reference-grade),1
2024-10-25,37.6,106,Unhealthy for Sensitive Groups,26.17,84.92,11.48,1007.75,11.6,427.08,4900.8,Post-monsoon,0,10,4,1,16.7,46.4,74.1,63.59,68.85,US Embassy station (reference-grade),1
2024-10-26,60.2,154,Unhealthy,26.21,86.92,10.61,1008.13,7.6,336.04,3566.2,Post-monsoon,0,10,5,1,37.6,16.7,46.4,58.76,69.77,US Embassy station (reference-grade),1
2024-10-27,86.5,173,Unhealthy,27.28,81.58,4.23,1007.44,0.0,338.96,1432.1,Post-monsoon,0,10,6,0,60.2,37.6,16.7,59.41,71.03,US Embassy station (reference-grade),1
2024-10-28,79.1,168,Unhealthy,27.12,79.54,6.66,1006.52,0.0,380.83,2535.7,Post-monsoon,0,10,0,0,86.5,60.2,37.6,57.23,72.63,US Embassy station (reference-grade),1
2024-10-29,115.0,193,Unhealthy,27.42,76.67,4.79,1007.3,0.0,350.42,1679.1,Post-monsoon,0,10,1,0,79.1,86.5,60.2,63.07,75.12,US Embassy station (reference-grade),1
2024-10-30,108.0,188,Unhealthy,27.31,82.17,5.0,1008.71,0.8,300.83,1504.2,Post-monsoon,0,10,2,0,115.0,79.1,86.5,71.87,76.07,US Embassy station (reference-grade),1
2024-10-31,62.0,156,Unhealthy,26.79,87.0,4.62,1009.5,1.7,273.12,1260.9,Post-monsoon,0,10,3,0,108.0,115.0,79.1,78.34,75.85,US Embassy station (reference-grade),1
2024-11-01,90.7,176,Unhealthy,27.19,80.54,4.45,1010.5,0.0,388.33,1726.5,Post-monsoon,1,11,4,1,62.0,108.0,115.0,85.93,77.14,US Embassy station (reference-grade),1
2024-11-02,90.8,176,Unhealthy,26.3,78.75,6.32,1011.21,0.0,357.71,2259.5,Post-monsoon,1,11,5,1,90.7,62.0,108.0,90.3,78.97,US Embassy station (reference-grade),1
2024-11-03,94.7,178,Unhealthy,26.24,75.96,5.28,1011.22,0.0,381.04,2010.0,Post-monsoon,1,11,6,0,90.8,90.7,62.0,91.47,80.71,US Embassy station (reference-grade),1
2024-11-04,85.1,172,Unhealthy,25.99,75.04,5.74,1010.89,0.0,361.67,2076.6,Post-monsoon,1,11,0,0,94.7,90.8,90.7,92.33,81.74,US Embassy station (reference-grade),1
2024-11-05,69.6,161,Unhealthy,26.08,73.38,5.42,1011.77,0.5,262.29,1420.7,Post-monsoon,1,11,1,0,85.1,94.7,90.8,85.84,82.51,US Embassy station (reference-grade),1
2024-11-06,48.2,132,Unhealthy for Sensitive Groups,25.02,76.33,5.55,1012.21,1.9,298.96,1658.0,Post-monsoon,1,11,2,0,69.6,85.1,94.7,77.3,82.01,US Embassy station (reference-grade),1
2024-11-07,76.9,166,Unhealthy,25.27,76.21,6.63,1011.78,0.0,383.12,2541.4,Post-monsoon,1,11,3,0,48.2,69.6,85.1,79.43,82.82,US Embassy station (reference-grade),1
2024-11-08,54.2,147,Unhealthy for Sensitive Groups,25.3,72.17,7.54,1011.86,0.0,398.96,3008.8,Post-monsoon,1,11,4,1,76.9,48.2,69.6,74.21,82.31,US Embassy station (reference-grade),1
2024-11-09,36.1,102,Unhealthy for Sensitive Groups,24.63,71.88,8.55,1011.74,0.0,369.79,3163.3,Post-monsoon,1,11,5,1,54.2,76.9,48.2,66.4,81.17,US Embassy station (reference-grade),1
2024-11-10,58.5,153,Unhealthy,24.82,71.33,5.86,1011.82,0.0,405.0,2372.6,Post-monsoon,1,11,6,0,36.1,54.2,76.9,61.23,81.72,US Embassy station (reference-grade),1
2024-11-11,66.8,159,Unhealthy,25.55,65.58,6.15,1011.48,0.0,444.79,2735.5,Post-monsoon,1,11,0,0,58.5,36.1,54.2,58.61,81.25,US Embassy station (reference-grade),1
2024-11-12,72.3,163,Unhealthy,25.66,65.75,5.92,1010.94,0.0,428.96,2541.6,Post-monsoon,1,11,1,0,66.8,58.5,36.1,59.0,80.16,US Embassy station (reference-grade),1
2024-11-13,86.5,173,Unhealthy,25.74,69.58,4.65,1010.2,0.0,481.88,2240.7,Post-monsoon,1,11,2,0,72.3,66.8,58.5,64.47,79.55,US Embassy station (reference-grade),1
2024-11-14,119.0,196,Unhealthy,25.32,70.71,6.3,1011.08,0.0,522.08,3289.1,Post-monsoon,1,11,3,0,86.5,72.3,66.8,70.49,79.88,US Embassy station (reference-grade),1
2024-11-15,141.0,216,Very Unhealthy,24.75,69.5,5.76,1010.64,0.0,512.71,2954.5,Post-monsoon,1,11,4,1,119.0,86.5,72.3,82.89,78.58,US Embassy station (reference-grade),1
2024-11-16,195.0,270,Very Unhealthy,23.92,69.62,5.86,1010.21,0.0,409.79,2402.4,Post-monsoon,1,11,5,1,141.0,119.0,86.5,105.59,80.98,US Embassy station (reference-grade),1
2024-11-17,164.0,239,Very Unhealthy,23.07,64.0,5.28,1010.62,0.0,345.83,1827.2,Post-monsoon,1,11,6,0,195.0,141.0,119.0,120.66,83.51,US Embassy station (reference-grade),1
2024-11-18,162.0,237,Very Unhealthy,22.68,69.21,2.67,1011.74,0.0,319.58,852.2,Post-monsoon,1,11,0,0,164.0,195.0,141.0,134.26,85.78,US Embassy station (reference-grade),1
2024-11-19,126.0,201,Very Unhealthy,22.99,69.62,3.96,1012.35,0.0,345.62,1369.5,Post-monsoon,1,11,1,0,162.0,164.0,195.0,141.93,87.25,US Embassy station (reference-grade),1
2024-11-20,141.0,216,Very Unhealthy,22.82,63.25,4.5,1011.36,0.0,312.29,1405.3,Post-monsoon,1,11,2,0,126.0,162.0,164.0,149.71,88.8,US Embassy station (reference-grade),1
2024-11-21,154.0,229,Very Unhealthy,22.7,68.38,2.79,1011.08,0.0,462.71,1289.8,Post-monsoon,1,11,3,0,141.0,126.0,162.0,154.71,91.46,US Embassy station (reference-grade),1
2024-11-22,159.0,234,Very Unhealthy,23.46,67.12,2.91,1011.29,0.0,477.08,1389.5,Post-monsoon,1,11,4,1,154.0,141.0,126.0,157.29,95.22,US Embassy station (reference-grade),1
2024-11-23,143.0,218,Very Unhealthy,23.33,71.29,3.5,1012.55,0.0,441.46,1546.9,Post-monsoon,1,11,5,1,159.0,154.0,141.0,149.86,99.43,US Embassy station (reference-grade),1
2024-11-24,189.0,264,Very Unhealthy,23.01,63.71,5.95,1012.75,0.0,459.58,2736.4,Post-monsoon,1,11,6,0,143.0,159.0,154.0,153.43,104.47,US Embassy station (reference-grade),1
2024-11-25,206.0,281,Very Unhealthy,22.48,62.29,5.48,1012.62,0.0,448.54,2455.8,Post-monsoon,1,11,0,0,189.0,143.0,159.0,159.71,109.33,US Embassy station (reference-grade),1
2024-11-26,161.0,236,Very Unhealthy,22.17,64.29,4.88,1011.87,0.0,465.42,2272.8,Post-monsoon,1,11,1,0,206.0,189.0,143.0,164.71,111.82,US Embassy station (reference-grade),1
2024-11-27,153.0,228,Very Unhealthy,22.56,68.88,4.83,1011.43,0.0,421.04,2033.3,Post-monsoon,1,11,2,0,161.0,206.0,189.0,166.43,114.28,US Embassy station (reference-grade),1
2024-11-28,105.0,186,Unhealthy,23.26,65.67,6.27,1012.12,0.0,343.12,2150.2,Post-monsoon,1,11,3,0,153.0,161.0,206.0,159.43,113.95,US Embassy station (reference-grade),1
2024-11-29,85.7,172,Unhealthy,24.19,66.88,5.14,1012.29,0.0,296.67,1525.4,Post-monsoon,1,11,4,1,105.0,153.0,161.0,148.96,113.2,US Embassy station (reference-grade),1
2024-11-30,69.7,161,Unhealthy,24.0,70.96,6.0,1011.27,0.0,247.29,1484.8,Post-monsoon,1,11,5,1,85.7,105.0,153.0,138.49,113.46,US Embassy station (reference-grade),1
2024-12-01,108.0,188,Unhealthy,23.82,64.04,5.4,1009.92,0.3,320.42,1731.6,Winter,1,12,6,0,69.7,85.7,105.0,126.91,114.04,US Embassy station (reference-grade),1
2024-12-02,101.0,183,Unhealthy,23.11,64.71,6.29,1010.64,0.0,322.29,2027.8,Winter,1,12,0,0,108.0,69.7,85.7,111.91,114.38,US Embassy station (reference-grade),1
2024-12-03,113.0,191,Unhealthy,22.63,68.96,7.02,1011.36,0.0,326.46,2290.6,Winter,1,12,1,0,101.0,108.0,69.7,105.06,114.99,US Embassy station (reference-grade),1
2024-12-04,197.0,272,Very Unhealthy,22.4,65.58,6.88,1011.4,0.0,370.0,2545.3,Winter,1,12,2,0,113.0,101.0,108.0,111.34,118.72,US Embassy station (reference-grade),1
2024-12-05,243.0,336,Hazardous,22.18,65.46,5.06,1011.2,0.0,401.88,2032.8,Winter,1,12,3,0,197.0,113.0,101.0,131.06,124.5,US Embassy station (reference-grade),1
2024-12-06,171.0,246,Very Unhealthy,21.33,60.33,7.2,1010.92,0.0,474.38,3413.5,Winter,1,12,4,1,243.0,197.0,113.0,143.24,128.59,US Embassy station (reference-grade),1
2024-12-07,164.0,239,Very Unhealthy,20.36,56.92,5.96,1011.77,0.0,368.54,2197.4,Winter,1,12,5,1,171.0,243.0,197.0,156.71,131.49,US Embassy station (reference-grade),1
2024-12-08,180.0,255,Very Unhealthy,20.07,58.38,4.55,1012.01,0.0,328.54,1493.5,Winter,1,12,6,0,164.0,171.0,243.0,167.0,135.69,US Embassy station (reference-grade),1
2024-12-09,234.0,318,Hazardous,20.32,64.12,4.52,1011.45,0.0,336.46,1519.7,Winter,1,12,0,0,180.0,164.0,171.0,186.0,142.28,US Embassy station (reference-grade),1
2024-12-10,173.0,248,Very Unhealthy,20.59,72.04,6.45,1012.04,0.0,369.38,2380.9,Winter,1,12,1,0,234.0,180.0,164.0,194.57,146.1,US Embassy station (reference-grade),1
2024-12-11,181.0,256,Very Unhealthy,19.89,67.58,7.87,1013.27,0.0,441.04,3471.4,Winter,1,12,2,0,173.0,234.0,180.0,192.29,149.91,US Embassy station (reference-grade),1
2024-12-12,167.0,242,Very Unhealthy,19.08,69.75,8.01,1011.81,0.0,338.33,2710.9,Winter,1,12,3,0,181.0,173.0,234.0,181.43,153.06,US Embassy station (reference-grade),1
2024-12-13,186.0,261,Very Unhealthy,19.37,71.71,7.55,1012.29,0.0,343.33,2592.2,Winter,1,12,4,1,167.0,181.0,173.0,183.57,156.38,US Embassy station (reference-grade),1
2024-12-14,260.0,370,Hazardous,19.35,70.38,7.43,1014.12,0.0,342.5,2544.5,Winter,1,12,5,1,186.0,167.0,181.0,197.29,161.08,US Embassy station (reference-grade),1
2024-12-15,200.0,275,Very Unhealthy,19.31,71.0,6.1,1014.62,0.0,297.92,1818.5,Winter,1,12,6,0,260.0,186.0,167.0,200.14,163.05,US Embassy station (reference-grade),1
2024-12-16,237.0,324,Hazardous,19.38,67.88,4.19,1013.67,0.0,225.62,945.7,Winter,1,12,0,0,200.0,260.0,186.0,200.57,164.45,US Embassy station (reference-grade),1
2024-12-17,215.0,290,Very Unhealthy,20.71,62.42,5.22,1013.01,0.0,186.25,973.2,Winter,1,12,1,0,237.0,200.0,260.0,206.57,166.15,US Embassy station (reference-grade),1
2024-12-18,178.0,253,Very Unhealthy,21.02,67.83,5.7,1012.33,0.0,297.29,1694.6,Winter,1,12,2,0,215.0,237.0,200.0,206.14,166.68,US Embassy station (reference-grade),1
2024-12-19,309.0,467,Hazardous,20.32,72.29,4.37,1013.04,0.0,256.04,1119.1,Winter,1,12,3,0,178.0,215.0,237.0,226.43,172.78,US Embassy station (reference-grade),1
2024-12-20,224.0,299,Very Unhealthy,20.4,71.62,3.81,1012.02,0.0,305.21,1163.6,Winter,1,12,4,1,309.0,178.0,215.0,231.86,175.55,US Embassy station (reference-grade),1
2024-12-21,266.0,382,Hazardous,19.51,76.88,3.72,1012.9,0.9,137.5,511.0,Winter,1,12,5,1,224.0,309.0,178.0,232.71,179.28,US Embassy station (reference-grade),1
2024-12-22,230.0,310,Hazardous,19.75,76.5,7.09,1013.44,0.0,257.5,1825.0,Winter,1,12,6,0,266.0,224.0,309.0,237.0,181.65,US Embassy station (reference-grade),1
2024-12-23,198.0,273,Very Unhealthy,19.92,68.17,5.56,1013.2,0.0,313.12,1740.5,Winter,1,12,0,0,230.0,266.0,224.0,231.43,183.48,US Embassy station (reference-grade),1
2024-12-24,178.0,253,Very Unhealthy,20.17,65.04,5.14,1013.25,0.0,380.62,1957.0,Winter,1,12,1,0,198.0,230.0,266.0,226.14,183.11,US Embassy station (reference-grade),1
2024-12-25,188.0,263,Very Unhealthy,20.85,60.54,4.15,1015.15,0.0,323.54,1342.7,Winter,1,12,2,0,178.0,198.0,230.0,227.57,182.51,US Embassy station (reference-grade),1
2024-12-26,147.0,222,Very Unhealthy,21.76,61.25,6.65,1016.92,0.0,296.88,1974.2,Winter,1,12,3,0,188.0,178.0,198.0,204.43,182.05,US Embassy station (reference-grade),1
2024-12-27,129.0,204,Very Unhealthy,20.98,62.88,7.67,1016.53,0.0,365.62,2803.1,Winter,1,12,4,1,147.0,188.0,178.0,190.86,181.25,US Embassy station (reference-grade),1
2024-12-28,173.0,248,Very Unhealthy,20.78,66.38,5.39,1015.2,0.0,357.29,1926.4,Winter,1,12,5,1,129.0,147.0,188.0,177.57,183.51,US Embassy station (reference-grade),1
2024-12-29,188.0,263,Very Unhealthy,21.09,68.17,5.32,1014.27,0.0,333.96,1778.3,Winter,1,12,6,0,173.0,129.0,147.0,171.57,186.92,US Embassy station (reference-grade),1
2024-12-30,188.0,263,Very Unhealthy,21.43,68.96,6.84,1015.06,0.0,372.29,2547.1,Winter,1,12,0,0,188.0,173.0,129.0,170.14,190.87,US Embassy station (reference-grade),1
2024-12-31,179.0,254,Very Unhealthy,19.92,71.12,8.64,1015.25,0.0,462.92,4000.4,Winter,1,12,1,0,188.0,188.0,173.0,170.29,193.23,US Embassy station (reference-grade),1
2025-01-01,226.0,302,Hazardous,19.16,76.71,8.48,1013.4,0.0,425.62,3610.7,Winter,1,1,2,0,179.0,188.0,188.0,175.71,197.4,US Embassy station (reference-grade),1
2025-01-02,198.0,273,Very Unhealthy,18.23,79.04,8.51,1013.79,0.0,353.12,3006.0,Winter,1,1,3,0,226.0,179.0,188.0,183.0,200.23,US Embassy station (reference-grade),1
2025-01-03,140.0,215,Very Unhealthy,18.73,76.33,5.44,1013.86,0.0,335.42,1825.2,Winter,1,1,4,1,198.0,226.0,179.0,184.57,198.33,US Embassy station (reference-grade),1
2025-01-04,197.0,272,Very Unhealthy,20.28,75.83,5.25,1012.55,0.0,427.08,2240.4,Winter,1,1,5,1,140.0,198.0,226.0,188.0,196.8,US Embassy station (reference-grade),1
2025-01-05,270.0,390,Hazardous,21.17,76.62,3.89,1013.38,0.0,335.0,1303.7,Winter,1,1,6,0,197.0,140.0,198.0,199.71,200.1,US Embassy station (reference-grade),1
2025-01-06,229.0,308,Hazardous,21.91,74.54,4.96,1012.41,0.0,430.83,2136.2,Winter,1,1,0,0,270.0,197.0,140.0,205.57,202.27,US Embassy station (reference-grade),1
2025-01-07,190.0,265,Very Unhealthy,20.93,68.46,5.74,1011.31,0.0,466.46,2676.3,Winter,1,1,1,0,229.0,270.0,197.0,207.14,202.6,US Embassy station (reference-grade),1
2025-01-08,178.0,253,Very Unhealthy,19.3,73.29,7.93,1012.96,0.0,465.21,3690.7,Winter,1,1,2,0,190.0,229.0,270.0,200.29,200.73,US Embassy station (reference-grade),1
2025-01-09,140.0,215,Very Unhealthy,17.92,72.33,7.72,1015.59,0.0,382.92,2958.0,Winter,1,1,3,0,178.0,190.0,229.0,192.0,199.63,US Embassy station (reference-grade),1
2025-01-10,182.0,257,Very Unhealthy,18.47,66.12,5.88,1017.08,0.0,349.38,2054.0,Winter,1,1,4,1,140.0,178.0,190.0,198.0,199.67,US Embassy station (reference-grade),1
2025-01-11,211.0,286,Very Unhealthy,19.72,65.71,4.45,1016.6,0.0,331.04,1474.5,Winter,1,1,5,1,182.0,140.0,178.0,200.0,201.13,US Embassy station (reference-grade),1
2025-01-12,204.0,279,Very Unhealthy,21.2,63.12,4.93,1015.48,0.0,358.54,1767.3,Winter,1,1,6,0,211.0,182.0,140.0,190.57,201.73,US Embassy station (reference-grade),1
2025-01-13,248.0,346,Hazardous,21.55,65.33,5.65,1013.54,0.0,448.54,2532.4,Winter,1,1,0,0,204.0,211.0,182.0,193.29,201.33,US Embassy station (reference-grade),1
2025-01-14,185.0,260,Very Unhealthy,21.16,64.79,7.55,1015.77,0.0,537.08,4052.7,Winter,1,1,1,0,248.0,204.0,211.0,192.57,200.83,US Embassy station (reference-grade),1
2025-01-15,187.0,262,Very Unhealthy,20.83,62.88,8.32,1016.3,0.0,464.38,3862.1,Winter,1,1,2,0,185.0,248.0,204.0,193.86,199.17,US Embassy station (reference-grade),1
2025-01-16,193.0,268,Very Unhealthy,21.13,65.04,6.68,1015.6,0.0,399.58,2670.5,Winter,1,1,3,0,187.0,185.0,248.0,201.43,198.43,US Embassy station (reference-grade),1
2025-01-17,186.0,261,Very Unhealthy,21.37,62.25,6.62,1014.51,0.0,470.0,3109.8,Winter,1,1,4,1,193.0,187.0,185.0,202.0,198.7,US Embassy station (reference-grade),1
2025-01-18,177.0,252,Very Unhealthy,20.82,67.75,7.75,1013.87,0.0,432.5,3351.9,Winter,1,1,5,1,186.0,193.0,187.0,197.14,194.3,US Embassy station (reference-grade),1
2025-01-19,135.0,210,Very Unhealthy,20.03,65.96,9.25,1012.73,0.0,372.71,3449.1,Winter,1,1,6,0,177.0,186.0,193.0,187.29,191.33,US Embassy station (reference-grade),1
2025-01-20,181.0,256,Very Unhealthy,19.35,71.04,7.2,1011.06,0.0,384.17,2767.6,Winter,1,1,0,0,135.0,177.0,186.0,177.71,188.5,US Embassy station (reference-grade),1
2025-01-21,248.0,346,Hazardous,19.85,70.79,4.93,1010.42,0.0,391.46,1931.2,Winter,1,1,1,0,181.0,135.0,177.0,186.71,189.1,US Embassy station (reference-grade),1
2025-01-22,383.0,500,Hazardous,20.63,72.75,4.43,1011.23,0.0,361.67,1601.9,Winter,1,1,2,0,248.0,181.0,135.0,214.71,195.27,US Embassy station (reference-grade),1
2025-01-23,244.0,338,Hazardous,19.8,71.75,4.72,1012.08,0.0,301.04,1419.9,Winter,1,1,3,0,383.0,248.0,181.0,222.0,197.47,US Embassy station (reference-grade),1
2025-01-24,231.0,312,Hazardous,20.45,69.29,4.02,1011.47,0.0,371.67,1492.9,Winter,1,1,4,1,244.0,383.0,248.0,228.43,198.9,US Embassy station (reference-grade),1
2025-01-25,223.0,298,Very Unhealthy,20.69,66.08,5.78,1012.42,0.0,475.0,2743.1,Winter,1,1,5,1,231.0,244.0,383.0,235.0,201.43,US Embassy station (reference-grade),1
2025-01-26,181.0,256,Very Unhealthy,19.85,60.67,7.07,1011.84,0.0,505.62,3575.2,Winter,1,1,6,0,223.0,231.0,244.0,241.57,203.17,US Embassy station (reference-grade),1
2025-01-27,227.0,304,Hazardous,19.97,65.88,6.01,1009.85,0.0,507.29,3050.1,Winter,1,1,0,0,181.0,223.0,231.0,248.14,204.97,US Embassy station (reference-grade),1
2025-01-28,261.0,372,Hazardous,20.55,61.17,6.09,1011.52,0.0,488.12,2973.5,Winter,1,1,1,0,227.0,181.0,223.0,250.0,207.4,US Embassy station (reference-grade),1
2025-01-29,342.0,500,Hazardous,21.09,56.04,4.16,1013.85,0.0,540.21,2246.4,Winter,1,1,2,0,261.0,227.0,181.0,244.14,212.53,US Embassy station (reference-grade),1
2025-01-30,285.0,420,Hazardous,21.63,71.83,9.35,1010.11,2.0,402.92,3768.9,Winter,1,1,3,0,342.0,261.0,227.0,250.0,216.07,US Embassy station (reference-grade),1
2025-01-31,132.0,207,Very Unhealthy,22.73,83.08,7.6,1010.05,1.1,391.46,2973.5,Winter,1,1,4,1,285.0,342.0,261.0,235.86,212.93,US Embassy station (reference-grade),1
2025-02-01,174.0,249,Very Unhealthy,22.43,82.54,3.68,1010.9,0.1,295.62,1088.9,Winter,1,2,5,1,132.0,285.0,342.0,228.86,212.13,US Embassy station (reference-grade),1
2025-02-02,262.0,374,Hazardous,22.98,74.5,5.53,1010.71,0.0,446.88,2472.7,Winter,1,2,6,0,174.0,132.0,285.0,240.43,216.2,US Embassy station (reference-grade),1
2025-02-03,178.0,253,Very Unhealthy,22.36,67.67,5.14,1011.54,0.0,562.08,2890.0,Winter,1,2,0,0,262.0,174.0,132.0,233.43,215.57,US Embassy station (reference-grade),1
2025-02-04,188.0,263,Very Unhealthy,21.52,62.88,6.18,1011.34,0.0,462.29,2854.7,Winter,1,2,1,0,178.0,262.0,174.0,223.0,212.83,US Embassy station (reference-grade),1
2025-02-05,251.0,352,Hazardous,22.65,63.25,5.34,1009.68,0.0,399.79,2133.9,Winter,1,2,2,0,188.0,178.0,262.0,210.0,213.57,US Embassy station (reference-grade),1
2025-02-06,257.0,364,Hazardous,23.77,63.0,6.39,1010.32,0.0,512.29,3274.4,Winter,1,2,3,0,251.0,188.0,178.0,206.0,215.8,US Embassy station (reference-grade),1
2025-02-07,126.0,201,Very Unhealthy,21.01,54.29,7.38,1012.32,0.0,399.17,2945.5,Winter,1,2,4,1,257.0,251.0,188.0,205.14,214.07,US Embassy station (reference-grade),1
2025-02-08,134.0,209,Very Unhealthy,20.17,54.92,6.42,1012.76,0.0,408.54,2621.5,Winter,1,2,5,1,126.0,257.0,251.0,199.43,213.87,US Embassy station (reference-grade),1
2025-02-09,157.0,232,Very Unhealthy,20.31,58.54,7.54,1011.95,0.0,441.46,3327.5,Winter,1,2,6,0,134.0,126.0,257.0,184.43,213.03,US Embassy station (reference-grade),1
2025-02-10,274.0,398,Hazardous,21.84,56.62,5.02,1012.28,0.0,425.0,2135.6,Winter,1,2,0,0,157.0,134.0,126.0,198.14,215.13,US Embassy station (reference-grade),1
2025-02-11,188.0,263,Very Unhealthy,22.44,72.58,8.64,1011.12,0.1,364.38,3147.3,Winter,1,2,1,0,274.0,157.0,134.0,198.14,214.6,US Embassy station (reference-grade),1
2025-02-12,113.0,191,Unhealthy,23.77,73.79,7.01,1011.05,0.0,452.5,3173.2,Winter,1,2,2,0,188.0,274.0,157.0,178.43,210.1,US Embassy station (reference-grade),1
2025-02-13,88.8,174,Unhealthy,24.4,70.92,8.78,1009.88,0.0,542.92,4766.4,Winter,1,2,3,0,113.0,188.0,274.0,154.4,206.89,US Embassy station (reference-grade),1
2025-02-14,109.0,189,Unhealthy,22.85,46.12,6.55,1010.46,0.0,496.88,3252.5,Winter,1,2,4,1,88.8,113.0,188.0,151.97,204.29,US Embassy station (reference-grade),1
2025-02-15,133.0,208,Very Unhealthy,22.58,46.46,5.19,1010.48,0.0,562.29,2919.2,Winter,1,2,5,1,109.0,88.8,113.0,151.83,202.29,US Embassy station (reference-grade),1
2025-02-16,188.0,263,Very Unhealthy,23.72,50.71,7.01,1010.69,0.0,612.29,4293.7,Winter,1,2,6,0,133.0,109.0,88.8,156.26,202.36,US Embassy station (reference-grade),1
2025-02-17,196.0,271,Very Unhealthy,24.68,62.04,6.41,1012.41,0.0,555.21,3558.0,Winter,1,2,0,0,188.0,133.0,109.0,145.11,202.99,US Embassy station (reference-grade),1
2025-02-18,154.0,229,Very Unhealthy,24.5,70.21,5.04,1011.92,4.2,473.54,2385.5,Winter,1,2,1,0,196.0,188.0,133.0,140.26,203.63,US Embassy station (reference-grade),1
2025-02-19,193.0,268,Very Unhealthy,25.15,62.54,4.09,1011.38,0.0,589.79,2410.8,Winter,1,2,2,0,154.0,196.0,188.0,151.69,204.03,US Embassy station (reference-grade),1
2025-02-20,193.0,268,Very Unhealthy,25.26,63.42,4.76,1012.8,0.0,555.0,2643.2,Winter,1,2,3,0,193.0,154.0,196.0,166.57,202.19,US Embassy station (reference-grade),1
2025-02-21,162.0,237,Very Unhealthy,25.7,59.83,6.48,1012.7,0.0,646.67,4189.9,Winter,1,2,4,1,193.0,193.0,154.0,174.14,194.83,US Embassy station (reference-grade),1
2025-02-22,134.0,209,Very Unhealthy,25.62,58.75,4.43,1013.3,1.7,563.96,2500.2,Winter,1,2,5,1,162.0,193.0,193.0,174.29,191.16,US Embassy station (reference-grade),1
2025-02-23,134.0,209,Very Unhealthy,24.1,62.25,4.27,1014.57,1.6,361.67,1543.1,Winter,1,2,6,0,134.0,162.0,193.0,166.57,187.93,US Embassy station (reference-grade),1
2025-02-24,95.3,179,Unhealthy,24.54,60.21,6.17,1015.15,0.0,661.67,4083.0,Winter,1,2,0,0,134.0,134.0,162.0,152.19,183.67,US Embassy station (reference-grade),1
2025-02-25,134.0,209,Very Unhealthy,24.79,52.67,7.12,1016.15,0.0,801.88,5706.7,Winter,1,2,1,0,95.3,134.0,134.0,149.33,182.1,US Embassy station (reference-grade),1
2025-02-26,166.0,241,Very Unhealthy,24.45,49.25,7.65,1016.09,0.0,635.83,4864.1,Winter,1,2,2,0,134.0,95.3,134.0,145.47,180.07,US Embassy station (reference-grade),1
2025-02-27,150.0,225,Very Unhealthy,25.22,49.75,7.13,1013.58,0.0,693.12,4944.3,Winter,1,2,3,0,166.0,134.0,95.3,139.33,176.37,US Embassy station (reference-grade),1
2025-02-28,190.0,265,Very Unhealthy,26.08,53.96,5.68,1012.26,0.1,633.75,3601.8,Winter,1,2,4,1,150.0,166.0,134.0,143.33,171.3,US Embassy station (reference-grade),1
2025-03-01,189.0,264,Very Unhealthy,26.58,60.71,7.66,1009.74,0.1,626.46,4797.6,Pre-monsoon,1,3,5,1,190.0,150.0,166.0,151.19,168.1,US Embassy station (reference-grade),1
2025-03-02,123.0,198,Unhealthy,28.32,53.92,10.59,1006.82,0.0,776.04,8219.6,Pre-monsoon,1,3,6,0,189.0,190.0,150.0,149.61,167.8,US Embassy station (reference-grade),1
2025-03-03,172.0,247,Very Unhealthy,28.46,46.33,6.06,1008.25,0.0,784.58,4753.3,Pre-monsoon,1,3,0,0,123.0,189.0,190.0,160.57,167.74,US Embassy station (reference-grade),1
2025-03-04,104.0,185,Unhealthy,27.31,37.92,7.39,1008.44,0.0,769.38,5687.0,Pre-monsoon,1,3,1,0,172.0,123.0,189.0,156.29,162.47,US Embassy station (reference-grade),1
2025-03-05,107.0,187,Unhealthy,26.88,39.46,9.37,1007.5,0.0,848.54,7951.5,Pre-monsoon,1,3,2,0,104.0,172.0,123.0,147.86,160.1,US Embassy station (reference-grade),1
2025-03-06,103.0,184,Unhealthy,25.36,38.12,7.67,1009.67,0.0,729.17,5593.3,Pre-monsoon,1,3,3,0,107.0,104.0,172.0,141.14,157.27,US Embassy station (reference-grade),1
2025-03-07,108.0,188,Unhealthy,24.65,42.54,7.3,1008.25,0.0,773.33,5648.6,Pre-monsoon,1,3,4,1,103.0,107.0,104.0,129.43,152.5,US Embassy station (reference-grade),1
2025-03-08,156.0,231,Very Unhealthy,25.8,45.38,7.72,1007.92,0.0,880.21,6795.9,Pre-monsoon,1,3,5,1,108.0,103.0,107.0,124.71,149.14,US Embassy station (reference-grade),1
2025-03-09,136.0,211,Very Unhealthy,27.25,51.38,4.41,1011.51,0.0,902.08,3976.7,Pre-monsoon,1,3,6,0,156.0,108.0,103.0,126.57,149.47,US Embassy station (reference-grade),1
2025-03-10,217.0,292,Very Unhealthy,28.35,40.33,5.87,1013.35,0.0,866.88,5089.3,Pre-monsoon,1,3,0,0,136.0,156.0,108.0,133.0,152.24,US Embassy station (reference-grade),1
2025-03-11,152.0,227,Very Unhealthy,28.88,42.71,7.93,1010.9,0.0,916.67,7268.4,Pre-monsoon,1,3,1,0,217.0,136.0,156.0,139.86,152.07,US Embassy station (reference-grade),1
2025-03-12,121.0,197,Unhealthy,28.75,43.71,9.38,1007.19,0.0,898.12,8419.9,Pre-monsoon,1,3,2,0,152.0,217.0,136.0,141.86,146.97,US Embassy station (reference-grade),1
2025-03-13,68.0,160,Unhealthy,29.21,58.42,10.42,1005.38,0.0,894.58,9326.0,Pre-monsoon,1,3,3,0,121.0,152.0,217.0,136.86,142.97,US Embassy station (reference-grade),1
2025-03-14,72.4,163,Unhealthy,29.82,62.54,10.12,1006.85,0.2,823.96,8339.1,Pre-monsoon,1,3,4,1,68.0,121.0,152.0,131.77,141.62,US Embassy station (reference-grade),1
2025-03-15,63.2,156,Unhealthy,30.22,65.12,9.9,1008.35,0.0,858.54,8496.0,Pre-monsoon,1,3,5,1,72.4,68.0,121.0,118.51,140.76,US Embassy station (reference-grade),1
2025-03-16,72.2,163,Unhealthy,29.88,65.12,10.92,1007.89,12.6,841.25,9183.6,Pre-monsoon,1,3,6,0,63.2,72.4,68.0,109.4,139.54,US Embassy station (reference-grade),1
2025-03-17,68.3,160,Unhealthy,29.19,60.79,8.18,1007.24,1.2,693.75,5674.3,Pre-monsoon,1,3,0,0,72.2,63.2,72.4,88.16,137.38,US Embassy station (reference-grade),1
2025-03-18,92.6,177,Unhealthy,29.88,50.79,8.32,1007.98,0.0,843.12,7015.5,Pre-monsoon,1,3,1,0,68.3,72.2,63.2,79.67,134.2,US Embassy station (reference-grade),1
2025-03-19,173.0,248,Very Unhealthy,30.24,42.25,5.75,1011.13,0.0,890.83,5118.6,Pre-monsoon,1,3,2,0,92.6,68.3,72.2,87.1,133.43,US Embassy station (reference-grade),1
2025-03-20,94.5,178,Unhealthy,27.95,66.79,8.83,1012.64,1.4,549.58,4854.7,Pre-monsoon,1,3,3,0,173.0,92.6,68.3,90.89,131.45,US Embassy station (reference-grade),1
2025-03-21,93.3,177,Unhealthy,26.55,58.62,7.13,1013.66,1.6,509.38,3631.4,Pre-monsoon,1,3,4,1,94.5,173.0,92.6,93.87,128.13,US Embassy station (reference-grade),1
2025-03-22,173.0,248,Very Unhealthy,24.36,68.79,5.05,1013.61,1.6,444.38,2245.9,Pre-monsoon,1,3,5,1,93.3,94.5,173.0,109.56,127.46,US Embassy station (reference-grade),1
2025-03-23,84.3,171,Unhealthy,26.58,52.83,4.24,1013.15,0.0,797.71,3383.6,Pre-monsoon,1,3,6,0,173.0,93.3,94.5,111.29,124.87,US Embassy station (reference-grade),1
2025-03-24,101.0,183,Unhealthy,27.45,44.17,8.33,1011.73,0.0,922.5,7683.7,Pre-monsoon,1,3,0,0,84.3,173.0,93.3,115.96,123.77,US Embassy station (reference-grade),1
2025-12-10,156.0,231,Very Unhealthy,21.35,66.29,6.2,1015.2,0.0,373.12,2313.344,Winter,1,12,2,0,,,,156.0,156.0,"low-cost sensor avg, 1 stations",1
2025-12-11,162.0,237,Very Unhealthy,20.89,65.08,4.76,1014.23,0.0,395.21,1881.1996,Winter,1,12,3,0,156.0,,,159.0,159.0,"low-cost sensor avg, 1 stations",1
2025-12-12,162.0,237,Very Unhealthy,21.09,61.25,4.54,1013.7,0.0,395.21,1794.2533999999998,Winter,1,12,4,1,162.0,156.0,,160.0,160.0,"low-cost sensor avg, 1 stations",1
2025-12-13,125.0,200,Unhealthy,21.82,61.58,6.46,1014.4,0.0,420.21,2714.5566,Winter,1,12,5,1,162.0,162.0,156.0,151.25,151.25,"low-cost sensor avg, 1 stations",1
2025-12-14,105.0,186,Unhealthy,22.08,61.83,5.42,1015.08,0.0,444.17,2407.4014,Winter,1,12,6,0,125.0,162.0,162.0,142.0,142.0,"low-cost sensor avg, 1 stations",1
2025-12-15,133.0,208,Very Unhealthy,21.95,60.75,4.67,1014.87,0.0,450.83,2105.3761,Winter,1,12,0,0,105.0,125.0,162.0,140.5,140.5,"low-cost sensor avg, 1 stations",1
2025-12-16,184.0,259,Very Unhealthy,21.55,63.04,5.05,1014.1,0.0,529.58,2674.379,Winter,1,12,1,0,133.0,105.0,125.0,146.71428571428572,146.71428571428572,"low-cost sensor avg, 1 stations",1
2025-12-17,145.0,220,Very Unhealthy,21.73,61.42,7.69,1014.94,0.0,560.42,4309.6298,Winter,1,12,2,0,184.0,133.0,105.0,145.14285714285714,146.5,"low-cost sensor avg, 1 stations",1
2025-12-18,132.0,207,Very Unhealthy,22.3,64.58,5.59,1014.6,0.0,411.25,2298.8875,Winter,1,12,3,0,145.0,184.0,133.0,140.85714285714286,144.88888888888889,"low-cost sensor avg, 1 stations",1
2025-12-19,141.0,216,Very Unhealthy,22.42,63.96,4.8,1013.25,0.0,519.58,2493.984,Winter,1,12,4,1,132.0,145.0,184.0,137.85714285714286,144.5,"low-cost sensor avg, 1 stations",1
2025-12-20,173.0,248,Very Unhealthy,22.43,62.58,7.5,1013.01,0.0,620.62,4654.65,Winter,1,12,5,1,141.0,132.0,145.0,144.71428571428572,147.0909090909091,"low-cost sensor avg, 1 stations",1
2025-12-21,195.0,270,Very Unhealthy,21.37,64.75,7.32,1014.73,0.0,507.29,3713.3628000000003,Winter,1,12,6,0,173.0,141.0,132.0,157.57142857142858,151.08333333333334,"low-cost sensor avg, 1 stations",1
2025-12-22,202.0,277,Very Unhealthy,21.45,65.71,7.05,1013.85,0.0,568.96,4011.168,Winter,1,12,0,0,195.0,173.0,141.0,167.42857142857142,155.0,"low-cost sensor avg, 1 stations",1
2025-12-23,196.0,271,Very Unhealthy,20.55,67.83,8.28,1012.75,0.0,549.58,4550.5224,Winter,1,12,1,0,202.0,195.0,173.0,169.14285714285714,157.92857142857142,"low-cost sensor avg, 1 stations",1
2025-12-24,209.0,284,Very Unhealthy,19.52,69.42,7.74,1013.41,0.0,476.88,3691.0512,Winter,1,12,2,0,196.0,202.0,195.0,178.28571428571428,161.33333333333334,"low-cost sensor avg, 1 stations",1
2025-12-25,194.0,269,Very Unhealthy,18.35,70.79,5.47,1014.52,0.0,447.92,2450.1224,Winter,1,12,3,0,209.0,196.0,202.0,187.14285714285714,163.375,"low-cost sensor avg, 1 stations",1
2025-12-26,228.0,303,Hazardous,18.27,69.08,5.11,1014.23,0.0,396.46,2025.9106,Winter,1,12,4,1,194.0,209.0,196.0,199.57142857142858,167.1764705882353,"low-cost sensor avg, 1 stations",1
2025-12-27,178.0,253,Very Unhealthy,18.65,70.08,4.77,1014.13,0.0,430.0,2051.1,Winter,1,12,5,1,228.0,194.0,209.0,200.28571428571428,167.77777777777777,"low-cost sensor avg, 1 stations",1
2025-12-28,142.0,217,Very Unhealthy,18.13,74.83,7.6,1015.03,0.0,407.71,3098.5959999999995,Winter,1,12,6,0,178.0,228.0,194.0,192.71428571428572,166.42105263157896,"low-cost sensor avg, 1 stations",1
2025-12-29,91.4,176,Unhealthy,17.22,76.58,7.63,1015.17,0.0,420.21,3206.2023,Winter,1,12,0,0,142.0,178.0,228.0,176.91428571428574,162.67000000000002,"low-cost sensor avg, 1 stations",1
2025-12-30,78.4,167,Unhealthy,15.52,77.46,6.91,1014.1,0.0,405.62,2802.8342000000002,Winter,1,12,1,0,91.4,142.0,178.0,160.1142857142857,158.65714285714287,"low-cost sensor avg, 1 stations",1
2025-12-31,140.0,215,Very Unhealthy,16.0,74.12,6.07,1012.72,0.0,358.33,2175.0631,Winter,1,12,2,0,78.4,91.4,142.0,150.25714285714284,157.8090909090909,"low-cost sensor avg, 1 stations",1
2026-01-01,247.0,317,Hazardous,17.27,75.54,6.39,1013.0,0.0,314.58,2010.1662,Winter,1,1,3,0,140.0,78.4,91.4,157.82857142857142,161.68695652173915,"low-cost sensor avg, 1 stations",1
2026-01-02,234.0,307,Hazardous,17.8,72.62,7.42,1014.26,0.0,491.25,3645.075,Winter,1,1,4,1,247.0,140.0,78.4,158.68571428571428,164.70000000000002,"low-cost sensor avg, 1 stations",1
2026-01-03,267.0,331,Hazardous,17.22,72.88,5.96,1016.12,0.0,413.12,2462.1952,Winter,1,1,5,1,234.0,247.0,140.0,171.4,168.792,"low-cost sensor avg, 1 stations",1
2026-01-04,284.0,343,Hazardous,16.55,75.04,7.58,1017.23,0.0,448.12,3396.7496,Winter,1,1,6,0,267.0,234.0,247.0,191.68571428571428,173.22307692307692,"low-cost sensor avg, 1 stations",1
2026-01-05,141.0,216,Very Unhealthy,15.54,77.25,8.52,1018.17,0.0,432.5,3684.8999999999996,Winter,1,1,0,0,284.0,267.0,234.0,198.77142857142854,172.02962962962962,"low-cost sensor avg, 1 stations",1
2026-01-06,146.0,221,Very Unhealthy,16.15,74.79,9.12,1017.95,0.0,493.96,4504.9151999999995,Winter,1,1,1,0,141.0,284.0,267.0,208.42857142857142,171.1,"low-cost sensor avg, 1 stations",1
2026-01-07,220.0,295,Very Unhealthy,17.06,74.04,9.15,1018.16,0.0,397.29,3635.2035000000005,Winter,1,1,2,0,146.0,141.0,284.0,219.85714285714286,172.78620689655173,"low-cost sensor avg, 1 stations",1
2026-01-08,259.0,325,Hazardous,17.62,69.38,8.46,1018.32,0.0,429.79,3636.0234000000005,Winter,1,1,3,0,220.0,146.0,141.0,221.57142857142858,175.66,"low-cost sensor avg, 1 stations",1
2026-01-09,239.0,311,Hazardous,18.73,69.62,8.08,1016.62,0.0,503.75,4070.3,Winter,1,1,4,1,259.0,220.0,146.0,222.28571428571428,178.42666666666668,"low-cost sensor avg, 1 stations",1
2026-01-10,276.0,338,Hazardous,18.65,69.62,9.35,1015.73,0.0,500.42,4678.927,Winter,1,1,5,1,239.0,259.0,220.0,223.57142857142858,182.22666666666666,"low-cost sensor avg, 1 stations",1
2026-01-11,215.0,290,Very Unhealthy,19.45,67.12,9.19,1016.88,0.0,505.83,4648.5777,Winter,1,1,6,0,276.0,239.0,259.0,213.71428571428572,183.99333333333334,"low-cost sensor avg, 1 stations",1
2026-01-12,222.0,297,Very Unhealthy,19.73,64.54,8.3,1017.66,0.0,508.96,4224.368,Winter,1,1,0,0,215.0,276.0,239.0,225.28571428571428,187.22666666666666,"low-cost sensor avg, 1 stations",1
2026-01-13,208.0,283,Very Unhealthy,20.12,65.67,9.11,1015.92,0.0,489.17,4456.3387,Winter,1,1,1,0,222.0,215.0,276.0,234.14285714285714,190.66,"low-cost sensor avg, 1 stations",1
2026-01-14,234.0,307,Hazardous,20.31,63.12,7.58,1013.73,0.0,649.58,4923.816400000001,Winter,1,1,2,0,208.0,222.0,215.0,236.14285714285714,194.02666666666667,"low-cost sensor avg, 1 stations",1
2026-01-15,232.0,306,Hazardous,20.22,63.92,9.17,1013.22,0.0,561.04,5144.7368,Winter,1,1,3,0,234.0,208.0,222.0,232.28571428571428,195.62666666666667,"low-cost sensor avg, 1 stations",1
2026-01-16,231.0,305,Hazardous,20.5,59.62,7.88,1013.21,0.0,642.71,5064.5548,Winter,1,1,4,1,232.0,234.0,208.0,231.14285714285714,198.49333333333334,"low-cost sensor avg, 1 stations",1
2026-01-17,210.0,285,Very Unhealthy,21.05,60.25,7.35,1012.03,0.0,550.0,4042.5,Winter,1,1,5,1,231.0,232.0,234.0,221.71428571428572,201.09333333333333,"low-cost sensor avg, 1 stations",1
2026-01-18,209.0,284,Very Unhealthy,21.23,61.58,5.25,1011.47,0.0,501.04,2630.46,Winter,1,1,6,0,210.0,231.0,232.0,220.85714285714286,203.36,"low-cost sensor avg, 1 stations",1
2026-01-19,218.0,293,Very Unhealthy,21.35,62.38,6.38,1012.32,0.0,475.62,3034.4556,Winter,1,1,0,0,209.0,210.0,231.0,220.28571428571428,204.86,"low-cost sensor avg, 1 stations",1
2026-01-20,242.0,313,Hazardous,21.39,60.67,6.27,1013.47,0.0,424.58,2662.1166,Winter,1,1,1,0,218.0,209.0,210.0,225.14285714285714,206.42666666666668,"low-cost sensor avg, 1 stations",1
2026-01-21,265.0,330,Hazardous,21.52,61.21,6.32,1014.68,0.0,624.79,3948.6728,Winter,1,1,2,0,242.0,218.0,209.0,229.57142857142858,208.52666666666667,"low-cost sensor avg, 1 stations",1
2026-01-22,194.0,269,Very Unhealthy,21.04,55.62,7.37,1015.81,0.0,570.62,4205.4694,Winter,1,1,3,0,265.0,242.0,218.0,224.14285714285714,208.46,"low-cost sensor avg, 1 stations",1
2026-01-23,231.0,305,Hazardous,20.85,54.42,4.4,1016.87,0.0,481.46,2118.424,Winter,1,1,4,1,194.0,265.0,242.0,224.14285714285714,209.19333333333333,"low-cost sensor avg, 1 stations",1
2026-01-24,238.0,310,Hazardous,20.79,52.17,5.38,1016.83,0.0,491.88,2646.3143999999998,Winter,1,1,5,1,231.0,194.0,265.0,228.14285714285714,210.66,"low-cost sensor avg, 1 stations",1
2026-01-25,252.0,320,Hazardous,21.17,60.42,6.43,1015.46,0.0,566.04,3639.6371999999997,Winter,1,1,6,0,238.0,231.0,194.0,234.28571428571428,211.46,"low-cost sensor avg, 1 stations",1
2026-01-26,211.0,286,Very Unhealthy,21.15,60.58,7.73,1016.93,0.0,553.12,4275.6176000000005,Winter,1,1,0,0,252.0,238.0,231.0,233.28571428571428,212.56,"low-cost sensor avg, 1 stations",1
2026-01-27,194.0,269,Very Unhealthy,20.96,61.88,6.72,1017.28,0.0,449.17,3018.4224,Winter,1,1,1,0,211.0,252.0,238.0,226.42857142857142,214.29333333333335,"low-cost sensor avg, 1 stations",1
2026-01-28,202.0,277,Very Unhealthy,21.61,63.5,5.26,1015.64,0.0,460.83,2423.9658,Winter,1,1,2,0,194.0,211.0,252.0,217.42857142857142,217.98000000000002,"low-cost sensor avg, 1 stations",1
2026-01-29,240.0,311,Hazardous,22.14,63.92,6.19,1015.18,0.0,491.25,3040.8375,Winter,1,1,3,0,202.0,194.0,211.0,224.0,223.36666666666667,"low-cost sensor avg, 1 stations",1
2026-01-30,152.0,227,Very Unhealthy,21.38,59.46,8.6,1016.87,0.0,524.38,4509.668,Winter,1,1,4,1,240.0,202.0,194.0,212.71428571428572,223.76666666666668,"low-cost sensor avg, 1 stations",1
2026-01-31,145.0,220,Very Unhealthy,20.76,61.38,8.13,1017.11,0.0,427.92,3478.9896000000003,Winter,1,1,5,1,152.0,240.0,202.0,199.42857142857142,220.36666666666667,"low-cost sensor avg, 1 stations",1
2026-02-01,194.0,269,Very Unhealthy,20.89,66.62,7.78,1016.84,0.0,428.96,3337.3088,Winter,1,2,6,0,145.0,152.0,240.0,191.14285714285714,219.03333333333333,"low-cost sensor avg, 1 stations",1
2026-02-02,211.0,286,Very Unhealthy,21.68,65.67,6.23,1016.37,0.0,407.29,2537.4167,Winter,1,2,0,0,194.0,145.0,152.0,191.14285714285714,217.16666666666666,"low-cost sensor avg, 1 stations",1
2026-02-03,200.0,275,Very Unhealthy,22.42,60.88,5.77,1016.92,0.0,500.62,2888.5773999999997,Winter,1,2,1,0,211.0,194.0,145.0,192.0,214.36666666666667,"low-cost sensor avg, 1 stations",1
2026-02-04,207.0,282,Very Unhealthy,22.74,62.08,7.74,1016.61,0.0,524.17,4057.0757999999996,Winter,1,2,2,0,200.0,211.0,194.0,192.71428571428572,216.56666666666666,"low-cost sensor avg, 1 stations",1
2026-02-05,155.0,230,Very Unhealthy,21.73,53.33,8.3,1016.63,0.0,561.46,4660.118,Winter,1,2,3,0,207.0,200.0,211.0,180.57142857142858,216.86666666666667,"low-cost sensor avg, 1 stations",1
2026-02-06,141.0,216,Very Unhealthy,20.3,52.96,8.65,1016.02,0.0,484.17,4188.070500000001,Winter,1,2,4,1,155.0,207.0,200.0,179.0,214.23333333333332,"low-cost sensor avg, 1 stations",1
2026-02-07,152.0,227,Very Unhealthy,19.98,58.08,7.05,1014.3,0.0,476.67,3360.5235000000002,Winter,1,2,5,1,141.0,155.0,207.0,180.0,210.66666666666666,"low-cost sensor avg, 1 stations",1
2026-02-08,169.0,244,Very Unhealthy,20.7,56.71,7.12,1013.7,0.0,549.58,3913.0096000000003,Winter,1,2,6,0,152.0,141.0,155.0,176.42857142857142,208.33333333333334,"low-cost sensor avg, 1 stations",1
2026-02-09,178.0,253,Very Unhealthy,21.18,53.58,6.48,1013.4,0.0,514.38,3333.1824,Winter,1,2,0,0,169.0,152.0,141.0,171.71428571428572,205.06666666666666,"low-cost sensor avg, 1 stations",1
2026-02-10,225.5,301,Hazardous,22.28,55.644999999999996,6.234999999999999,1014.3199999999999,0.0,609.165,3798.1437749999996,Winter,1,2,1,0,178.0,169.0,152.0,175.35714285714286,205.41666666666666,"low-cost sensor avg, 2 stations",2
2026-02-11,211.0,286,Very Unhealthy,23.325,54.08,7.04,1015.95,0.0,585.105,4119.1392000000005,Winter,1,2,2,0,225.5,178.0,169.0,175.92857142857142,205.05,"low-cost sensor avg, 2 stations",2
2026-02-12,149.33333333333334,225,Very Unhealthy,22.80333333333333,49.596666666666664,7.2299999999999995,1014.5933333333332,0.0,581.9466666666666,4207.474399999999,Winter,1,2,3,0,211.0,225.5,178.0,175.11904761904765,203.09444444444443,"low-cost sensor avg, 3 stations",3
2026-02-13,169.66666666666666,245,Very Unhealthy,22.823333333333334,51.80666666666667,7.57,1013.0099999999999,0.0,549.93,4162.9701,Winter,1,2,4,1,149.33333333333334,211.0,225.5,179.21428571428572,200.95,"low-cost sensor avg, 3 stations",3
2026-02-14,118.33333333333333,195,Unhealthy,22.823333333333334,47.96,8.59,1011.7999999999998,0.0,509.3033333333333,4374.915633333333,Winter,1,2,5,1,169.66666666666666,149.33333333333334,211.0,174.40476190476193,197.1611111111111,"low-cost sensor avg, 3 stations",3
2026-02-15,161.25,236,Very Unhealthy,22.47,50.25,6.475,1011.7,0.0,501.9275,3249.9805625,Winter,1,2,6,0,118.33333333333333,169.66666666666666,149.33333333333334,173.29761904761907,194.8361111111111,"low-cost sensor avg, 4 stations",4
2026-02-16,165.25,240,Very Unhealthy,23.185,52.6475,6.2325,1011.9525,0.0,599.27,3734.9502749999997,Winter,1,2,0,0,161.25,118.33333333333333,169.66666666666666,171.4761904761905,193.34444444444443,"low-cost sensor avg, 4 stations",4
2026-02-17,171.66666666666666,247,Very Unhealthy,24.338333333333335,50.16166666666667,5.6433333333333335,1011.0183333333333,0.0,523.5416666666666,2954.5201388888886,Winter,1,2,1,0,165.25,161.25,118.33333333333333,163.78571428571428,192.1,"low-cost sensor avg, 6 stations",6
2026-02-18,171.28571428571428,246,Very Unhealthy,25.004285714285714,47.67857142857143,5.422857142857143,1011.3714285714286,0.0,577.6457142857142,3132.4901877551015,Winter,1,2,2,0,171.66666666666666,165.25,161.25,158.1122448979592,190.54285714285712,"low-cost sensor avg, 7 stations",7
2026-02-19,186.79999999999998,262,Very Unhealthy,25.75714285714286,45.31,5.642857142857143,1012.5657142857143,0.0,620.6857142857143,3502.440816326531,Winter,1,2,3,0,171.28571428571428,171.66666666666666,165.25,163.46462585034013,188.70285714285714,"low-cost sensor avg, 7 stations",7
2026-02-20,200.85714285714286,276,Very Unhealthy,26.13714285714286,47.470000000000006,6.367142857142857,1013.04,0.0,650.5657142857143,4142.244840816327,Winter,1,2,4,1,186.79999999999998,171.28571428571428,171.66666666666666,167.9204081632653,186.5647619047619,"low-cost sensor avg, 7 stations",7
2026-02-21,158.14285714285714,233,Very Unhealthy,26.00714285714286,48.635714285714286,6.642857142857143,1009.8328571428572,0.0,614.1671428571428,4079.8245918367347,Winter,1,2,5,1,200.85714285714286,186.79999999999998,171.28571428571428,173.60748299319727,185.3695238095238,"low-cost sensor avg, 7 stations",7
2026-02-22,157.28571428571428,232,Very Unhealthy,25.545714285714286,50.41285714285714,5.077142857142857,1008.0814285714285,0.0,636.5485714285714,3231.8480326530616,Winter,1,2,6,0,158.14285714285714,200.85714285714286,186.79999999999998,173.041156462585,182.91238095238094,"low-cost sensor avg, 7 stations",7
2026-02-23,224.85714285714286,299,Very Unhealthy,26.064285714285717,49.387142857142855,5.271428571428571,1008.2642857142857,0.0,777.8257142857143,4100.252693877551,Winter,1,2,0,0,157.28571428571428,158.14285714285714,200.85714285714286,181.556462585034,182.47428571428568,"low-cost sensor avg, 7 stations",7
2026-02-24,208.85714285714286,284,Very Unhealthy,24.80142857142857,59.237142857142864,4.854285714285714,1009.4842857142858,0.0,460.09000000000003,2233.4083142857144,Winter,1,2,1,0,224.85714285714286,157.28571428571428,158.14285714285714,186.86938775510203,181.03619047619046,"low-cost sensor avg, 7 stations",7
2026-02-25,225.0,300,Very Unhealthy,25.4875,55.295,6.07875,1009.46,0.037500000000000006,747.18875,4541.9736140625,Winter,1,2,2,0,208.85714285714286,224.85714285714286,157.28571428571428,194.54285714285714,181.50285714285712,"low-cost sensor avg, 8 stations",8
2026-02-26,175.85714285714286,251,Very Unhealthy,25.23857142857143,49.44714285714286,5.958571428571429,1008.3728571428571,0.0,858.9899999999999,5118.353271428571,Winter,1,2,3,0,225.0,208.85714285714286,224.85714285714286,192.9795918367347,180.89809523809524,"low-cost sensor avg, 7 stations",7
2026-02-27,177.28571428571428,252,Very Unhealthy,24.922857142857143,46.978571428571435,7.604285714285715,1006.6585714285713,0.0,842.5585714285714,6407.056108163266,Winter,1,2,4,1,175.85714285714286,225.0,208.85714285714286,189.6122448979592,180.0742857142857,"low-cost sensor avg, 7 stations",7
2026-02-28,164.5,240,Very Unhealthy,25.29,43.52625,7.38125,1005.99,0.0,805.94,5948.844625,Winter,1,2,5,1,177.28571428571428,175.85714285714286,225.0,190.5204081632653,177.55761904761903,"low-cost sensor avg, 8 stations",8
2026-03-01,107.175,187,Unhealthy,25.82125,56.45375,9.21875,1006.4825,0.0,664.2175,6123.255078125,Pre-monsoon,1,3,6,0,164.5,177.28571428571428,175.85714285714286,183.36173469387754,176.06345238095236,"low-cost sensor avg, 8 stations",8
2026-03-02,144.625,220,Very Unhealthy,25.83875,70.485,5.547499999999999,1008.15,0.7375,511.38,2836.88055,Pre-monsoon,1,3,0,0,107.175,164.5,177.28571428571428,171.9,176.05095238095237,"low-cost sensor avg, 8 stations",8
2026-03-03,178.75,254,Very Unhealthy,25.73,63.37375,5.165,1009.36625,0.0125,688.59375,3556.58671875,Pre-monsoon,1,3,1,0,144.625,107.175,164.5,167.59897959183672,175.54261904761904,"low-cost sensor avg, 8 stations",8
2026-03-04,209.25,284,Very Unhealthy,25.93625,48.2775,5.835,1009.54625,0.0,756.14625,4412.11336875,Pre-monsoon,1,3,2,0,178.75,144.625,107.175,165.34897959183672,175.4842857142857,"low-cost sensor avg, 8 stations",8
2026-03-05,213.85714285714286,289,Very Unhealthy,26.795714285714286,49.34142857142857,4.207142857142857,1007.8828571428572,0.0,653.9857142857143,2751.4113265306123,Pre-monsoon,1,3,3,0,209.25,178.75,144.625,170.77755102040814,175.94619047619048,"low-cost sensor avg, 7 stations",7
2026-03-06,208.125,283,Very Unhealthy,27.52875,48.91125,5.62875,1008.24,0.0,682.0074999999999,3838.8497156249996,Pre-monsoon,1,3,4,1,213.85714285714286,209.25,178.75,175.18316326530612,175.98369047619047,"low-cost sensor avg, 8 stations",8
2026-03-07,111.84285714285714,190,Unhealthy,26.722857142857144,56.00142857142857,7.11,1010.16,0.0,590.8942857142857,4201.258371428572,Pre-monsoon,1,3,5,1,208.125,213.85714285714286,209.25,167.66071428571428,174.54511904761904,"low-cost sensor avg, 7 stations",7
2026-03-08,95.77142857142857,179,Unhealthy,26.271428571428572,66.59,6.388571428571429,1011.1314285714286,0.6285714285714287,601.3685714285714,3841.8860734693876,Pre-monsoon,1,3,6,0,111.84285714285714,208.125,213.85714285714286,166.03163265306122,173.0375,"low-cost sensor avg, 7 stations",7
2026-03-09,129.57142857142858,205,Very Unhealthy,26.13,71.43142857142857,4.577142857142857,1012.0328571428571,0.14285714285714285,546.58,2501.7747428571433,Pre-monsoon,1,3,0,0,95.77142857142857,111.84285714285714,208.125,163.8811224489796,172.28988095238094,"low-cost sensor avg, 7 stations",7
2026-03-10,149.75,225,Very Unhealthy,27.60375,62.599999999999994,3.15125,1012.23,0.4375,536.405,1690.34625625,Pre-monsoon,1,3,1,0,129.57142857142858,95.77142857142857,111.84285714285714,159.73826530612246,171.6482142857143,"low-cost sensor avg, 8 stations",8
2026-03-11,137.0,212,Very Unhealthy,27.634999999999998,67.88875,4.8862499999999995,1010.1975,1.1,575.42,2811.6459749999995,Pre-monsoon,1,3,2,0,149.75,129.57142857142858,95.77142857142857,149.41683673469387,170.28154761904761,"low-cost sensor avg, 8 stations",8
2026-03-12,93.625,178,Unhealthy,26.91875,71.38375,7.43125,1008.12875,0.3875,547.7625,4070.5600781250005,Pre-monsoon,1,3,3,0,137.0,149.75,129.57142857142858,132.24081632653062,165.88571428571427,"low-cost sensor avg, 8 stations",8
2026-03-13,74.7375,164,Unhealthy,25.64875,78.10875,10.4125,1007.12125,2.5625,580.8875,6048.49109375,Pre-monsoon,1,3,4,1,93.625,137.0,149.75,113.18545918367347,161.34363095238095,"low-cost sensor avg, 8 stations",8
2026-03-14,54.24444444444444,147,Unhealthy for Sensitive Groups,26.874444444444446,73.66000000000001,14.686666666666667,1008.6899999999999,8.777777777777779,733.7966666666666,10777.027044444445,Pre-monsoon,1,3,5,1,74.7375,93.625,137.0,104.95711451247166,158.17400132275134,"low-cost sensor avg, 8 stations",8
2026-03-15,48.5375,133,Unhealthy for Sensitive Groups,24.61375,80.58250000000001,14.62625,1009.50875,17.887500000000003,591.25,8647.7703125,Pre-monsoon,1,3,6,0,54.24444444444444,74.7375,93.625,98.20941043083899,154.13636243386242,"low-cost sensor avg, 7 stations",7
2026-03-16,61.71111111111111,155,Unhealthy,25.87777777777778,71.55777777777777,11.684444444444445,1008.2244444444445,1.8111111111111111,619.93,7243.537644444444,Pre-monsoon,1,3,0,0,48.5375,54.24444444444444,74.7375,88.51507936507936,152.24895502645504,"low-cost sensor avg, 8 stations",8
2026-03-17,53.422222222222224,145,Unhealthy for Sensitive Groups,26.221111111111114,69.82444444444444,10.665555555555555,1007.9499999999999,6.655555555555555,621.6422222222222,6630.159656790123,Pre-monsoon,1,3,1,0,61.71111111111111,48.5375,54.24444444444444,74.75396825396827,148.65469576719576,"low-cost sensor avg, 8 stations",8
2026-03-18,53.18888888888889,145,Unhealthy for Sensitive Groups,24.375555555555554,81.57999999999998,9.475555555555555,1009.8944444444444,12.944444444444445,404.44444444444446,3832.3358024691356,Pre-monsoon,1,3,2,0,53.422222222222224,61.71111111111111,48.5375,62.78095238095238,144.9193253968254,"low-cost sensor avg, 8 stations",8
2026-03-19,59.44285714285714,154,Unhealthy,25.175714285714285,70.62857142857143,6.37,1010.1228571428571,0.0,410.53428571428566,2615.1033999999995,Pre-monsoon,1,3,3,0,53.18888888888889,53.422222222222224,61.71111111111111,57.89778911564626,141.17853174603172,"low-cost sensor avg, 7 stations",7
2026-03-20,74.24285714285715,164,Unhealthy,24.024285714285714,76.33571428571429,8.494285714285715,1009.3100000000001,0.42857142857142855,273.1257142857143,2320.007853061225,Pre-monsoon,1,3,4,1,59.44285714285714,53.18888888888889,53.422222222222224,57.82712585034013,137.94376984126984,"low-cost sensor avg, 6 stations",6
2026-03-21,66.4,159,Unhealthy,21.74857142857143,78.75714285714285,4.618571428571428,1010.66,23.87142857142857,329.1657142857143,1520.275363265306,Pre-monsoon,1,3,5,1,74.24285714285715,59.44285714285714,53.18888888888889,59.56363378684807,133.9304365079365,"low-cost sensor avg, 6 stations",6
2026-03-22,62.75714285714286,156,Unhealthy,22.745714285714286,70.05714285714285,7.104285714285714,1010.2157142857143,0.39999999999999997,575.8942857142857,4091.3175469387756,Pre-monsoon,1,3,6,0,66.4,74.24285714285715,59.44285714285714,61.59501133786848,129.32710317460317,"low-cost sensor avg, 6 stations",6
2026-03-23,111.44285714285715,190,Unhealthy,24.382857142857144,62.644285714285715,5.242857142857143,1010.9042857142857,0.21428571428571427,628.5114285714286,3295.1956326530612,Pre-monsoon,1,3,0,0,62.75714285714286,66.4,74.24285714285715,68.69954648526077,127.77043650793651,"low-cost sensor avg, 6 stations",6
2026-03-24,102.475,184,Unhealthy,26.20875,61.801249999999996,7.5275,1008.775,0.2,776.45625,5844.7744218749995,Pre-monsoon,1,3,1,0,111.44285714285715,62.75714285714286,66.4,75.70708616780045,125.9434126984127,"low-cost sensor avg, 7 stations",7
2026-03-25,78.425,167,Unhealthy,26.41,69.96,7.4325,1008.6425,4.6875,531.25,3948.515625,Pre-monsoon,1,3,2,0,102.475,111.44285714285715,62.75714285714286,79.31224489795919,121.06234126984127,"low-cost sensor avg, 7 stations",7
2026-03-26,109.625,189,Unhealthy,28.07625,60.7225,4.285,1009.175,0.0,708.38375,3035.4243687499998,Pre-monsoon,1,3,3,0,78.425,102.475,111.44285714285715,86.48112244897959,117.75460317460319,"low-cost sensor avg, 7 stations",7
2026-03-27,108.625,188,Unhealthy,29.098750000000003,57.185,7.1125,1006.49375,0.1375,788.09875,5605.352359375,Pre-monsoon,1,3,4,1,109.625,78.425,102.475,91.39285714285714,113.87543650793651,"low-cost sensor avg, 7 stations",7
2026-03-28,63.333333333333336,156,Unhealthy,26.333333333333332,66.84333333333333,8.373333333333333,1005.9522222222222,1.1555555555555557,585.7177777777778,4904.4101925925925,Pre-monsoon,1,3,5,1,108.625,109.625,78.425,90.95476190476191,110.12464285714285,"low-cost sensor avg, 8 stations",8
2026-03-29,97.725,181,Unhealthy,26.30875,73.0475,6.08,1006.76625,3.4625,447.16499999999996,2718.7632,Pre-monsoon,1,3,6,0,63.333333333333336,108.625,109.625,95.95017006802722,107.47261904761905,"low-cost sensor avg, 7 stations",7
2026-03-30,80.6625,169,Unhealthy,26.575000000000003,79.21375,6.77125,1007.00375,11.45,483.72625,3275.4313703125,Pre-monsoon,1,3,0,0,97.725,63.333333333333336,108.625,91.55297619047619,104.67803571428571,"low-cost sensor avg, 7 stations",7
2026-03-31,74.45714285714287,164,Unhealthy,25.94142857142857,82.29285714285713,7.232857142857142,1008.0628571428571,2.1999999999999997,418.0642857142857,3023.79925510204,Pre-monsoon,1,3,1,0,80.6625,97.725,63.333333333333336,87.55042517006802,103.58744047619048,"low-cost sensor avg, 6 stations",6
2026-04-01,59.9,154,Unhealthy,27.676666666666666,77.11833333333334,9.091666666666667,1007.6483333333334,2.6,561.7716666666666,5107.440736111111,Pre-monsoon,1,4,2,0,74.45714285714287,80.6625,97.725,84.90399659863945,100.76327380952381,"low-cost sensor avg, 5 stations",5
2026-04-02,81.91428571428571,170,Unhealthy,28.665714285714284,75.07857142857142,10.505714285714287,1007.16,2.142857142857143,516.7271428571429,5428.5877265306135,Pre-monsoon,1,4,3,0,59.9,74.45714285714287,80.6625,80.9453231292517,97.53541666666666,"low-cost sensor avg, 6 stations",6
2026-04-03,56.300000000000004,152,Unhealthy,30.102857142857143,70.41142857142857,10.081428571428571,1006.1471428571429,0.042857142857142864,724.8514285714285,7307.537902040815,Pre-monsoon,1,4,4,1,81.91428571428571,59.9,74.45714285714287,73.4703231292517,92.43708333333333,"low-cost sensor avg, 6 stations",6
2026-04-04,82.72857142857143,170,Unhealthy,30.34857142857143,69.65,9.064285714285715,1004.8371428571428,0.042857142857142864,703.8728571428571,6380.1046836734695,Pre-monsoon,1,4,5,1,56.300000000000004,81.91428571428571,59.9,76.24107142857143,88.06613095238095,"low-cost sensor avg, 6 stations",6
2026-04-05,59.8125,154,Unhealthy,28.90375,65.7,12.2675,1005.09375,1.3625,608.43625,7463.991696874999,Pre-monsoon,1,4,6,0,82.72857142857143,56.300000000000004,81.91428571428571,70.825,83.12238095238095,"low-cost sensor avg, 7 stations",7
2026-04-06,80.0375,168,Unhealthy,28.265,60.61125,6.18,1007.03125,0.41250000000000003,659.9725,4078.6300499999998,Pre-monsoon,1,4,0,0,59.8125,82.72857142857143,56.300000000000004,70.73571428571428,82.06220238095239,"low-cost sensor avg, 7 stations",7
2026-04-07,56.175000000000004,151,Unhealthy,27.708750000000002,61.738749999999996,8.405000000000001,1007.9625,1.5875000000000001,776.14625,6523.509231250001,Pre-monsoon,1,4,1,0,80.0375,59.8125,82.72857142857143,68.12397959183673,80.74232142857143,"low-cost sensor avg, 7 stations",7
2026-04-08,72.9875,163,Unhealthy,26.8225,62.46375,7.40625,1008.31125,1.25,767.03,5680.8159375,Pre-monsoon,1,4,2,0,56.175000000000004,80.0375,59.8125,69.9936224489796,78.85619047619048,"low-cost sensor avg, 7 stations",7
2026-04-09,68.55714285714285,160,Unhealthy,23.834285714285716,86.04285714285713,7.317142857142857,1009.2642857142857,8.828571428571427,357.14285714285717,2613.265306122449,Pre-monsoon,1,4,3,0,72.9875,56.175000000000004,80.0375,68.08545918367346,76.1497619047619,"low-cost sensor avg, 7 stations",7
2026-04-10,93.3,177,Unhealthy,24.88625,77.055,6.76375,1009.255,0.4,529.4025,3580.7461593750004,Pre-monsoon,1,4,4,1,68.55714285714285,72.9875,56.175000000000004,73.37117346938774,74.69309523809524,"low-cost sensor avg, 7 stations",7
2026-04-11,99.85,182,Unhealthy,26.8,68.38499999999999,9.26625,1008.1225,0.05,712.52625,6602.4463640625,Pre-monsoon,1,4,5,1,93.3,68.55714285714285,72.9875,75.81709183673469,74.90059523809524,"low-cost sensor avg, 7 stations",7
2026-04-12,63.7625,157,Unhealthy,28.5575,65.86,11.0275,1005.24125,0.0,824.68875,9094.255190625001,Pre-monsoon,1,4,6,0,99.85,93.3,68.55714285714285,76.3813775510204,74.53476190476191,"low-cost sensor avg, 7 stations",7
2026-04-13,62.15714285714286,156,Unhealthy,29.615714285714287,70.33142857142857,12.035714285714286,1006.0500000000001,1.0,826.1899999999999,9943.786785714286,Pre-monsoon,1,4,0,0,63.7625,99.85,93.3,73.82704081632653,74.79851851851852,"low-cost sensor avg, 7 stations",7
2026-04-14,58.67142857142858,153,Unhealthy,29.25714285714286,73.59,10.42,1006.2042857142858,1.0,738.75,7697.775,Pre-monsoon,1,4,1,0,62.15714285714286,63.7625,99.85,74.18367346938774,75.13631613756614,"low-cost sensor avg, 7 stations",7
2026-04-15,60.0875,154,Unhealthy,30.14125,69.6975,11.379999999999999,1004.55625,2.55,863.23,9823.5574,Pre-monsoon,1,4,2,0,58.67142857142858,62.15714285714286,63.7625,72.34081632653061,75.08219576719577,"low-cost sensor avg, 7 stations",7
2026-04-16,72.6875,163,Unhealthy,28.8675,74.94375,8.23125,1006.2775,2.775,576.27875,4743.494460937499,Pre-monsoon,1,4,3,0,60.0875,58.67142857142858,62.15714285714286,72.93086734693877,75.72437169312168,"low-cost sensor avg, 7 stations",7
2026-04-17,59.8625,154,Unhealthy,28.506249999999998,78.63875,5.15625,1007.1575,1.1375,477.03,2459.6859375,Pre-monsoon,1,4,4,1,72.6875,60.0875,58.67142857142858,68.15408163265306,75.9468253968254,"low-cost sensor avg, 7 stations",7
2026-04-18,56.4875,152,Unhealthy,29.3275,76.2175,6.17875,1006.01625,0.55,583.43875,3604.9221765625,Pre-monsoon,1,4,5,1,59.8625,72.6875,60.0875,61.95943877551021,75.84831349206348,"low-cost sensor avg, 7 stations",7
2026-04-19,62.575,156,Unhealthy,28.86,77.15625,9.93125,1004.88625,6.475,676.77125,6721.1844765625,Pre-monsoon,1,4,6,0,56.4875,59.8625,72.6875,61.789795918367346,75.45938492063492,"low-cost sensor avg, 7 stations",7
2026-04-20,48.6875,133,Unhealthy for Sensitive Groups,30.69375,73.305,14.80625,1003.17625,1.15,864.24125,12796.1720078125,Pre-monsoon,1,4,0,0,62.575,56.4875,59.8625,59.865561224489795,74.86896825396826,"low-cost sensor avg, 7 stations",7
2026-04-21,46.8875,129,Unhealthy for Sensitive Groups,30.85125,71.94500000000001,15.971250000000001,1002.5762500000001,1.375,854.58375,13648.7707171875,Pre-monsoon,1,4,1,0,48.6875,62.575,56.4875,58.18214285714286,74.33998015873016,"low-cost sensor avg, 7 stations",7
2026-04-22,51.9375,141,Unhealthy for Sensitive Groups,30.23375,71.16375000000001,12.21125,1003.56375,1.2,735.25875,8978.428410937498,Pre-monsoon,1,4,2,0,46.8875,48.6875,62.575,57.017857142857146,72.35646825396825,"low-cost sensor avg, 7 stations",7
2026-04-23,72.2125,163,Unhealthy,30.82375,69.54875,8.98,1004.045,0.2,711.77125,6391.705825,Pre-monsoon,1,4,3,0,51.9375,46.8875,48.6875,56.949999999999996,71.34771825396825,"low-cost sensor avg, 7 stations",7
2026-04-24,70.2375,161,Unhealthy,31.51375,68.0925,9.06875,1004.84125,0.0,639.115,5795.97415625,Pre-monsoon,1,4,4,1,72.2125,51.9375,46.8875,58.43214285714286,71.07480158730158,"low-cost sensor avg, 7 stations",7
2026-04-25,69.375,161,Unhealthy,31.63875,65.3025,8.23,1006.08875,0.1,669.0125,5505.972875,Pre-monsoon,1,4,5,1,70.2375,72.2125,51.9375,60.27321428571429,69.73313492063492,"low-cost sensor avg, 7 stations",7
2026-04-26,52.228571428571435,142,Unhealthy for Sensitive Groups,28.34142857142857,76.38142857142857,10.53,1005.7328571428571,0.9142857142857144,706.6957142857143,7441.5058714285715,Pre-monsoon,1,4,6,0,69.375,70.2375,72.2125,58.79515306122449,67.85325396825397,"low-cost sensor avg, 6 stations",6
2026-04-27,55.7125,151,Unhealthy,25.66125,85.6975,13.65375,1003.1425,32.025,552.1600000000001,7539.054600000001,Pre-monsoon,1,4,0,0,52.228571428571435,69.375,70.2375,59.798724489795916,67.59922619047619,"low-cost sensor avg, 7 stations",7
2026-04-28,43.875,122,Unhealthy for Sensitive Groups,24.99125,89.37125,10.75,1003.15625,12.375,415.885,4470.76375,Pre-monsoon,1,4,1,0,55.7125,52.228571428571435,69.375,59.368367346938776,65.80422619047619,"low-cost sensor avg, 7 stations",7
2026-04-29,52.8625,144,Unhealthy for Sensitive Groups,23.58375,87.87875,11.93875,1005.8675,6.425,428.31,5113.4860125000005,Pre-monsoon,1,4,2,0,43.875,55.7125,52.228571428571435,59.500510204081635,64.87755952380952,"low-cost sensor avg, 7 stations",7
2026-04-30,64.375,157,Unhealthy,24.53,83.265,8.463750000000001,1007.05625,19.6875,455.6775,3856.7404406250007,Pre-monsoon,1,4,3,0,52.8625,43.875,55.7125,58.38086734693877,64.5414880952381,"low-cost sensor avg, 7 stations",7
2026-05-01,60.699999999999996,155,Unhealthy,24.358571428571427,84.16714285714285,8.06857142857143,1004.9914285714285,22.97142857142857,391.07000000000005,3155.3762285714292,Pre-monsoon,0,5,4,1,64.375,52.8625,43.875,57.018367346938774,64.56815476190476,"low-cost sensor avg, 7 stations",7
2026-05-02,59.57142857142857,154,Unhealthy,24.892857142857142,82.73285714285714,8.627142857142857,1003.88,8.214285714285714,516.0728571428571,4452.234263265305,Pre-monsoon,0,5,5,1,60.699999999999996,64.375,52.8625,55.61785714285714,63.823392857142856,"low-cost sensor avg, 7 stations",7
2026-05-28,41.528571428571425,116,Unhealthy for Sensitive Groups,27.82857142857143,79.17428571428572,8.022857142857143,1005.6928571428572,0.37142857142857144,440.88428571428574,3537.151640816327,Pre-monsoon,0,5,3,0,59.57142857142857,60.699999999999996,64.375,54.089285714285715,63.3310119047619,"low-cost sensor avg, 6 stations",6
2026-05-29,48.475,133,Unhealthy for Sensitive Groups,27.6275,80.9275,6.586250000000001,1005.4575,4.2375,281.1175,1851.5101343750002,Pre-monsoon,0,5,4,1,41.528571428571425,59.57142857142857,60.699999999999996,53.05535714285714,62.18922619047619,"low-cost sensor avg, 7 stations",7
2026-05-30,42.225,118,Unhealthy for Sensitive Groups,28.58875,72.00875,3.78625,1005.03375,0.0,346.5875,1312.266921875,Pre-monsoon,0,5,5,1,48.475,41.528571428571425,59.57142857142857,52.81964285714286,61.602976190476184,"low-cost sensor avg, 7 stations",7
2026-05-31,54.95,149,Unhealthy for Sensitive Groups,30.37375,67.16375,3.76875,1004.72,0.0,466.66375,1758.7390078125,Pre-monsoon,0,5,6,0,42.225,48.475,41.528571428571425,53.11785714285714,60.76672619047619,"low-cost sensor avg, 7 stations",7
2026-06-01,45.599999999999994,126,Unhealthy for Sensitive Groups,30.564444444444444,72.62333333333333,6.213333333333334,1005.3722222222223,0.8444444444444444,566.968888888889,3522.766696296297,Monsoon,0,6,0,0,54.95,42.225,48.475,50.43571428571429,60.414226190476185,"low-cost sensor avg, 8 stations",8
2026-06-02,46.28888888888889,128,Unhealthy for Sensitive Groups,30.811111111111114,73.14111111111112,7.047777777777778,1004.2288888888888,0.044444444444444446,601.2722222222222,4237.6330061728395,Monsoon,0,6,1,0,45.599999999999994,54.95,42.225,48.376984126984134,59.52427248677249,"low-cost sensor avg, 8 stations",8
2026-06-03,46.75555555555556,129,Unhealthy for Sensitive Groups,31.768888888888885,67.95333333333333,7.998888888888889,1001.6455555555555,0.0,712.1066666666667,5696.0621037037035,Monsoon,0,6,2,0,46.28888888888889,45.599999999999994,54.95,46.54614512471655,58.79755291005291,"low-cost sensor avg, 8 stations",8
2026-06-04,54.03333333333333,147,Unhealthy for Sensitive Groups,31.833333333333332,70.3288888888889,7.720000000000001,1000.62,2.488888888888889,691.9922222222223,5342.179955555556,Monsoon,0,6,3,0,46.75555555555556,46.28888888888889,45.599999999999994,48.33253968253968,57.48866402116402,"low-cost sensor avg, 8 stations",8
2026-06-05,51.8,141,Unhealthy for Sensitive Groups,29.058888888888887,82.37222222222222,5.787777777777778,1000.9955555555555,10.833333333333334,364.09666666666664,2107.3105962962964,Monsoon,0,6,4,1,54.03333333333333,46.75555555555556,46.28888888888889,48.807539682539684,55.88699735449735,"low-cost sensor avg, 8 stations",8
2026-06-06,70.64444444444445,162,Unhealthy,29.595555555555556,79.25555555555555,4.94,1001.3966666666666,0.6666666666666666,518.82,2562.9708000000005,Monsoon,0,6,5,1,51.8,54.03333333333333,46.75555555555556,52.86746031746031,56.11639550264551,"low-cost sensor avg, 8 stations",8
2026-06-07,54.875,149,Unhealthy for Sensitive Groups,29.052500000000002,81.77125,6.88375,1001.8075,3.1625,460.15625,3167.6005859375,Monsoon,0,6,6,0,70.64444444444445,51.8,54.03333333333333,52.856746031746034,55.873657407407414,"low-cost sensor avg, 7 stations",7
2026-06-08,41.8375,117,Unhealthy for Sensitive Groups,29.15625,80.83375,8.24875,1000.5575,0.6375,535.7025,4418.875996874999,Monsoon,0,6,0,0,54.875,70.64444444444445,51.8,52.31924603174603,55.31252645502646,"low-cost sensor avg, 7 stations",7
2026-06-09,45.8125,126,Unhealthy for Sensitive Groups,28.2625,83.395,11.091249999999999,1000.15875,8.1875,518.7212499999999,5753.267064062498,Monsoon,0,6,1,0,41.8375,54.875,70.64444444444445,52.25119047619047,54.836693121693116,"low-cost sensor avg, 7 stations",7
2026-06-10,53.2875,145,Unhealthy for Sensitive Groups,27.86125,84.75999999999999,9.375,1001.245,4.1375,449.97625,4218.52734375,Monsoon,0,6,2,0,45.8125,41.8375,54.875,53.18432539682539,54.190026455026455,"low-cost sensor avg, 7 stations",7
2026-06-11,56.875,152,Unhealthy,29.245,78.57625,6.7675,1002.695,1.7750000000000001,458.8,3104.929,Monsoon,0,6,3,0,53.2875,45.8125,41.8375,53.59027777777778,54.09044312169313,"low-cost sensor avg, 7 stations",7
2026-06-12,53.675000000000004,146,Unhealthy for Sensitive Groups,29.10125,77.72999999999999,5.3125,1004.105,4.8375,529.115,2810.9234375,Monsoon,0,6,4,1,56.875,53.2875,45.8125,53.858134920634924,53.99669312169313,"low-cost sensor avg, 7 stations",7
2026-06-13,50.0875,137,Unhealthy for Sensitive Groups,28.974999999999998,80.1475,7.70875,1003.29125,5.4875,495.18,3817.2188250000004,Monsoon,0,6,5,1,53.675000000000004,56.875,53.2875,50.92142857142857,53.58044312169313,"low-cost sensor avg, 7 stations",7
2026-06-14,48.6125,133,Unhealthy for Sensitive Groups,28.73,84.5175,9.51875,1001.5525,9.275,498.30625,4743.2526171875,Monsoon,0,6,6,0,50.0875,53.675000000000004,56.875,50.026785714285715,53.577943121693124,"low-cost sensor avg, 7 stations",7
2026-06-15,41.5875,116,Unhealthy for Sensitive Groups,29.15875,80.84375,8.84625,1002.1025,7.2625,495.545,4383.71495625,Monsoon,0,6,0,0,48.6125,50.0875,53.675000000000004,49.99107142857143,53.401276455026455,"low-cost sensor avg, 7 stations",7
2026-06-16,56.6,152,Unhealthy,28.98857142857143,80.69285714285715,7.215714285714285,1003.3628571428571,2.5142857142857147,464.73,3353.3588999999997,Monsoon,0,6,1,0,41.5875,48.6125,50.0875,51.53214285714286,53.55669312169312,"low-cost sensor avg, 6 stations",6
2026-06-17,40.37777777777777,113,Unhealthy for Sensitive Groups,29.68333333333333,77.4588888888889,8.80111111111111,1003.6122222222223,0.2888888888888889,662.0133333333333,5826.452903703703,Monsoon,0,6,2,0,56.6,41.5875,48.6125,49.68789682539682,52.49553571428571,"low-cost sensor avg, 8 stations",8
2026-06-18,45.5625,126,Unhealthy for Sensitive Groups,29.13625,80.26375,9.455,1003.30125,5.2125,607.395,5742.919725,Monsoon,0,6,3,0,40.37777777777777,56.6,41.5875,48.07182539682539,51.67303571428571,"low-cost sensor avg, 7 stations",7
2026-06-19,51.55714285714286,141,Unhealthy for Sensitive Groups,28.222857142857144,83.48,6.261428571428572,1003.4585714285714,0.7000000000000001,479.88,3004.734342857143,Monsoon,0,6,4,1,45.5625,40.37777777777777,56.6,47.769274376417236,51.07910714285715,"low-cost sensor avg, 7 stations",7
2026-06-20,43.62857142857143,121,Unhealthy for Sensitive Groups,29.82428571428571,78.02285714285713,9.404285714285715,1003.2514285714286,2.4285714285714284,611.8714285714286,5754.213734693878,Monsoon,0,6,5,1,51.55714285714286,45.5625,40.37777777777777,46.84657029478458,50.79244047619048,"low-cost sensor avg, 7 stations",7
2026-06-21,40.199999999999996,113,Unhealthy for Sensitive Groups,29.33285714285714,80.93999999999998,11.784285714285716,1002.6014285714285,9.985714285714286,656.9085714285713,7741.198293877551,Monsoon,0,6,6,0,43.62857142857143,51.55714285714286,45.5625,45.644784580498865,50.275357142857146,"low-cost sensor avg, 7 stations",7
2026-06-22,49.24285714285714,135,Unhealthy for Sensitive Groups,28.94,78.64285714285714,7.6499999999999995,1002.7185714285714,2.557142857142857,551.7857142857143,4221.160714285715,Monsoon,0,6,0,0,40.199999999999996,43.62857142857143,51.55714285714286,46.73840702947846,50.45428571428571,"low-cost sensor avg, 7 stations",7
2026-06-23,49.9875,137,Unhealthy for Sensitive Groups,29.486250000000002,79.505,8.813749999999999,1000.4025,6.6875,550.31375,4850.3278140625,Monsoon,0,6,1,0,49.24285714285714,40.199999999999996,43.62857142857143,45.79376417233561,50.35845238095238,"low-cost sensor avg, 7 stations",7
2026-06-24,56.6125,152,Unhealthy,29.385,80.0125,8.26625,1000.73125,2.1374999999999997,487.08375,4026.3560484375,Monsoon,0,6,2,0,49.9875,49.24285714285714,40.199999999999996,48.113010204081625,50.09970238095239,"low-cost sensor avg, 7 stations",7
2026-06-25,46.1875,127,Unhealthy for Sensitive Groups,29.57125,79.0,7.36125,1002.2262499999999,3.4875,526.71875,3877.3083984375,Monsoon,0,6,3,0,56.6125,49.9875,49.24285714285714,48.20229591836734,49.615952380952386,"low-cost sensor avg, 7 stations",7
2026-06-26,42.1125,117,Unhealthy for Sensitive Groups,29.79625,77.495,6.83,1003.35625,0.65,613.8787500000001,4192.7918625,Monsoon,0,6,4,1,46.1875,56.6125,49.9875,46.85306122448979,49.033988095238094,"low-cost sensor avg, 7 stations",7
2026-06-27,31.0625,92,Moderate,30.908749999999998,72.1525,10.5625,1002.45875,0.9625,767.9412500000001,8111.3794531250005,Monsoon,0,6,5,1,42.1125,46.1875,56.6125,45.0579081632653,48.685119047619054,"low-cost sensor avg, 7 stations",7
2026-06-28,36.3625,103,Unhealthy for Sensitive Groups,30.458750000000002,76.12375,11.978750000000002,1000.9925000000001,3.375,754.08875,9033.040614062502,Monsoon,0,6,6,0,31.0625,42.1125,46.1875,44.509693877551015,48.281369047619044,"low-cost sensor avg, 7 stations",7
2026-06-29,43.225,120,Unhealthy for Sensitive Groups,29.72625,78.19875,9.605,1000.3725,3.9125,638.2537500000001,6130.427268750001,Monsoon,0,6,0,0,36.3625,31.0625,42.1125,43.65,48.314702380952376,"low-cost sensor avg, 7 stations",7
2026-06-30,52.175,142,Unhealthy for Sensitive Groups,29.57,79.045,6.195,1000.08875,9.049999999999999,551.225,3414.8388750000004,Monsoon,0,6,1,0,43.225,36.3625,31.0625,43.96249999999999,48.22220238095238,"low-cost sensor avg, 7 stations",7
2026-07-01,44.325,123,Unhealthy for Sensitive Groups,29.12,81.7225,7.94375,999.83625,9.3,533.59375,4238.7353515625,Monsoon,0,7,2,0,52.175,43.225,36.3625,42.207142857142856,48.17970238095238,"low-cost sensor avg, 7 stations",7
2026-07-02,41.8625,117,Unhealthy for Sensitive Groups,29.79625,79.22375,8.865,999.80875,3.2125,607.5025,5385.509662500001,Monsoon,0,7,3,0,44.325,52.175,43.225,41.589285714285715,48.03215608465609,"low-cost sensor avg, 7 stations",7
2026-07-03,35.15,100,Moderate,30.88875,73.87625,10.955,999.11125,2.8125,754.27125,8263.04154375,Monsoon,0,7,4,1,41.8625,44.325,52.175,40.59464285714285,47.645304232804236,"low-cost sensor avg, 7 stations",7
2026-07-04,22.085714285714285,75,Moderate,31.641428571428573,68.40428571428572,13.147142857142857,996.7700000000001,3.6571428571428575,934.0785714285714,12280.464418367346,Monsoon,0,7,5,1,35.15,41.8625,44.325,39.31224489795918,46.5803835978836,"low-cost sensor avg, 7 stations",7
2026-07-05,18.2975,68,Moderate,28.58375,81.89375,20.048750000000002,996.46875,15.8625,870.285,17448.12639375,Monsoon,0,7,6,0,22.085714285714285,35.15,41.8625,36.731530612244896,45.46363359788359,"low-cost sensor avg, 7 stations",7
2026-07-06,28.075,86,Moderate,27.96125,86.66,16.04375,998.77375,16.3625,672.735,10793.19215625,Monsoon,0,7,0,0,18.2975,22.085714285714285,35.15,34.567244897959185,44.04465211640211,"low-cost sensor avg, 7 stations",7
2026-07-07,34.275,98,Moderate,27.5075,90.495,10.6175,1000.895,15.3,450.675,4785.0418125,Monsoon,0,7,1,0,28.075,18.2975,22.085714285714285,32.01010204081633,43.35798544973545,"low-cost sensor avg, 7 stations",7
2026-07-08,35.67142857142857,101,Unhealthy for Sensitive Groups,27.41,93.23428571428572,10.432857142857143,1000.8685714285714,44.58571428571429,472.7357142857143,4931.984173469388,Monsoon,0,7,2,0,34.275,28.075,18.2975,30.77387755102041,43.152449735449736,"low-cost sensor avg, 6 stations",6
2026-07-09,34.1,98,Moderate,27.28875,92.22375,11.8875,1001.21125,22.05,549.14,6527.901749999999,Monsoon,0,7,3,0,35.67142857142857,34.275,28.075,29.664948979591834,42.762033068783076,"low-cost sensor avg, 7 stations",7
2026-07-10,30.02857142857143,90,Moderate,27.237142857142857,92.25999999999999,11.527142857142858,999.4528571428572,38.62857142857143,465.95428571428573,5371.121616326531,Monsoon,0,7,4,1,34.1,35.67142857142857,34.275,28.933316326530615,41.98673544973545,"low-cost sensor avg, 7 stations",7
2026-07-11,44.542857142857144,123,Unhealthy for Sensitive Groups,27.767142857142858,89.11285714285714,10.827142857142858,998.0542857142857,24.514285714285716,494.1385714285715,5350.108904081634,Monsoon,0,7,5,1,30.02857142857143,34.1,35.67142857142857,32.141479591836735,41.575664021164016,"low-cost sensor avg, 7 stations",7
2026-07-12,44.357142857142854,123,Unhealthy for Sensitive Groups,28.134285714285713,88.35714285714286,9.444285714285714,996.3457142857143,47.65714285714286,455.9842857142857,4306.445875510204,Monsoon,0,7,6,0,44.542857142857144,30.02857142857143,34.1,35.864285714285714,41.26506878306878,"low-cost sensor avg, 7 stations",7
2026-07-13,58.25,153,Unhealthy,27.538333333333338,91.72000000000001,7.091666666666666,997.985,17.116666666666664,272.84666666666664,1934.9376111111108,Monsoon,0,7,0,0,44.357142857142854,44.542857142857144,30.02857142857143,40.175000000000004,41.53715211640211,"low-cost sensor avg, 6 stations",6
2026-07-14,50.300000000000004,137,Unhealthy for Sensitive Groups,29.436666666666667,81.69333333333333,6.635000000000001,998.695,2.6166666666666667,480.5883333333333,3188.703591666667,Monsoon,0,7,1,0,58.25,44.357142857142854,44.542857142857144,42.464285714285715,41.59340211640212,"low-cost sensor avg, 6 stations",6
2026-07-15,42.98333333333333,119,Unhealthy for Sensitive Groups,29.343333333333334,80.61,7.658333333333334,1000.0516666666666,6.433333333333333,571.7016666666667,4378.281930555557,Monsoon,0,7,2,0,50.300000000000004,58.25,44.357142857142854,43.50884353741497,41.63992989417989,"low-cost sensor avg, 6 stations",6
2026-07-16,36.13333333333333,103,Unhealthy for Sensitive Groups,29.256666666666664,78.68333333333334,15.248333333333333,1000.685,2.4666666666666663,816.5966666666667,12451.738172222222,Monsoon,0,7,3,0,42.98333333333333,50.300000000000004,58.25,43.79931972789115,40.95770767195767,"low-cost sensor avg, 6 stations",6
2026-07-17,41.08571428571429,115,Unhealthy for Sensitive Groups,28.64428571428571,82.71000000000001,15.695714285714287,1000.9657142857143,3.6714285714285713,762.3828571428572,11966.143502040819,Monsoon,0,7,4,1,36.13333333333333,42.98333333333333,50.300000000000004,45.37891156462585,40.98130555555555,"low-cost sensor avg, 6 stations",6
2026-07-18,37.81428571428571,107,Unhealthy for Sensitive Groups,29.259999999999998,78.79857142857144,14.680000000000001,1001.9185714285715,4.557142857142857,857.41,12586.7788,Monsoon,0,7,5,1,41.08571428571429,36.13333333333333,42.98333333333333,44.41768707482993,40.72303174603175,"low-cost sensor avg, 6 stations",6
2026-07-19,33.1375,96,Moderate,27.892500000000002,87.02625,13.352500000000001,1003.22375,13.0125,648.54125,8659.647040625001,Monsoon,0,7,6,0,37.81428571428571,41.08571428571429,36.13333333333333,42.81488095238095,40.109043650793645,"low-cost sensor avg, 7 stations",7
2026-07-20,33.2,96,Moderate,26.5325,93.4525,9.16375,1003.6375,29.75,383.04625,3510.1400734375,Monsoon,0,7,0,0,33.1375,37.81428571428571,41.08571428571429,39.23630952380953,39.7614246031746,"low-cost sensor avg, 7 stations",7
2026-07-21,35.675,101,Unhealthy for Sensitive Groups,27.31,88.2425,10.7875,1003.3475,12.2875,497.135,5362.843812499999,Monsoon,0,7,1,0,33.2,33.1375,37.81428571428571,37.14702380952381,39.610591269841265,"low-cost sensor avg, 7 stations",7
2026-07-22,30.3,90,Moderate,27.2175,87.4325,12.39375,1003.02125,16.724999999999998,587.03,7275.5030625,Monsoon,0,7,2,0,35.675,33.2,33.1375,35.335119047619045,38.9791626984127,"low-cost sensor avg, 7 stations",7
2026-07-23,29.425,89,Moderate,27.076249999999998,87.89125,10.20125,1002.30875,16.6375,512.81125,5231.3157640624995,Monsoon,0,7,3,0,30.3,35.675,33.2,34.37678571428571,38.29374603174604,"low-cost sensor avg, 7 stations",7
2026-07-24,34.85,99,Moderate,27.78,83.52375,9.82,1000.67875,4.1875,552.91625,5429.637575,Monsoon,0,7,4,1,29.425,30.3,35.675,33.4859693877551,37.56832936507936,"low-cost sensor avg, 7 stations",7
2026-07-25,32.542857142857144,95,Moderate,28.740000000000002,78.50428571428571,10.911428571428571,1000.4799999999999,2.1857142857142855,610.8028571428571,6664.731746938774,Monsoon,0,7,5,1,34.85,29.425,30.3,32.73290816326531,37.113507936507936,"low-cost sensor avg, 7 stations",7
2026-07-26,33.08571428571429,96,Moderate,29.25,77.25142857142858,12.062857142857142,999.1457142857143,0.9857142857142858,739.2257142857143,8917.174187755101,Monsoon,0,7,6,0,32.542857142857144,34.85,29.425,32.72551020408163,36.812615079365074,"low-cost sensor avg, 7 stations",7
2026-07-27,28.6,87,Moderate,28.485,81.49875,16.275,997.42125,8.2,795.80625,12951.746718749999,Monsoon,0,7,0,0,33.08571428571429,32.542857142857144,34.85,32.06836734693878,36.730531746031744,"low-cost sensor avg, 7 stations",7
2026-07-28,34.3125,98,Moderate,28.3575,83.02625,15.32125,997.89625,7.2375,742.37125,11374.0555140625,Monsoon,0,7,1,0,28.6,33.08571428571429,32.542857142857144,31.873724489795922,36.662198412698416,"low-cost sensor avg, 7 stations",7
2026-07-29,32.5875,95,Moderate,28.06375,85.84,13.21875,999.1425,7.55,621.6375,8217.270703125001,Monsoon,0,7,2,0,34.3125,28.6,33.08571428571429,32.20051020408163,36.30761507936508,"low-cost sensor avg, 7 stations",7
2026-07-30,35.528571428571425,101,Unhealthy for Sensitive Groups,26.997142857142855,91.05857142857143,11.808571428571428,1000.8957142857143,19.414285714285715,513.3914285714285,6062.41935510204,Monsoon,0,7,3,0,32.5875,34.3125,28.6,33.07244897959184,35.75273412698412,"low-cost sensor avg, 6 stations",6
2026-07-31,33.3,96,Moderate,28.7525,83.17,9.38125,1002.0075,3.45,592.99375,5563.022617187499,Monsoon,0,7,4,1,35.528571428571425,32.5875,34.3125,32.851020408163265,35.38523412698412,"low-cost sensor avg, 7 stations",7
2026-08-01,28.525,87,Moderate,28.631249999999998,84.8,9.325000000000001,1001.24375,10.45,513.335,4786.848875000001,Monsoon,0,8,5,1,33.3,35.528571428571425,32.5875,32.27704081632653,34.94065079365079,"low-cost sensor avg, 7 stations",7
2026-08-02,30.262500000000003,90,Moderate,28.1725,89.0275,8.47125,1001.5025,25.5125,420.025,3558.13678125,Monsoon,0,8,6,0,28.525,33.3,35.528571428571425,31.873724489795922,34.77773412698413,"low-cost sensor avg, 7 stations",7
