date,area,pm25,aqi_pm25,aqi_category,month,day_of_week,is_weekend,is_brick_kiln_season,temp_mean,humidity_mean,wind_speed_mean,pressure_mean,precip_sum,is_rainy_day,blh_mean,ventilation_index,pm25_lag1,pm25_lag2,pm25_lag3,pm25_roll7_mean,pm25_roll30_mean
2026-03-04,Badda,232.0,314,Hazardous,3,2,0,1,24.82,54.42,3.95,1009.79,0.0,0,802.5,3166.5,217.0,172.0,123.0,185.0,200.47
2026-03-05,Badda,242.0,334,Hazardous,3,3,0,1,25.65,55.58,4.65,1008.1,0.0,0,552.5,2571.4,232.0,217.0,172.0,194.14,203.06
2026-03-06,Badda,217.0,292,Very Unhealthy,3,4,1,1,26.63,53.42,5.0,1008.51,0.0,0,660.42,3299.3,242.0,232.0,217.0,197.0,203.88
2026-03-07,Badda,126.0,201,Very Unhealthy,3,5,1,1,26.21,57.17,6.34,1010.32,0.0,0,625.62,3967.5,217.0,242.0,232.0,189.86,199.56
2026-03-08,Badda,113.0,191,Unhealthy,3,6,0,1,25.68,70.58,5.46,1011.35,0.7,0,515.0,2811.0,126.0,217.0,242.0,188.43,195.0
2026-03-09,Badda,147.0,222,Very Unhealthy,3,0,0,1,25.45,75.79,4.68,1012.28,0.0,0,467.29,2188.5,113.0,126.0,217.0,184.86,192.6
2026-03-10,Badda,185.0,260,Very Unhealthy,3,1,0,1,27.22,63.75,2.59,1012.52,0.1,0,546.88,1417.3,147.0,113.0,126.0,180.29,192.24
2026-03-11,Badda,148.0,223,Very Unhealthy,3,2,0,1,27.19,69.54,4.18,1010.5,2.7,1,581.25,2429.1,185.0,147.0,113.0,168.29,190.23
2026-03-12,Badda,100.0,182,Unhealthy,3,3,0,1,26.63,73.17,7.09,1008.45,0.0,0,542.71,3846.4,148.0,185.0,147.0,148.0,186.3
2026-03-13,Badda,79.2,168,Unhealthy,3,4,1,1,25.1,80.92,10.62,1007.5,2.2,1,524.38,5567.1,100.0,148.0,185.0,128.31,181.84
2026-03-14,Badda,65.4,158,Unhealthy,3,5,1,1,26.76,74.46,14.22,1009.06,8.4,1,721.67,10259.7,79.2,100.0,148.0,119.66,177.18
2026-03-15,Badda,64.1,157,Unhealthy,3,6,0,1,24.4,81.38,14.71,1009.88,26.1,1,578.33,8506.3,65.4,79.2,100.0,112.67,172.83
2026-03-16,Badda,109.0,189,Unhealthy,3,0,0,1,25.46,73.0,11.82,1008.57,1.0,0,622.29,7356.0,64.1,65.4,79.2,107.24,170.47
2026-03-17,Badda,103.0,184,Unhealthy,3,1,0,1,26.35,68.38,10.43,1008.27,5.2,1,640.83,6686.0,109.0,64.1,65.4,95.53,168.06
2026-03-18,Badda,123.0,198,Unhealthy,3,2,0,1,24.52,80.04,9.58,1010.18,8.3,1,421.67,4037.5,103.0,109.0,64.1,91.96,166.51
2026-03-19,Badda,73.5,164,Unhealthy,3,3,0,1,25.3,67.54,6.08,1010.39,0.0,0,421.46,2562.1,123.0,103.0,109.0,88.17,163.41
2026-03-20,Badda,102.0,184,Unhealthy,3,4,1,1,23.94,76.58,8.11,1009.64,0.2,0,255.42,2071.0,73.5,123.0,103.0,91.43,160.34
2026-03-21,Badda,68.9,160,Unhealthy,3,5,1,1,21.74,77.83,4.5,1010.92,26.8,1,324.38,1461.0,102.0,73.5,123.0,91.93,155.9
2026-03-22,Badda,73.2,163,Unhealthy,3,6,0,1,22.74,68.33,6.75,1010.47,0.6,0,597.71,4034.5,68.9,102.0,73.5,93.23,150.94
2026-03-23,Badda,151.0,226,Very Unhealthy,3,0,0,1,24.17,62.96,4.7,1011.17,0.3,0,636.88,2990.7,73.2,68.9,102.0,99.23,149.18
2026-03-24,Badda,141.0,216,Very Unhealthy,3,1,0,1,25.7,63.83,6.39,1009.1,0.2,0,785.62,5018.2,151.0,73.2,68.9,104.66,148.91
2026-03-25,Badda,85.6,172,Unhealthy,3,2,0,1,26.0,71.04,7.01,1008.98,2.9,1,536.25,3758.2,141.0,151.0,73.2,99.31,143.43
2026-03-26,Badda,197.0,272,Very Unhealthy,3,3,0,1,27.05,67.0,3.28,1009.5,0.0,0,653.12,2144.4,85.6,141.0,151.0,116.96,141.53
2026-03-27,Badda,165.0,240,Very Unhealthy,3,4,1,1,28.42,59.75,6.02,1006.82,0.3,0,753.12,4534.4,197.0,85.6,141.0,125.96,139.13
2026-03-28,Badda,109.0,189,Unhealthy,3,5,1,1,25.62,71.33,8.3,1006.3,5.5,1,522.5,4336.7,165.0,197.0,85.6,131.69,136.83
2026-03-29,Badda,165.0,240,Very Unhealthy,3,6,0,1,25.95,73.83,5.34,1007.09,4.1,1,471.88,2520.6,109.0,165.0,197.0,144.8,135.76
2026-03-30,Badda,118.0,195,Unhealthy,3,0,0,1,26.77,77.46,6.55,1007.31,9.8,1,515.83,3376.6,165.0,109.0,165.0,140.09,133.83
2026-03-31,Badda,96.3,180,Unhealthy,3,1,0,1,25.94,81.92,6.8,1008.47,4.0,1,422.29,2871.6,118.0,165.0,109.0,133.7,132.94
2026-04-02,Badda,129.0,204,Very Unhealthy,4,3,0,1,28.25,77.33,9.86,1007.6,3.7,1,544.58,5368.7,96.3,118.0,165.0,139.9,131.51
2026-04-03,Badda,66.6,159,Unhealthy,4,4,1,1,29.7,72.5,9.42,1006.6,0.0,0,707.29,6663.3,129.0,96.3,118.0,121.27,126.49
2026-04-04,Badda,88.8,174,Unhealthy,4,5,1,1,29.98,71.08,8.06,1005.27,0.0,0,711.88,5736.5,66.6,129.0,96.3,110.39,121.72
2026-04-05,Badda,64.3,157,Unhealthy,4,6,0,1,28.66,66.88,11.49,1005.42,2.1,1,612.92,7043.4,88.8,66.6,129.0,104.0,115.8
2026-04-06,Badda,100.0,182,Unhealthy,4,0,0,1,27.79,62.79,5.58,1007.33,0.0,0,653.54,3646.2,64.3,88.8,66.6,94.71,111.9
2026-04-07,Badda,87.9,174,Unhealthy,4,1,0,1,27.37,63.71,7.74,1008.28,2.1,1,747.08,5783.7,100.0,64.3,88.8,90.41,110.63
2026-04-08,Badda,98.2,181,Unhealthy,4,2,0,1,26.41,64.75,6.63,1008.62,1.0,0,765.0,5074.5,87.9,100.0,64.3,90.69,110.13
2026-04-09,Badda,77.1,166,Unhealthy,4,3,0,1,23.69,86.04,7.22,1009.55,8.7,1,345.62,2495.7,98.2,87.9,100.0,83.27,107.8
2026-04-10,Badda,151.0,226,Very Unhealthy,4,4,1,1,24.78,76.62,6.86,1009.57,0.1,0,554.38,3802.1,77.1,98.2,87.9,95.33,106.67
2026-04-11,Badda,155.0,230,Very Unhealthy,4,5,1,1,26.6,67.92,9.09,1008.44,0.1,0,760.0,6906.5,151.0,77.1,98.2,104.79,106.9
2026-04-12,Badda,81.1,169,Unhealthy,4,6,0,1,28.48,65.33,10.34,1005.54,0.0,0,867.5,8967.8,155.0,151.0,77.1,107.19,106.27
2026-04-13,Badda,66.0,158,Unhealthy,4,0,0,1,29.43,71.29,10.78,1006.37,0.2,0,852.5,9189.2,81.1,155.0,151.0,102.33,105.83
2026-04-14,Badda,69.4,161,Unhealthy,4,1,0,1,29.12,74.79,9.92,1006.55,1.2,1,757.71,7513.9,66.0,81.1,155.0,99.69,105.97
2026-04-15,Badda,62.9,156,Unhealthy,4,2,0,1,30.12,69.5,11.09,1004.91,2.0,1,899.38,9975.6,69.4,66.0,81.1,94.64,105.93
2026-04-16,Badda,77.5,166,Unhealthy,4,3,0,1,28.82,74.29,7.88,1006.65,2.5,1,571.04,4501.7,62.9,69.4,66.0,94.7,104.88
2026-04-17,Badda,78.6,167,Unhealthy,4,4,1,1,28.4,77.54,5.23,1007.49,0.7,0,483.75,2529.6,77.5,62.9,69.4,84.36,104.06
2026-04-18,Badda,75.7,165,Unhealthy,4,5,1,1,29.34,75.04,5.62,1006.37,0.6,0,561.88,3158.2,78.6,77.5,62.9,73.03,102.49
2026-04-19,Badda,76.7,166,Unhealthy,4,6,0,1,29.22,74.21,9.68,1005.23,5.9,1,684.17,6625.0,75.7,78.6,77.5,72.4,102.59
2026-04-20,Badda,51.7,141,Unhealthy for Sensitive Groups,4,0,0,1,30.94,71.75,15.22,1003.54,2.1,1,873.12,13289.7,76.7,75.7,78.6,70.36,100.92
2026-04-21,Badda,48.6,133,Unhealthy for Sensitive Groups,4,1,0,1,30.97,70.62,16.21,1002.96,1.2,1,845.62,13706.2,51.7,76.7,75.7,67.39,100.24
2026-04-22,Badda,56.6,152,Unhealthy,4,2,0,1,30.4,69.29,12.38,1003.9,0.6,0,762.29,9433.4,48.6,51.7,76.7,66.49,99.69
2026-04-23,Badda,84.6,171,Unhealthy,4,3,0,1,30.86,68.46,8.46,1004.37,0.2,0,740.42,6265.8,56.6,48.6,51.7,67.5,97.47
2026-04-24,Badda,77.6,166,Unhealthy,4,4,1,1,31.65,67.46,8.4,1005.14,0.0,0,718.54,6032.8,84.6,56.6,48.6,67.36,95.36
2026-04-25,Badda,75.2,165,Unhealthy,4,5,1,1,31.58,65.42,7.58,1006.41,0.1,0,635.0,4815.4,77.6,84.6,56.6,67.29,95.01
2026-04-26,Badda,59.7,154,Unhealthy,4,6,0,1,28.57,74.75,10.52,1006.01,1.4,1,708.33,7455.2,75.2,77.6,84.6,64.86,90.44
2026-04-27,Badda,69.1,161,Unhealthy,4,0,0,1,25.66,84.96,13.8,1003.57,25.9,1,555.83,7672.8,59.7,75.2,77.6,67.34,87.24
2026-04-28,Badda,51.3,140,Unhealthy for Sensitive Groups,4,1,0,1,24.95,88.83,10.78,1003.54,16.5,1,418.75,4515.5,69.1,59.7,75.2,67.73,85.32
2026-04-29,Badda,76.7,166,Unhealthy,4,2,0,1,23.54,86.88,11.95,1006.21,2.2,1,421.46,5038.2,51.3,69.1,59.7,70.6,82.37
2026-04-30,Badda,91.2,176,Unhealthy,4,3,0,1,24.44,83.0,8.38,1007.42,19.4,1,451.46,3781.0,76.7,51.3,69.1,71.54,81.48
2026-05-01,Badda,101.0,183,Unhealthy,5,4,1,0,24.27,84.58,8.22,1005.22,17.2,1,391.25,3214.8,91.2,76.7,51.3,74.89,81.64
2026-05-02,Badda,95.8,179,Unhealthy,5,5,1,0,24.84,82.54,8.18,1004.12,10.6,1,513.54,4202.5,101.0,91.2,76.7,77.83,80.53
2026-05-29,Badda,61.6,155,Unhealthy,5,4,1,0,27.68,80.83,6.37,1005.78,6.5,1,294.79,1878.1,95.8,101.0,91.2,78.1,80.36
2026-05-30,Badda,52.0,142,Unhealthy for Sensitive Groups,5,5,1,0,28.67,71.79,4.19,1005.25,0.0,0,381.88,1600.7,61.6,95.8,101.0,75.66,79.14
2026-05-31,Badda,66.5,159,Unhealthy,5,6,0,0,30.47,66.25,3.99,1005.03,0.0,0,513.75,2048.6,52.0,61.6,95.8,77.83,79.21
2026-06-01,Badda,46.9,129,Unhealthy for Sensitive Groups,6,0,0,0,30.55,72.08,6.0,1005.7,0.7,0,583.96,3503.8,66.5,52.0,61.6,73.57,77.44
2026-06-02,Badda,48.9,134,Unhealthy for Sensitive Groups,6,1,0,0,30.72,74.0,6.52,1004.56,0.0,0,589.58,3844.6,46.9,66.5,52.0,67.53,76.14
2026-06-03,Badda,50.8,139,Unhealthy for Sensitive Groups,6,2,0,0,31.36,70.92,7.49,1001.99,0.0,0,680.83,5100.6,48.9,46.9,66.5,60.36,74.56
2026-06-04,Badda,55.0,149,Unhealthy for Sensitive Groups,6,3,0,0,31.21,75.29,6.63,1000.98,4.6,1,628.75,4170.7,50.8,48.9,46.9,54.53,73.82
2026-06-05,Badda,53.0,144,Unhealthy for Sensitive Groups,6,4,1,0,28.98,83.08,5.47,1001.35,8.7,1,355.83,1946.7,55.0,50.8,48.9,53.3,70.56
2026-06-06,Badda,82.6,170,Unhealthy,6,5,1,0,29.62,78.54,4.4,1001.74,0.7,0,531.04,2334.4,53.0,55.0,50.8,57.67,68.14
2026-06-07,Badda,65.2,158,Unhealthy,6,6,0,0,29.15,81.29,7.27,1002.15,3.1,1,483.33,3514.2,82.6,53.0,55.0,57.49,67.61
2026-06-08,Badda,44.9,124,Unhealthy for Sensitive Groups,6,0,0,0,29.26,80.08,8.08,1000.92,1.1,1,575.21,4649.6,65.2,82.6,53.0,57.2,66.91
2026-06-09,Badda,47.1,130,Unhealthy for Sensitive Groups,6,1,0,0,28.02,85.12,10.95,1000.57,8.9,1,501.67,5495.3,44.9,65.2,82.6,56.94,66.17
2026-06-10,Badda,52.1,142,Unhealthy for Sensitive Groups,6,2,0,0,28.01,83.88,9.6,1001.63,1.8,1,472.29,4534.0,47.1,44.9,65.2,57.13,65.81
2026-06-11,Badda,64.6,157,Unhealthy,6,3,0,0,28.8,80.83,6.73,1003.09,3.0,1,403.96,2718.3,52.1,47.1,44.9,58.5,65.38
2026-06-12,Badda,63.4,157,Unhealthy,6,4,1,0,28.98,78.5,5.61,1004.45,5.1,1,536.04,3006.3,64.6,52.1,47.1,59.99,64.87
2026-06-13,Badda,59.5,154,Unhealthy,6,5,1,0,28.9,81.42,7.55,1003.65,7.3,1,518.75,3918.7,63.4,64.6,52.1,56.69,64.33
2026-06-14,Badda,54.0,147,Unhealthy for Sensitive Groups,6,6,0,0,28.6,85.33,9.34,1001.9,8.1,1,493.75,4610.4,59.5,63.4,64.6,55.09,63.57
2026-06-15,Badda,50.1,137,Unhealthy for Sensitive Groups,6,0,0,0,28.98,82.67,8.42,1002.46,6.4,1,500.42,4213.9,54.0,59.5,63.4,55.83,63.52
2026-06-16,Badda,63.9,157,Unhealthy,6,1,0,0,28.97,81.12,6.5,1003.71,3.7,1,484.17,3147.1,50.1,54.0,59.5,58.23,64.03
2026-06-17,Badda,46.4,128,Unhealthy for Sensitive Groups,6,2,0,0,29.68,77.96,8.43,1003.98,0.4,0,677.71,5712.5,63.9,50.1,54.0,57.41,63.69
2026-06-18,Badda,53.6,146,Unhealthy for Sensitive Groups,6,3,0,0,28.96,81.42,9.25,1003.69,7.6,1,581.04,5374.6,46.4,63.9,50.1,55.84,62.66
2026-06-19,Badda,53.6,146,Unhealthy for Sensitive Groups,6,4,1,0,28.31,82.71,6.07,1003.79,0.3,0,497.5,3018.2,53.6,46.4,63.9,54.44,61.86
2026-06-20,Badda,47.1,130,Unhealthy for Sensitive Groups,6,5,1,0,29.65,79.54,9.24,1003.58,3.5,1,624.58,5769.6,53.6,53.6,46.4,52.67,60.92
2026-06-21,Badda,41.9,117,Unhealthy for Sensitive Groups,6,6,0,0,29.16,83.75,11.58,1002.92,10.7,1,686.46,7945.8,47.1,53.6,53.6,50.94,60.33
2026-06-22,Badda,53.9,146,Unhealthy for Sensitive Groups,6,0,0,0,28.7,81.08,7.18,1003.05,3.4,1,538.96,3867.0,41.9,47.1,53.6,51.49,59.82
2026-06-23,Badda,54.3,147,Unhealthy for Sensitive Groups,6,1,0,0,29.04,82.5,8.84,1000.76,8.4,1,527.92,4665.5,53.9,41.9,47.1,50.11,59.92
2026-06-24,Badda,61.8,155,Unhealthy,6,2,0,0,29.05,82.79,7.61,1001.09,3.9,1,487.08,3705.9,54.3,53.9,41.9,52.31,59.42
2026-06-25,Badda,47.1,130,Unhealthy for Sensitive Groups,6,3,0,0,29.27,81.17,6.98,1002.58,2.5,1,487.08,3401.5,61.8,54.3,53.9,51.39,57.95
2026-06-26,Badda,59.9,154,Unhealthy,6,4,1,0,29.84,76.96,6.38,1003.69,1.4,1,641.46,4092.0,47.1,61.8,54.3,52.29,56.58
2026-06-27,Badda,34.0,97,Moderate,6,5,1,0,30.94,72.5,10.41,1002.78,1.2,1,804.79,8376.5,59.9,47.1,61.8,50.41,54.52
2026-06-28,Badda,42.8,119,Unhealthy for Sensitive Groups,6,6,0,0,30.37,76.92,12.31,1001.34,4.0,1,754.17,9285.7,34.0,59.9,47.1,50.54,53.9
2026-06-29,Badda,47.5,131,Unhealthy for Sensitive Groups,6,0,0,0,29.46,80.04,9.3,1000.74,5.1,1,622.08,5782.8,42.8,34.0,59.9,49.63,53.75
2026-06-30,Badda,57.6,152,Unhealthy,6,1,0,0,29.4,82.42,6.5,1000.41,10.2,1,561.88,3649.8,47.5,42.8,34.0,50.1,53.45
2026-07-01,Badda,48.4,133,Unhealthy for Sensitive Groups,7,2,0,0,29.05,83.33,7.7,1000.18,13.1,1,535.21,4123.3,57.6,47.5,42.8,48.19,53.5
2026-07-02,Badda,45.3,125,Unhealthy for Sensitive Groups,7,3,0,0,29.81,79.5,9.07,1000.18,3.2,1,595.0,5394.7,48.4,57.6,47.5,47.93,53.38
2026-07-03,Badda,37.7,106,Unhealthy for Sensitive Groups,7,4,1,0,30.7,75.96,10.77,999.47,4.0,1,736.46,7929.2,45.3,48.4,57.6,44.76,52.94
2026-07-04,Badda,23.0,77,Moderate,7,5,1,0,31.11,73.0,12.49,997.12,5.0,1,869.17,10857.3,37.7,45.3,48.4,43.19,51.88
2026-07-05,Badda,20.1,71,Moderate,7,6,0,0,28.16,85.04,20.67,996.93,17.5,1,842.29,17410.9,23.0,37.7,45.3,39.94,50.78
2026-07-06,Badda,30.0,90,Moderate,7,0,0,0,27.86,88.12,16.08,999.24,15.7,1,664.58,10688.7,20.1,23.0,37.7,37.44,49.03
2026-07-07,Badda,38.1,107,Unhealthy for Sensitive Groups,7,1,0,0,27.39,91.21,10.63,1001.3,18.5,1,442.29,4703.0,30.0,20.1,23.0,34.66,48.12
2026-07-09,Badda,35.7,101,Unhealthy for Sensitive Groups,7,3,0,0,27.28,92.46,11.5,1001.61,22.0,1,565.21,6499.9,38.1,30.0,20.1,32.84,47.82
2026-07-10,Badda,31.9,93,Moderate,7,4,1,0,27.14,92.75,11.57,999.82,33.2,1,457.92,5296.6,35.7,38.1,30.0,30.93,47.31
2026-07-11,Badda,46.4,128,Unhealthy for Sensitive Groups,7,5,1,0,27.85,88.75,10.91,998.36,29.0,1,505.42,5515.4,31.9,35.7,38.1,32.17,47.12
2026-07-12,Badda,60.2,154,Unhealthy,7,6,0,0,28.24,87.83,9.43,996.66,52.8,1,466.88,4402.2,46.4,31.9,35.7,37.49,46.97
2026-07-13,Badda,63.1,156,Unhealthy,7,0,0,0,27.55,91.12,7.12,998.44,18.9,1,280.62,1999.5,60.2,46.4,31.9,43.63,46.96
2026-07-14,Badda,50.5,138,Unhealthy for Sensitive Groups,7,1,0,0,29.53,80.88,6.49,999.13,1.9,1,480.83,3121.4,63.1,60.2,46.4,46.56,46.66
2026-07-15,Badda,43.4,120,Unhealthy for Sensitive Groups,7,2,0,0,29.33,80.58,7.38,1000.5,6.2,1,565.83,4173.0,50.5,63.1,60.2,47.31,46.31
2026-07-16,Badda,36.6,104,Unhealthy for Sensitive Groups,7,3,0,0,29.41,77.88,15.83,1001.2,2.5,1,836.46,13240.4,43.4,50.5,63.1,47.44,45.86
2026-07-17,Badda,43.4,120,Unhealthy for Sensitive Groups,7,4,1,0,28.67,82.46,16.14,1001.5,2.7,1,771.25,12449.3,36.6,43.4,50.5,49.09,45.18
2026-07-18,Badda,41.3,115,Unhealthy for Sensitive Groups,7,5,1,0,29.29,79.04,15.02,1002.44,4.2,1,864.79,12986.3,43.4,36.6,43.4,48.36,45.01
2026-07-19,Badda,38.9,109,Unhealthy for Sensitive Groups,7,6,0,0,27.82,87.71,13.64,1003.64,16.4,1,649.79,8864.2,41.3,43.4,36.6,45.31,44.52
2026-07-20,Badda,37.3,105,Unhealthy for Sensitive Groups,7,0,0,0,26.35,94.88,8.8,1004.06,36.0,1,352.08,3098.3,38.9,41.3,43.4,41.63,43.97
2026-07-21,Badda,37.6,106,Unhealthy for Sensitive Groups,7,1,0,0,27.25,89.5,10.58,1003.74,11.9,1,465.62,4924.0,37.3,38.9,41.3,39.79,43.66
2026-07-22,Badda,37.8,107,Unhealthy for Sensitive Groups,7,2,0,0,27.3,87.67,12.64,1003.41,15.7,1,605.62,7653.6,37.6,37.3,38.9,38.99,43.52
2026-07-23,Badda,46.2,127,Unhealthy for Sensitive Groups,7,3,0,0,27.05,87.92,10.39,1002.7,16.6,1,496.88,5161.3,37.8,37.6,37.3,40.36,43.26
2026-07-24,Badda,40.3,113,Unhealthy for Sensitive Groups,7,4,1,0,27.83,83.5,10.07,1001.05,4.5,1,565.83,5696.1,46.2,37.8,37.6,39.91,42.8
2026-07-25,Badda,42.1,117,Unhealthy for Sensitive Groups,7,5,1,0,28.81,78.21,10.69,1000.76,2.0,1,609.17,6513.0,40.3,46.2,37.8,40.03,42.14
2026-07-26,Badda,43.7,121,Unhealthy for Sensitive Groups,7,6,0,0,29.37,76.88,12.24,999.45,0.9,0,738.96,9046.1,42.1,40.3,46.2,40.71,42.03
2026-07-27,Badda,33.7,97,Moderate,7,0,0,0,28.55,81.71,16.59,997.85,8.3,1,797.5,13231.9,43.7,42.1,40.3,40.2,41.15
2026-07-28,Badda,39.7,111,Unhealthy for Sensitive Groups,7,1,0,0,28.32,84.0,15.71,998.32,10.5,1,730.0,11467.1,33.7,43.7,42.1,40.5,41.34
2026-07-29,Badda,40.5,113,Unhealthy for Sensitive Groups,7,2,0,0,28.05,86.42,13.67,999.54,9.7,1,626.46,8561.6,39.7,33.7,43.7,40.89,41.27
2026-07-30,Badda,38.4,108,Unhealthy for Sensitive Groups,7,3,0,0,27.03,91.25,12.02,1001.3,17.8,1,510.42,6135.6,40.5,39.7,33.7,39.77,40.96
2026-07-31,Badda,35.4,100,Moderate,7,4,1,0,28.9,82.58,9.34,1002.38,4.9,1,623.12,5818.4,38.4,40.5,39.7,39.07,40.22
2026-08-01,Badda,37.0,105,Unhealthy for Sensitive Groups,8,5,1,0,28.76,84.21,9.41,1001.61,8.0,1,531.46,5002.4,35.4,38.4,40.5,38.34,39.84
2026-08-02,Badda,36.6,104,Unhealthy for Sensitive Groups,8,6,0,0,28.22,89.08,8.33,1001.87,24.1,1,425.62,3543.3,37.0,35.4,38.4,37.33,39.55
2026-03-03,Baridhara,197.0,272,Very Unhealthy,3,1,0,1,25.94,62.21,5.15,1008.72,0.0,0,743.75,3833.4,156.0,105.0,168.0,170.86,159.17
2026-03-04,Baridhara,199.0,274,Very Unhealthy,3,2,0,1,26.09,47.5,5.82,1008.92,0.0,0,782.71,4559.3,197.0,156.0,105.0,167.14,161.66
2026-03-06,Baridhara,188.0,263,Very Unhealthy,3,4,1,1,27.96,46.5,5.44,1007.61,0.0,0,741.67,4032.8,199.0,197.0,156.0,170.71,163.21
2026-03-10,Baridhara,152.0,227,Very Unhealthy,3,1,0,1,27.92,60.5,3.23,1011.59,0.7,0,564.79,1823.8,188.0,199.0,197.0,166.43,162.59
2026-03-11,Baridhara,132.0,207,Very Unhealthy,3,2,0,1,27.86,66.79,5.05,1009.55,1.0,0,601.88,3039.5,152.0,188.0,199.0,161.29,160.98
2026-03-12,Baridhara,93.3,177,Unhealthy,3,3,0,1,27.09,70.33,7.38,1007.49,0.2,0,576.46,4253.8,132.0,152.0,188.0,159.61,157.6
2026-03-13,Baridhara,72.6,163,Unhealthy,3,4,1,1,25.67,77.96,10.25,1006.48,2.4,1,599.17,6144.0,93.3,132.0,152.0,147.7,153.55
2026-03-14,Baridhara,53.9,146,Unhealthy for Sensitive Groups,3,5,1,1,26.92,72.92,14.68,1008.05,7.0,1,729.58,10709.7,72.6,93.3,132.0,127.26,149.02
2026-03-15,Baridhara,49.5,135,Unhealthy for Sensitive Groups,3,6,0,1,24.63,80.29,14.53,1008.87,17.6,1,591.25,8592.8,53.9,72.6,93.3,105.9,144.69
2026-03-16,Baridhara,58.5,153,Unhealthy,3,0,0,1,25.98,70.88,11.57,1007.59,1.6,1,629.79,7284.6,49.5,53.9,72.6,87.4,141.1
2026-03-17,Baridhara,46.7,129,Unhealthy for Sensitive Groups,3,1,0,1,26.23,69.71,10.78,1007.32,6.2,1,622.5,6710.0,58.5,49.5,53.9,72.36,137.32
2026-03-18,Baridhara,48.0,132,Unhealthy for Sensitive Groups,3,2,0,1,24.37,81.71,9.59,1009.27,16.3,1,405.83,3892.6,46.7,58.5,49.5,60.36,133.89
2026-03-19,Baridhara,65.9,158,Unhealthy,3,3,0,1,25.22,70.58,6.36,1009.47,0.0,0,412.5,2622.8,48.0,46.7,58.5,56.44,131.37
2026-03-20,Baridhara,80.0,168,Unhealthy,3,4,1,1,24.08,75.88,8.43,1008.67,0.4,0,277.5,2339.1,65.9,48.0,46.7,57.5,129.54
2026-03-21,Baridhara,64.7,157,Unhealthy,3,5,1,1,21.78,78.38,4.5,1010.04,19.6,1,339.79,1529.1,80.0,65.9,48.0,59.04,127.3
2026-03-22,Baridhara,59.5,154,Unhealthy,3,6,0,1,22.82,69.33,7.25,1009.58,0.3,0,577.71,4186.0,64.7,80.0,65.9,60.47,125.04
2026-03-23,Baridhara,117.0,194,Unhealthy,3,0,0,1,24.62,60.67,5.36,1010.26,0.2,0,649.58,3483.4,59.5,64.7,80.0,68.83,124.57
2026-03-24,Baridhara,115.0,193,Unhealthy,3,1,0,1,26.49,59.96,7.82,1008.15,0.2,0,805.21,6297.4,117.0,59.5,64.7,78.59,124.57
2026-03-25,Baridhara,82.0,170,Unhealthy,3,2,0,1,26.59,68.67,7.42,1008.01,6.6,1,550.0,4081.5,115.0,117.0,59.5,83.44,124.05
2026-03-26,Baridhara,106.0,186,Unhealthy,3,3,0,1,28.48,57.54,4.28,1008.55,0.0,0,744.79,3187.1,82.0,115.0,117.0,89.17,122.25
2026-03-27,Baridhara,111.0,190,Unhealthy,3,4,1,1,29.44,55.12,7.32,1005.88,0.2,0,834.17,6103.3,106.0,82.0,115.0,93.6,122.09
2026-03-28,Baridhara,63.2,156,Unhealthy,3,5,1,1,26.51,65.62,8.25,1005.34,0.6,0,623.75,5148.5,111.0,106.0,82.0,93.39,118.76
2026-03-29,Baridhara,92.5,177,Unhealthy,3,6,0,1,26.48,72.04,5.91,1006.61,3.0,1,454.38,2686.5,58.8,111.0,102.0,94.91,75.05
2026-03-29,Baridhara,94.4,178,Unhealthy,3,6,0,1,26.48,72.04,5.91,1006.14,3.0,1,454.38,2686.5,63.2,111.0,106.0,98.37,115.04
2026-03-30,Baridhara,77.9,167,Unhealthy,3,0,0,1,26.42,80.29,6.66,1006.85,15.1,1,475.42,3165.5,92.5,58.8,111.0,90.33,75.22
2026-03-30,Baridhara,75.8,165,Unhealthy,3,0,0,1,26.42,80.29,6.66,1006.38,15.1,1,475.42,3165.5,94.4,63.2,111.0,92.49,110.8
2026-03-31,Baridhara,75.3,165,Unhealthy,3,1,0,1,25.85,83.0,7.05,1008.02,1.8,1,423.33,2986.3,77.9,92.5,58.8,85.8,75.23
2026-03-31,Baridhara,74.0,164,Unhealthy,3,1,0,1,25.85,83.0,7.05,1007.55,1.8,1,423.33,2986.3,75.8,94.4,63.2,86.63,105.77
2026-04-01,Baridhara,61.7,155,Unhealthy,4,2,0,1,27.52,78.17,8.88,1007.67,3.2,1,561.46,4985.3,75.3,77.9,92.5,82.74,74.48
2026-04-01,Baridhara,60.4,154,Unhealthy,4,2,0,1,27.52,78.17,8.88,1007.2,3.2,1,561.46,4985.3,74.0,75.8,94.4,83.54,102.35
2026-04-02,Baridhara,73.5,164,Unhealthy,4,3,0,1,28.62,75.42,10.59,1007.08,2.6,1,512.92,5430.5,61.7,75.3,77.9,78.67,74.43
2026-04-02,Baridhara,78.8,167,Unhealthy,4,3,0,1,28.62,75.42,10.59,1006.62,2.6,1,512.92,5430.5,60.4,74.0,75.8,79.66,98.91
2026-04-03,Baridhara,60.4,154,Unhealthy,4,4,1,1,30.2,69.62,10.26,1006.07,0.0,0,727.5,7462.9,73.5,61.7,75.3,71.44,73.72
2026-04-03,Baridhara,60.7,155,Unhealthy,4,4,1,1,30.2,69.62,10.26,1005.62,0.0,0,727.5,7462.9,78.8,60.4,74.0,72.47,95.33
2026-04-04,Baridhara,85.5,172,Unhealthy,4,5,1,1,30.58,67.96,9.41,1004.75,0.0,0,717.71,6752.4,60.4,73.5,61.7,75.26,74.29
2026-04-04,Baridhara,91.4,176,Unhealthy,4,5,1,1,30.58,67.96,9.41,1004.31,0.0,0,717.71,6752.4,60.7,78.8,60.4,76.5,94.88
2026-04-05,Baridhara,58.5,153,Unhealthy,4,6,0,1,28.99,64.92,12.49,1004.92,1.4,1,608.12,7594.0,85.5,60.4,73.5,70.4,73.57
2026-04-05,Baridhara,58.3,153,Unhealthy,4,6,0,1,28.99,64.92,12.49,1004.48,1.4,1,608.12,7594.0,91.4,60.7,78.8,71.34,91.62
2026-04-06,Baridhara,76.9,166,Unhealthy,4,0,0,1,28.45,58.96,6.13,1006.87,0.8,0,675.0,4140.0,58.5,85.5,60.4,70.26,73.71
2026-04-06,Baridhara,75.3,165,Unhealthy,4,0,0,1,28.45,58.96,6.13,1006.41,0.8,0,675.0,4140.0,58.3,91.4,60.7,71.27,87.56
2026-04-07,Baridhara,51.7,141,Unhealthy for Sensitive Groups,4,1,0,1,27.92,60.08,8.52,1007.8,2.0,1,811.67,6916.1,76.9,58.5,85.5,66.89,72.8
2026-04-07,Baridhara,52.8,144,Unhealthy for Sensitive Groups,4,1,0,1,27.92,60.08,8.52,1007.34,2.0,1,811.67,6916.1,75.3,58.3,91.4,68.24,82.69
2026-04-08,Baridhara,68.8,160,Unhealthy,4,2,0,1,26.98,61.08,7.49,1008.15,1.3,1,800.21,5991.6,51.7,76.9,58.5,67.9,72.64
2026-04-08,Baridhara,76.4,166,Unhealthy,4,2,0,1,26.98,61.08,7.49,1007.69,1.3,1,800.21,5991.6,52.8,75.3,58.3,70.53,78.97
2026-04-09,Baridhara,68.4,160,Unhealthy,4,3,0,1,24.0,85.0,7.24,1008.6,8.4,1,373.75,2706.6,76.4,52.8,75.3,69.04,76.18
2026-04-10,Baridhara,95.8,179,Unhealthy,4,4,1,1,24.89,76.71,6.75,1009.11,0.5,0,543.75,3670.3,68.8,51.7,76.9,71.09,73.53
2026-04-10,Baridhara,99.9,182,Unhealthy,4,4,1,1,24.89,76.71,6.75,1008.62,0.5,0,543.75,3670.3,68.4,76.4,52.8,74.64,75.11
2026-04-11,Baridhara,95.6,179,Unhealthy,4,5,1,1,26.75,68.88,9.2,1007.96,0.1,0,705.42,6486.9,95.8,68.8,51.7,76.11,74.34
2026-04-11,Baridhara,101.0,183,Unhealthy,4,5,1,1,26.75,68.88,9.2,1007.5,0.1,0,705.42,6486.9,99.9,68.4,76.4,76.01,75.37
2026-04-12,Baridhara,61.3,155,Unhealthy,4,6,0,1,28.37,66.96,10.79,1005.08,0.0,0,802.92,8664.8,95.6,95.8,68.8,72.66,73.88
2026-04-12,Baridhara,65.6,158,Unhealthy,4,6,0,1,28.37,66.96,10.79,1004.62,0.0,0,802.92,8664.8,101.0,99.9,68.4,77.06,75.14
2026-04-13,Baridhara,63.7,157,Unhealthy,4,0,0,1,29.58,70.5,12.2,1005.4,1.3,1,828.54,10104.8,65.6,101.0,99.9,75.4,75.46
2026-04-14,Baridhara,60.4,154,Unhealthy,4,1,0,1,29.3,73.42,10.37,1005.54,1.2,1,751.25,7791.1,63.7,65.6,101.0,76.49,75.83
2026-04-15,Baridhara,61.4,155,Unhealthy,4,2,0,1,30.21,69.17,11.29,1004.37,1.9,1,888.96,10034.1,61.3,95.6,95.8,73.07,73.45
2026-04-15,Baridhara,63.4,157,Unhealthy,4,2,0,1,30.21,69.17,11.29,1003.92,1.9,1,888.96,10034.1,60.4,63.7,65.6,74.63,75.99
2026-04-16,Baridhara,77.2,166,Unhealthy,4,3,0,1,28.9,74.88,8.16,1006.1,2.9,1,597.71,4878.8,61.4,61.3,95.6,73.11,73.57
2026-04-16,Baridhara,80.2,168,Unhealthy,4,3,0,1,28.9,74.88,8.16,1005.65,2.9,1,597.71,4878.8,63.4,60.4,63.7,76.31,77.11
2026-04-17,Baridhara,62.7,156,Unhealthy,4,4,1,1,28.54,78.62,5.36,1007.0,0.6,0,482.29,2586.3,77.2,61.4,61.3,74.69,73.63
2026-04-17,Baridhara,65.9,158,Unhealthy,4,4,1,1,28.54,78.62,5.36,1006.55,0.6,0,482.29,2586.3,80.2,63.4,60.4,71.46,77.7
2026-04-18,Baridhara,57.2,152,Unhealthy,4,5,1,1,29.33,76.46,6.3,1005.84,0.8,0,588.75,3709.1,62.7,77.2,61.4,73.03,73.88
2026-04-18,Baridhara,60.1,154,Unhealthy,4,5,1,1,29.33,76.46,6.3,1005.39,0.8,0,588.75,3709.1,65.9,80.2,63.4,65.61,77.51
2026-04-19,Baridhara,61.5,155,Unhealthy,4,6,0,1,28.83,77.25,9.97,1004.72,5.7,1,671.04,6690.8,57.2,62.7,77.2,68.13,73.9
2026-04-19,Baridhara,63.4,157,Unhealthy,4,6,0,1,28.83,77.25,9.97,1004.27,5.7,1,671.04,6690.8,60.1,65.9,80.2,65.3,76.96
2026-04-20,Baridhara,49.5,135,Unhealthy for Sensitive Groups,4,0,0,1,30.7,73.08,14.62,1002.99,0.7,0,860.83,12582.5,61.5,57.2,62.7,61.54,73.96
2026-04-20,Baridhara,51.3,140,Unhealthy for Sensitive Groups,4,0,0,1,30.7,73.08,14.62,1002.55,0.7,0,860.83,12582.5,63.4,60.1,65.9,63.53,76.51
2026-04-21,Baridhara,48.3,133,Unhealthy for Sensitive Groups,4,1,0,1,30.99,71.0,16.02,1002.38,0.7,0,856.67,13720.9,49.5,61.5,57.2,59.69,73.94
2026-04-21,Baridhara,50.4,138,Unhealthy for Sensitive Groups,4,1,0,1,30.99,71.0,16.02,1001.95,0.7,0,856.67,13720.9,51.3,63.4,60.1,62.1,76.21
2026-04-22,Baridhara,53.8,146,Unhealthy for Sensitive Groups,4,2,0,1,30.31,70.67,12.2,1003.38,1.6,1,736.25,8982.2,48.3,49.5,61.5,58.6,73.65
2026-04-22,Baridhara,58.0,153,Unhealthy,4,2,0,1,30.31,70.67,12.2,1002.94,1.6,1,736.25,8982.2,50.4,51.3,63.4,61.33,74.24
2026-04-23,Baridhara,76.2,166,Unhealthy,4,3,0,1,30.91,69.08,9.02,1003.86,0.2,0,722.08,6510.8,53.8,48.3,49.5,58.46,73.98
2026-04-23,Baridhara,84.6,171,Unhealthy,4,3,0,1,30.91,69.08,9.02,1003.42,0.2,0,722.08,6510.8,58.0,50.4,51.3,61.96,73.23
2026-04-24,Baridhara,71.9,162,Unhealthy,4,4,1,1,31.55,67.88,9.07,1004.66,0.0,0,642.71,5829.9,76.2,53.8,48.3,59.77,74.23
2026-04-24,Baridhara,78.4,167,Unhealthy,4,4,1,1,31.55,67.88,9.07,1004.24,0.0,0,642.71,5829.9,84.6,58.0,50.4,63.74,73.11
2026-04-25,Baridhara,73.4,164,Unhealthy,4,5,1,1,31.78,64.46,8.28,1005.9,0.1,0,700.21,5794.2,71.9,76.2,53.8,62.09,73.01
2026-04-25,Baridhara,78.2,167,Unhealthy,4,5,1,1,31.78,64.46,8.28,1005.48,0.1,0,700.21,5794.2,78.4,84.6,58.0,66.33,72.18
2026-04-26,Baridhara,50.5,138,Unhealthy for Sensitive Groups,4,6,0,1,28.3,76.54,10.4,1005.46,0.9,0,703.54,7316.8,73.4,71.9,76.2,60.51,71.13
2026-04-26,Baridhara,54.2,147,Unhealthy for Sensitive Groups,4,6,0,1,28.3,76.54,10.4,1005.0,0.9,0,703.54,7316.8,78.2,78.4,84.6,65.01,70.29
2026-04-27,Baridhara,57.7,153,Unhealthy,4,0,0,1,25.65,85.33,13.41,1002.99,35.3,1,554.58,7438.3,50.5,73.4,71.9,61.69,70.28
2026-04-27,Baridhara,64.9,158,Unhealthy,4,0,0,1,25.65,85.33,13.41,1002.52,35.3,1,554.58,7438.3,54.2,78.2,78.4,66.96,70.34
2026-04-28,Baridhara,45.2,125,Unhealthy for Sensitive Groups,4,1,0,1,25.0,89.17,10.64,1003.01,12.6,1,419.79,4465.5,57.7,50.5,73.4,61.24,68.39
2026-04-28,Baridhara,51.5,140,Unhealthy for Sensitive Groups,4,1,0,1,25.0,89.17,10.64,1002.51,12.6,1,419.79,4465.5,64.9,54.2,78.2,67.11,68.91
2026-04-29,Baridhara,51.5,140,Unhealthy for Sensitive Groups,4,2,0,1,23.59,87.67,11.82,1005.75,5.4,1,431.46,5100.2,45.2,57.7,50.5,60.91,66.41
2026-04-29,Baridhara,57.1,152,Unhealthy,4,2,0,1,23.59,87.67,11.82,1005.25,5.4,1,431.46,5100.2,51.5,64.9,54.2,66.99,68.29
2026-04-30,Baridhara,62.8,156,Unhealthy,4,3,0,1,24.54,83.08,8.39,1006.92,20.9,1,462.92,3882.7,51.5,45.2,57.7,59.0,66.54
2026-04-30,Baridhara,63.3,156,Unhealthy,4,3,0,1,24.54,83.08,8.39,1006.42,20.9,1,462.92,3882.7,57.1,51.5,64.9,63.94,67.93
2026-05-01,Baridhara,59.4,154,Unhealthy,5,4,1,0,24.38,83.88,8.05,1004.76,25.4,1,387.5,3117.8,62.8,51.5,45.2,57.21,65.44
2026-05-02,Baridhara,56.2,151,Unhealthy,5,5,1,0,24.87,82.42,8.55,1003.65,8.3,1,512.92,4387.6,59.4,62.8,51.5,54.76,64.71
2026-05-28,Baridhara,41.3,115,Unhealthy for Sensitive Groups,5,3,0,0,27.44,80.67,7.9,1005.5,0.3,0,422.29,3334.3,56.2,59.4,62.8,53.44,63.58
2026-05-28,Baridhara,47.5,131,Unhealthy for Sensitive Groups,5,3,0,0,28.13,77.85,8.1,1005.25,0.3,0,462.0,3739.9,63.3,57.1,51.5,59.53,67.5
2026-05-29,Baridhara,48.6,133,Unhealthy for Sensitive Groups,5,4,1,0,27.64,80.46,6.48,1005.31,2.7,1,282.29,1827.8,41.3,56.2,59.4,52.14,63.14
2026-05-29,Baridhara,50.7,138,Unhealthy for Sensitive Groups,5,4,1,0,27.64,80.46,6.48,1004.85,2.7,1,282.29,1827.8,47.5,63.3,57.1,55.6,66.57
2026-05-30,Baridhara,42.3,118,Unhealthy for Sensitive Groups,5,5,1,0,28.59,72.04,3.77,1004.8,0.0,0,350.83,1322.9,48.6,41.3,56.2,51.73,62.1
2026-05-30,Baridhara,44.4,123,Unhealthy for Sensitive Groups,5,5,1,0,28.59,72.04,3.77,1004.35,0.0,0,350.83,1322.9,50.7,47.5,63.3,54.2,66.02
2026-05-31,Baridhara,56.0,151,Unhealthy,5,6,0,0,30.42,66.71,3.77,1004.55,0.0,0,453.33,1707.6,42.3,48.6,41.3,52.37,61.96
2026-05-31,Baridhara,58.5,153,Unhealthy,5,6,0,0,30.42,66.71,3.77,1004.12,0.0,0,453.33,1707.6,44.4,50.7,47.5,53.29,64.93
2026-06-01,Baridhara,44.9,124,Unhealthy for Sensitive Groups,6,0,0,0,30.62,72.5,6.26,1005.2,0.8,0,566.88,3547.7,56.0,42.3,48.6,49.81,60.6
2026-06-01,Baridhara,46.7,129,Unhealthy for Sensitive Groups,6,0,0,0,30.62,72.5,6.26,1004.77,0.8,0,566.88,3547.7,58.5,44.4,50.7,52.6,64.54
2026-06-02,Baridhara,46.1,127,Unhealthy for Sensitive Groups,6,1,0,0,30.92,72.12,7.24,1004.06,0.1,0,616.25,4460.1,44.9,56.0,42.3,47.91,60.19
2026-06-02,Baridhara,48.2,132,Unhealthy for Sensitive Groups,6,1,0,0,30.92,72.12,7.24,1003.63,0.1,0,616.25,4460.1,46.7,58.5,44.4,51.33,63.64
2026-06-03,Baridhara,47.6,131,Unhealthy for Sensitive Groups,6,2,0,0,32.05,66.0,8.25,1001.46,0.0,0,757.29,6247.7,46.1,44.9,56.0,46.69,59.21
2026-06-03,Baridhara,47.1,130,Unhealthy for Sensitive Groups,6,2,0,0,32.05,66.0,8.25,1001.05,0.0,0,757.29,6247.7,48.2,46.7,58.5,49.01,63.45
2026-06-04,Baridhara,54.8,149,Unhealthy for Sensitive Groups,6,3,0,0,32.09,68.21,7.86,1000.43,2.3,1,723.75,5687.5,47.6,46.1,44.9,48.61,59.32
2026-06-04,Baridhara,56.9,152,Unhealthy,6,3,0,0,32.09,68.21,7.86,1000.02,2.3,1,723.75,5687.5,47.1,48.2,46.7,50.36,62.8
2026-06-05,Baridhara,52.7,143,Unhealthy for Sensitive Groups,6,4,1,0,29.12,81.79,5.67,1000.83,10.5,1,379.17,2148.6,54.8,47.6,46.1,49.2,58.78
2026-06-05,Baridhara,56.3,152,Unhealthy,6,4,1,0,29.12,81.79,5.67,1000.41,10.5,1,379.17,2148.6,56.9,47.1,48.2,51.16,62.39
2026-06-06,Baridhara,74.1,164,Unhealthy,6,5,1,0,29.62,79.0,4.92,1001.23,0.7,0,521.67,2569.2,52.7,54.8,47.6,53.74,58.06
2026-06-06,Baridhara,79.7,168,Unhealthy,6,5,1,0,29.62,79.0,4.92,1000.8,0.7,0,521.67,2569.2,56.3,56.9,47.1,56.2,61.72
2026-06-07,Baridhara,55.1,149,Unhealthy for Sensitive Groups,6,6,0,0,29.1,81.25,6.97,1001.63,3.0,1,469.17,3268.5,74.1,52.7,54.8,53.61,56.71
2026-06-07,Baridhara,62.6,156,Unhealthy,6,6,0,0,29.1,81.25,6.97,1001.2,3.0,1,469.17,3268.5,79.7,56.3,56.9,56.79,60.44
2026-06-08,Baridhara,43.0,119,Unhealthy for Sensitive Groups,6,0,0,0,29.25,80.0,8.37,1000.38,0.3,0,540.0,4518.0,55.1,74.1,52.7,53.34,56.1
2026-06-08,Baridhara,44.6,123,Unhealthy for Sensitive Groups,6,0,0,0,29.25,80.0,8.37,999.95,0.3,0,540.0,4518.0,62.6,79.7,56.3,56.49,59.74
2026-06-09,Baridhara,48.8,134,Unhealthy for Sensitive Groups,6,1,0,0,28.48,81.75,11.1,999.98,6.2,1,538.54,5980.1,43.0,55.1,74.1,53.73,55.68
2026-06-09,Baridhara,52.2,142,Unhealthy for Sensitive Groups,6,1,0,0,28.48,81.75,11.1,999.54,6.2,1,538.54,5980.1,44.6,62.6,79.7,57.06,59.36
2026-06-10,Baridhara,55.1,149,Unhealthy for Sensitive Groups,6,2,0,0,27.95,83.96,9.36,1001.08,3.0,1,464.17,4343.8,48.8,43.0,55.1,54.8,54.94
2026-06-10,Baridhara,60.5,155,Unhealthy,6,2,0,0,27.95,83.96,9.36,1000.63,3.0,1,464.17,4343.8,52.2,44.6,62.6,58.97,59.36
2026-06-11,Baridhara,59.2,154,Unhealthy,6,3,0,0,29.39,77.08,6.82,1002.52,1.7,1,475.62,3242.2,55.1,48.8,43.0,55.43,54.82
2026-06-11,Baridhara,63.7,157,Unhealthy,6,3,0,0,29.39,77.08,6.82,1002.08,1.7,1,475.62,3242.2,60.5,52.2,44.6,59.94,59.37
2026-06-12,Baridhara,58.9,153,Unhealthy,6,4,1,0,29.41,74.75,5.28,1003.93,3.0,1,557.5,2945.5,59.2,55.1,48.8,56.31,54.88
2026-06-12,Baridhara,68.4,160,Unhealthy,6,4,1,0,29.41,74.75,5.28,1003.5,3.0,1,557.5,2945.5,63.7,60.5,52.2,61.67,58.98
2026-06-13,Baridhara,51.8,141,Unhealthy for Sensitive Groups,6,5,1,0,29.15,78.46,7.6,1003.12,5.6,1,513.12,3899.8,58.9,59.2,55.1,53.13,54.56
2026-06-13,Baridhara,59.4,154,Unhealthy,6,5,1,0,29.15,78.46,7.6,1002.67,5.6,1,513.12,3899.8,68.4,63.7,60.5,58.77,58.76
2026-06-14,Baridhara,49.9,136,Unhealthy for Sensitive Groups,6,6,0,0,28.95,82.5,9.57,1001.36,8.1,1,515.62,4932.8,51.8,58.9,59.2,52.39,54.57
2026-06-14,Baridhara,57.4,152,Unhealthy,6,6,0,0,28.95,82.5,9.57,1000.93,8.1,1,515.62,4932.8,59.4,68.4,63.7,58.03,58.67
2026-06-15,Baridhara,42.0,117,Unhealthy for Sensitive Groups,6,0,0,0,29.5,78.12,9.12,1001.91,6.1,1,528.12,4816.9,49.9,51.8,58.9,52.24,54.36
2026-06-15,Baridhara,47.9,132,Unhealthy for Sensitive Groups,6,0,0,0,29.5,78.12,9.12,1001.5,6.1,1,528.12,4816.9,57.4,59.4,68.4,58.5,58.15
2026-06-16,Baridhara,57.2,152,Unhealthy,6,1,0,0,29.09,79.88,7.37,1003.19,1.8,1,477.08,3514.5,42.0,49.9,51.8,53.44,54.47
2026-06-16,Baridhara,64.8,158,Unhealthy,6,1,0,0,29.09,79.88,7.37,1002.75,1.8,1,477.08,3514.5,47.9,57.4,59.4,60.3,58.6
2026-06-17,Baridhara,40.3,113,Unhealthy for Sensitive Groups,6,2,0,0,29.73,77.0,8.79,1003.44,0.2,0,666.25,5857.4,57.2,42.0,49.9,51.33,53.28
2026-06-17,Baridhara,46.1,127,Unhealthy for Sensitive Groups,6,2,0,0,29.73,77.0,8.79,1003.01,0.2,0,666.25,5857.4,64.8,47.9,57.4,58.24,58.46
2026-06-18,Baridhara,49.5,135,Unhealthy for Sensitive Groups,6,3,0,0,29.27,79.12,9.42,1003.12,4.8,1,621.88,5861.2,40.3,57.2,42.0,49.94,52.53
2026-06-18,Baridhara,54.8,149,Unhealthy for Sensitive Groups,6,3,0,0,29.27,79.12,9.42,1002.67,4.8,1,621.88,5861.2,46.1,64.8,47.9,56.97,58.35
2026-06-19,Baridhara,58.5,153,Unhealthy,6,4,1,0,28.31,82.62,6.29,1002.82,0.8,0,494.79,3113.1,54.8,46.1,64.8,55.56,57.48
2026-06-20,Baridhara,48.6,133,Unhealthy for Sensitive Groups,6,5,1,0,30.15,75.46,9.59,1002.6,1.9,1,648.12,6213.9,58.5,54.8,46.1,54.01,56.49
2026-06-21,Baridhara,44.1,122,Unhealthy for Sensitive Groups,6,6,0,0,29.48,79.46,11.82,1001.97,9.8,1,664.17,7848.2,48.6,58.5,54.8,52.11,55.35
2026-06-22,Baridhara,59.4,154,Unhealthy,6,0,0,0,29.03,77.79,7.65,1002.08,2.6,1,578.96,4431.4,44.1,48.6,58.5,53.76,55.53
2026-06-23,Baridhara,52.0,142,Unhealthy for Sensitive Groups,6,1,0,0,29.69,78.08,8.84,1000.22,6.3,1,583.96,5160.7,49.5,40.3,57.2,48.96,51.82
2026-06-23,Baridhara,54.5,148,Unhealthy for Sensitive Groups,6,1,0,0,29.69,78.08,8.84,999.81,6.3,1,583.96,5160.7,59.4,44.1,48.6,52.29,55.18
2026-06-24,Baridhara,59.5,154,Unhealthy,6,2,0,0,29.47,79.42,8.21,1000.54,2.8,1,505.83,4152.0,52.0,49.5,40.3,50.06,52.12
2026-06-24,Baridhara,63.5,157,Unhealthy,6,2,0,0,29.47,79.42,8.21,1000.12,2.8,1,505.83,4152.0,54.5,59.4,44.1,54.77,55.58
2026-06-25,Baridhara,47.0,129,Unhealthy for Sensitive Groups,6,3,0,0,29.64,78.54,7.25,1002.03,3.7,1,543.96,3941.4,59.5,52.0,49.5,49.64,51.76
2026-06-25,Baridhara,49.9,136,Unhealthy for Sensitive Groups,6,3,0,0,29.64,78.54,7.25,1001.62,3.7,1,543.96,3941.4,63.5,54.5,59.4,54.07,55.34
2026-06-26,Baridhara,44.0,122,Unhealthy for Sensitive Groups,6,4,1,0,29.78,77.58,6.79,1003.19,0.5,0,613.96,4169.8,47.0,59.5,52.0,49.93,51.72
2026-06-26,Baridhara,47.8,131,Unhealthy for Sensitive Groups,6,4,1,0,29.78,77.58,6.79,1002.75,0.5,0,613.96,4169.8,49.9,63.5,54.5,52.54,54.82
2026-06-27,Baridhara,31.4,93,Moderate,6,5,1,0,30.95,71.67,10.62,1002.27,0.9,0,778.96,8269.9,44.0,47.0,59.5,46.24,51.05
2026-06-27,Baridhara,33.2,96,Moderate,6,5,1,0,30.95,71.67,10.62,1001.85,0.9,0,778.96,8269.9,47.8,49.9,63.5,50.34,54.35
2026-06-28,Baridhara,37.0,105,Unhealthy for Sensitive Groups,6,6,0,0,30.55,75.29,12.05,1000.79,3.1,1,771.04,9294.3,31.4,44.0,47.0,45.77,50.19
2026-06-28,Baridhara,39.6,111,Unhealthy for Sensitive Groups,6,6,0,0,30.55,75.29,12.05,1000.39,3.1,1,771.04,9294.3,33.2,47.8,49.9,49.7,53.98
2026-06-29,Baridhara,46.0,127,Unhealthy for Sensitive Groups,6,0,0,0,29.87,77.12,9.62,1000.18,4.4,1,657.08,6321.7,37.0,31.4,44.0,45.27,49.74
2026-06-29,Baridhara,50.3,137,Unhealthy for Sensitive Groups,6,0,0,0,29.87,77.12,9.62,999.77,4.4,1,657.08,6321.7,39.6,33.2,47.8,48.4,54.17
2026-06-30,Baridhara,59.2,154,Unhealthy,6,1,0,0,29.65,78.17,6.22,999.9,11.7,1,567.71,3529.3,46.0,37.0,31.4,46.3,49.84
2026-06-30,Baridhara,57.9,153,Unhealthy,6,1,0,0,29.65,78.17,6.22,999.5,11.7,1,567.71,3529.3,50.3,39.6,33.2,48.89,54.15
2026-07-01,Baridhara,48.2,132,Unhealthy for Sensitive Groups,7,2,0,0,29.13,81.46,7.83,999.66,8.6,1,548.96,4297.9,59.2,46.0,37.0,44.69,50.07
2026-07-01,Baridhara,50.4,138,Unhealthy for Sensitive Groups,7,2,0,0,29.13,81.46,7.83,999.25,8.6,1,548.96,4297.9,57.9,50.3,39.6,47.01,54.28
2026-07-02,Baridhara,44.4,123,Unhealthy for Sensitive Groups,7,3,0,0,29.78,79.12,8.66,999.63,3.4,1,611.67,5296.0,48.2,59.2,46.0,44.31,49.93
2026-07-02,Baridhara,48.8,134,Unhealthy for Sensitive Groups,7,3,0,0,29.78,79.12,8.66,999.22,3.4,1,611.67,5296.0,50.4,57.9,50.3,46.86,54.3
2026-07-03,Baridhara,40.1,112,Unhealthy for Sensitive Groups,7,4,1,0,30.96,73.21,10.9,998.94,2.4,1,766.88,8355.7,44.4,48.2,59.2,43.76,49.86
2026-07-03,Baridhara,38.9,109,Unhealthy for Sensitive Groups,7,4,1,0,30.96,73.21,10.9,998.52,2.4,1,766.88,8355.7,48.8,50.4,57.9,45.59,54.02
2026-07-04,Baridhara,26.2,83,Moderate,7,5,1,0,31.88,66.62,13.22,996.15,4.2,1,963.96,12740.3,38.9,48.8,50.4,44.59,53.0
2026-07-05,Baridhara,21.4,74,Moderate,7,6,0,0,28.75,80.67,19.91,996.29,16.7,1,881.25,17547.9,40.1,44.4,48.2,42.33,48.71
2026-07-05,Baridhara,21.6,74,Moderate,7,6,0,0,28.75,80.67,19.91,995.88,16.7,1,881.25,17547.9,26.2,38.9,48.8,42.01,51.84
2026-07-06,Baridhara,28.2,87,Moderate,7,0,0,0,28.0,86.21,15.9,998.6,16.5,1,676.46,10752.9,21.4,40.1,44.4,41.07,48.15
2026-07-06,Baridhara,31.4,93,Moderate,7,0,0,0,28.0,86.21,15.9,998.17,16.5,1,676.46,10752.9,21.6,26.2,38.9,39.31,50.23
2026-07-07,Baridhara,37.1,105,Unhealthy for Sensitive Groups,7,1,0,0,27.56,90.17,10.48,1000.72,15.6,1,460.62,4828.9,28.2,21.4,40.1,39.8,47.85
2026-07-07,Baridhara,37.9,107,Unhealthy for Sensitive Groups,7,1,0,0,27.56,90.17,10.48,1000.26,15.6,1,460.62,4828.9,31.4,21.6,26.2,36.46,49.41
2026-07-08,Baridhara,37.2,105,Unhealthy for Sensitive Groups,7,2,0,0,27.41,93.21,10.18,1000.75,45.3,1,468.54,4771.3,37.1,28.2,21.4,36.66,47.5
2026-07-08,Baridhara,35.7,101,Unhealthy for Sensitive Groups,7,2,0,0,27.41,93.21,10.18,1000.31,45.3,1,468.54,4771.3,37.9,31.4,21.6,34.36,49.11
2026-07-09,Baridhara,34.6,99,Moderate,7,3,0,0,27.28,92.17,11.95,1001.03,22.0,1,544.79,6512.5,37.2,37.1,28.2,34.71,46.83
2026-07-09,Baridhara,34.8,99,Moderate,7,3,0,0,27.28,92.17,11.95,1000.58,22.0,1,544.79,6512.5,35.7,37.9,31.4,32.36,48.53
2026-07-10,Baridhara,29.9,90,Moderate,7,4,1,0,27.29,91.75,11.41,998.78,43.0,1,467.5,5335.3,34.8,35.7,37.9,31.07,47.51
2026-07-11,Baridhara,43.2,120,Unhealthy for Sensitive Groups,7,5,1,0,27.75,89.08,10.83,997.44,27.0,1,497.29,5387.3,29.9,34.8,35.7,33.5,46.83
2026-07-12,Baridhara,43.7,121,Unhealthy for Sensitive Groups,7,6,0,0,28.12,88.33,9.26,995.72,49.0,1,452.92,4195.1,43.2,29.9,34.8,36.66,46.01
2026-07-13,Baridhara,68.1,160,Unhealthy,7,0,0,0,27.53,91.54,7.18,997.48,19.0,1,277.71,1993.7,43.7,43.2,29.9,41.9,46.3
2026-07-14,Baridhara,53.4,145,Unhealthy for Sensitive Groups,7,1,0,0,29.47,81.21,6.51,998.21,2.7,1,486.25,3164.7,68.1,43.7,43.2,44.11,46.16
2026-07-15,Baridhara,48.7,134,Unhealthy for Sensitive Groups,7,2,0,0,29.33,80.54,7.45,999.58,6.8,1,570.83,4252.7,53.4,68.1,43.7,45.97,46.19
2026-07-16,Baridhara,39.6,111,Unhealthy for Sensitive Groups,7,3,0,0,29.22,78.71,14.92,1000.19,2.1,1,814.58,12150.9,48.7,53.4,68.1,46.66,45.35
2026-07-17,Baridhara,43.7,121,Unhealthy for Sensitive Groups,7,4,1,0,28.66,82.54,15.53,1000.89,3.6,1,765.42,11889.5,34.6,37.2,37.1,34.61,46.53
2026-07-17,Baridhara,46.6,128,Unhealthy for Sensitive Groups,7,4,1,0,28.66,82.54,15.53,1000.48,3.6,1,765.42,11889.5,39.6,48.7,53.4,49.04,45.37
2026-07-18,Baridhara,42.0,117,Unhealthy for Sensitive Groups,7,5,1,0,29.27,78.75,14.47,1001.83,4.6,1,863.75,12499.2,43.7,34.6,37.2,34.89,45.46
2026-07-18,Baridhara,45.6,126,Unhealthy for Sensitive Groups,7,5,1,0,29.27,78.75,14.47,1001.42,4.6,1,863.75,12499.2,46.6,39.6,48.7,49.39,45.06
2026-07-19,Baridhara,35.7,101,Unhealthy for Sensitive Groups,7,6,0,0,27.92,86.75,13.31,1003.05,13.3,1,650.42,8656.0,42.0,43.7,34.6,36.93,44.81
2026-07-19,Baridhara,39.0,110,Unhealthy for Sensitive Groups,7,6,0,0,27.92,86.75,13.31,1002.6,13.3,1,650.42,8656.0,45.6,46.6,39.6,48.71,44.41
2026-07-20,Baridhara,35.1,99,Moderate,7,0,0,0,26.53,93.08,9.17,1003.48,30.3,1,382.5,3509.4,35.7,42.0,43.7,37.91,44.55
2026-07-20,Baridhara,39.5,111,Unhealthy for Sensitive Groups,7,0,0,0,26.53,93.08,9.17,1002.98,30.3,1,382.5,3509.4,39.0,45.6,46.6,44.63,44.11
2026-07-21,Baridhara,35.7,101,Unhealthy for Sensitive Groups,7,1,0,0,27.36,87.79,10.7,1003.2,12.1,1,507.5,5432.4,35.1,35.7,42.0,37.71,44.11
2026-07-21,Baridhara,38.4,108,Unhealthy for Sensitive Groups,7,1,0,0,27.36,87.79,10.7,1002.73,12.1,1,507.5,5432.4,39.5,39.0,45.6,42.49,43.92
2026-07-22,Baridhara,32.4,94,Moderate,7,2,0,0,27.22,87.29,12.18,1002.87,16.0,1,595.42,7251.7,35.7,35.1,35.7,37.03,43.36
2026-07-22,Baridhara,36.2,103,Unhealthy for Sensitive Groups,7,2,0,0,27.22,87.29,12.18,1002.41,16.0,1,595.42,7251.7,38.4,39.5,39.0,40.7,43.14
2026-07-23,Baridhara,31.0,92,Moderate,7,3,0,0,27.08,87.83,10.02,1002.14,17.9,1,513.33,5141.9,32.4,35.7,35.1,36.51,42.42
2026-07-23,Baridhara,32.7,95,Moderate,7,3,0,0,27.08,87.83,10.02,1001.68,17.9,1,513.33,5141.9,36.2,38.4,39.5,39.71,42.42
2026-07-24,Baridhara,36.7,104,Unhealthy for Sensitive Groups,7,4,1,0,27.75,83.54,9.64,1000.51,4.5,1,546.25,5266.8,31.0,32.4,35.7,35.51,41.68
2026-07-24,Baridhara,38.2,108,Unhealthy for Sensitive Groups,7,4,1,0,27.75,83.54,9.64,1000.07,4.5,1,546.25,5266.8,32.7,36.2,38.4,38.51,41.57
2026-07-25,Baridhara,32.3,94,Moderate,7,5,1,0,28.73,78.33,10.77,1000.23,2.3,1,615.83,6630.5,36.7,31.0,32.4,34.13,41.03
2026-07-26,Baridhara,33.2,96,Moderate,7,6,0,0,29.25,77.21,11.85,998.89,1.1,1,737.71,8741.8,32.3,36.7,31.0,33.77,40.47
2026-07-27,Baridhara,29.6,89,Moderate,7,0,0,0,28.5,81.12,16.15,997.25,8.6,1,795.62,12852.7,33.2,32.3,36.7,32.99,40.06
2026-07-27,Baridhara,32.2,94,Moderate,7,0,0,0,28.5,81.12,16.15,996.84,8.6,1,795.62,12852.7,38.2,32.7,36.2,36.6,40.98
2026-07-28,Baridhara,35.8,102,Unhealthy for Sensitive Groups,7,1,0,0,28.32,83.08,15.2,997.72,6.8,1,735.21,11178.2,29.6,33.2,32.3,33.0,39.34
2026-07-28,Baridhara,38.6,109,Unhealthy for Sensitive Groups,7,1,0,0,28.32,83.08,15.2,997.32,6.8,1,735.21,11178.2,32.2,38.2,32.7,36.54,40.68
2026-07-29,Baridhara,33.8,97,Moderate,7,2,0,0,28.08,85.38,13.08,998.97,7.6,1,623.33,8155.3,35.8,29.6,33.2,33.2,39.13
2026-07-29,Baridhara,37.0,105,Unhealthy for Sensitive Groups,7,2,0,0,28.08,85.38,13.08,998.54,7.6,1,623.33,8155.3,38.6,32.2,38.2,36.19,40.8
2026-07-30,Baridhara,37.1,105,Unhealthy for Sensitive Groups,7,3,0,0,26.99,90.83,11.74,1000.72,20.1,1,516.04,6059.2,33.8,35.8,29.6,34.07,38.71
2026-07-30,Baridhara,40.2,113,Unhealthy for Sensitive Groups,7,3,0,0,26.99,90.83,11.74,1000.26,20.1,1,516.04,6059.2,37.0,38.6,32.2,36.44,40.82
2026-07-31,Baridhara,34.4,98,Moderate,7,4,1,0,28.78,82.88,9.35,1001.83,3.4,1,596.25,5572.5,37.1,33.8,35.8,33.74,38.13
2026-07-31,Baridhara,36.3,103,Unhealthy for Sensitive Groups,7,4,1,0,28.78,82.88,9.35,1001.4,3.4,1,596.25,5572.5,40.2,37.0,38.6,36.46,40.36
2026-08-01,Baridhara,30.7,91,Moderate,8,5,1,0,28.65,84.58,9.25,1001.06,11.4,1,525.21,4860.4,34.4,37.1,33.8,33.51,37.17
2026-08-01,Baridhara,33.6,97,Moderate,8,5,1,0,28.65,84.58,9.25,1000.63,11.4,1,525.21,4860.4,36.3,40.2,37.0,36.59,39.55
2026-08-02,Baridhara,30.5,91,Moderate,8,6,0,0,28.2,88.92,8.45,1001.33,21.4,1,427.92,3617.7,30.7,34.4,37.1,33.13,36.62
2026-08-02,Baridhara,35.2,100,Moderate,8,6,0,0,28.2,88.92,8.45,1000.9,21.4,1,427.92,3617.7,33.6,36.3,40.2,36.16,39.04
2026-03-01,Dhanmondi,97.2,180,Unhealthy,3,6,0,1,25.52,59.17,8.82,1006.49,0.0,0,639.79,5640.8,152.0,142.0,162.0,163.31,165.41
2026-03-02,Dhanmondi,129.0,204,Very Unhealthy,3,0,0,1,25.85,70.75,5.09,1008.1,0.0,0,531.04,2701.7,97.2,152.0,142.0,153.17,163.14
2026-03-03,Dhanmondi,126.0,201,Very Unhealthy,3,1,0,1,25.76,63.83,5.66,1009.35,0.0,0,638.75,3616.9,129.0,97.2,152.0,144.74,160.95
2026-03-04,Dhanmondi,192.0,267,Very Unhealthy,3,2,0,1,26.15,47.46,6.5,1009.52,0.0,0,707.29,4594.4,126.0,129.0,97.2,142.89,162.68
2026-03-05,Dhanmondi,194.0,269,Very Unhealthy,3,3,0,1,26.9,48.92,4.08,1007.75,0.0,0,655.62,2671.7,192.0,126.0,129.0,147.46,164.33
2026-03-06,Dhanmondi,185.0,260,Very Unhealthy,3,4,1,1,27.29,50.29,5.86,1008.22,0.0,0,595.21,3486.9,194.0,192.0,126.0,153.6,165.36
2026-03-07,Dhanmondi,95.6,179,Unhealthy,3,5,1,1,26.45,58.0,7.15,1010.07,0.0,0,524.38,3751.5,185.0,194.0,192.0,145.54,162.04
2026-03-08,Dhanmondi,85.3,172,Unhealthy,3,6,0,1,26.18,67.46,6.55,1011.01,0.5,0,601.46,3942.1,95.6,185.0,194.0,143.84,158.55
2026-03-09,Dhanmondi,121.0,197,Unhealthy,3,0,0,1,26.1,71.58,4.48,1011.9,0.0,0,532.92,2387.0,85.3,95.6,185.0,142.7,156.92
2026-03-10,Dhanmondi,127.0,202,Very Unhealthy,3,1,0,1,27.29,64.96,3.56,1012.21,0.2,0,484.79,1727.1,121.0,85.3,95.6,142.84,155.67
2026-03-11,Dhanmondi,120.0,196,Unhealthy,3,2,0,1,27.43,69.33,4.76,1010.18,0.8,0,527.92,2514.2,127.0,121.0,85.3,132.56,154.24
2026-03-12,Dhanmondi,92.1,177,Unhealthy,3,3,0,1,26.71,72.79,7.38,1008.1,0.8,0,500.21,3691.1,120.0,127.0,121.0,118.0,151.85
2026-03-13,Dhanmondi,78.1,167,Unhealthy,3,4,1,1,25.86,77.12,10.42,1007.06,2.6,1,593.75,6189.8,92.1,120.0,127.0,102.73,149.12
2026-03-14,Dhanmondi,47.6,131,Unhealthy for Sensitive Groups,3,5,1,1,26.82,74.92,14.63,1008.71,8.7,1,744.17,10886.5,78.1,92.1,120.0,95.87,145.5
2026-03-16,Dhanmondi,54.0,147,Unhealthy for Sensitive Groups,3,0,0,1,25.89,72.0,11.66,1008.24,2.8,1,596.46,6956.2,47.6,78.1,92.1,91.4,142.34
2026-03-17,Dhanmondi,48.1,132,Unhealthy for Sensitive Groups,3,1,0,1,26.19,70.29,10.43,1007.95,7.5,1,609.79,6362.2,54.0,47.6,78.1,80.99,139.2
2026-03-18,Dhanmondi,44.0,122,Unhealthy for Sensitive Groups,3,2,0,1,24.3,81.96,9.22,1009.91,10.6,1,390.21,3596.4,48.1,54.0,47.6,69.13,135.17
2026-03-19,Dhanmondi,42.6,118,Unhealthy for Sensitive Groups,3,3,0,1,25.13,71.29,6.42,1010.1,0.0,0,399.58,2564.0,44.0,48.1,54.0,58.07,131.49
2026-03-24,Dhanmondi,85.4,172,Unhealthy,3,1,0,1,26.19,62.29,7.56,1008.76,0.1,0,738.12,5582.1,42.6,44.0,48.1,57.11,128.67
2026-03-25,Dhanmondi,72.6,163,Unhealthy,3,2,0,1,26.42,70.71,7.54,1008.62,3.5,1,512.29,3863.5,85.4,42.6,44.0,56.33,125.32
2026-03-26,Dhanmondi,89.2,175,Unhealthy,3,3,0,1,28.09,61.29,4.83,1009.15,0.0,0,681.04,3291.7,72.6,85.4,42.6,62.27,121.96
2026-03-27,Dhanmondi,88.8,174,Unhealthy,3,4,1,1,29.01,58.33,7.29,1006.46,0.0,0,747.08,5447.5,89.2,72.6,85.4,67.24,118.22
2026-03-28,Dhanmondi,59.4,154,Unhealthy,3,5,1,1,26.42,66.58,8.35,1005.9,0.8,0,562.5,4696.9,88.8,89.2,72.6,68.86,115.1
2026-03-29,Dhanmondi,84.0,171,Unhealthy,3,6,0,1,26.29,73.92,6.6,1006.73,3.8,1,425.21,2806.4,59.4,88.8,89.2,74.57,113.47
2026-03-30,Dhanmondi,78.3,167,Unhealthy,3,0,0,1,26.71,78.5,6.64,1006.97,6.3,1,477.92,3172.2,84.0,59.4,88.8,79.67,109.41
2026-03-31,Dhanmondi,71.2,162,Unhealthy,3,1,0,1,26.08,81.67,7.63,1008.15,1.0,0,412.5,3147.0,78.3,84.0,59.4,77.64,105.62
2026-04-01,Dhanmondi,60.0,154,Unhealthy,4,2,0,1,27.9,75.75,9.28,1007.8,1.9,1,566.46,5253.9,71.2,78.3,84.0,75.84,100.78
2026-04-02,Dhanmondi,72.8,163,Unhealthy,4,3,0,1,28.92,73.46,10.63,1007.27,0.7,0,495.21,5265.7,60.0,71.2,78.3,73.5,97.81
2026-04-03,Dhanmondi,49.1,134,Unhealthy for Sensitive Groups,4,4,1,1,30.31,69.42,10.32,1006.24,0.1,0,721.46,7446.1,72.8,60.0,71.2,67.83,94.71
2026-04-04,Dhanmondi,71.5,162,Unhealthy,4,5,1,1,30.45,69.42,9.28,1004.94,0.1,0,681.88,6330.1,49.1,72.8,60.0,69.56,92.03
2026-04-05,Dhanmondi,59.6,154,Unhealthy,4,6,0,1,29.04,65.25,12.24,1005.07,1.1,1,607.5,7436.8,71.5,49.1,72.8,66.07,90.78
2026-04-06,Dhanmondi,69.5,161,Unhealthy,4,0,0,1,28.38,60.67,6.5,1007.01,0.3,0,645.62,4193.9,59.6,71.5,49.1,64.81,88.79
2026-04-07,Dhanmondi,49.3,135,Unhealthy for Sensitive Groups,4,1,0,1,27.6,63.0,8.38,1007.96,1.1,1,722.5,6057.0,69.5,59.6,71.5,61.69,86.24
2026-04-08,Dhanmondi,64.9,158,Unhealthy,4,2,0,1,26.77,63.67,7.52,1008.3,1.2,1,718.12,5397.9,49.3,69.5,59.6,62.39,82.0
2026-04-09,Dhanmondi,68.6,160,Unhealthy,4,3,0,1,23.68,87.38,7.3,1009.25,9.7,1,330.42,2410.7,64.9,49.3,69.5,61.79,77.82
2026-04-10,Dhanmondi,70.7,162,Unhealthy,4,4,1,1,24.86,78.12,6.46,1009.24,0.5,0,488.96,3157.9,68.6,64.9,49.3,64.87,74.01
2026-04-11,Dhanmondi,84.3,171,Unhealthy,4,5,1,1,26.89,68.38,9.24,1008.11,0.0,0,682.29,6305.5,70.7,68.6,64.9,66.7,73.63
2026-04-12,Dhanmondi,61.1,155,Unhealthy,4,6,0,1,28.73,65.71,11.23,1005.23,0.0,0,839.79,9433.7,84.3,70.7,68.6,66.91,72.83
2026-04-13,Dhanmondi,60.8,155,Unhealthy,4,0,0,1,29.62,70.58,12.15,1006.01,1.1,1,806.25,9795.9,61.1,84.3,70.7,65.67,70.82
2026-04-14,Dhanmondi,55.4,150,Unhealthy for Sensitive Groups,4,1,0,1,29.21,73.96,10.43,1006.15,0.5,0,713.75,7446.8,60.8,61.1,84.3,66.54,68.43
2026-04-15,Dhanmondi,69.5,161,Unhealthy,4,2,0,1,30.01,70.83,11.46,1004.55,4.0,1,806.04,9239.3,55.4,60.8,61.1,67.2,66.75
2026-04-16,Dhanmondi,64.0,157,Unhealthy,4,3,0,1,28.87,75.08,8.44,1006.23,2.8,1,554.38,4679.8,69.5,55.4,60.8,66.54,65.81
2026-04-17,Dhanmondi,50.2,137,Unhealthy for Sensitive Groups,4,4,1,1,28.45,79.46,4.75,1007.12,2.1,1,455.0,2161.2,64.0,69.5,55.4,63.61,64.88
2026-04-18,Dhanmondi,48.8,134,Unhealthy for Sensitive Groups,4,5,1,1,29.27,76.62,6.17,1005.98,0.2,0,570.42,3519.9,50.2,64.0,69.5,58.54,64.92
2026-04-19,Dhanmondi,54.8,149,Unhealthy for Sensitive Groups,4,6,0,1,28.76,78.25,9.62,1004.85,6.1,1,668.96,6433.1,48.8,50.2,64.0,57.64,64.95
2026-04-20,Dhanmondi,47.5,131,Unhealthy for Sensitive Groups,4,0,0,1,30.57,74.29,14.81,1003.16,1.4,1,863.33,12784.5,54.8,48.8,50.2,55.74,64.93
2026-04-21,Dhanmondi,44.8,124,Unhealthy for Sensitive Groups,4,1,0,1,30.62,73.62,15.8,1002.57,2.5,1,852.29,13462.7,47.5,54.8,48.8,54.23,64.96
2026-04-22,Dhanmondi,48.8,134,Unhealthy for Sensitive Groups,4,2,0,1,30.02,72.92,11.93,1003.56,1.4,1,720.83,8598.9,44.8,47.5,54.8,51.27,65.16
2026-04-23,Dhanmondi,62.8,156,Unhealthy,4,3,0,1,30.63,71.12,9.05,1004.04,0.2,0,680.42,6157.8,48.8,44.8,47.5,51.1,64.41
2026-04-24,Dhanmondi,63.1,156,Unhealthy,4,4,1,1,31.3,69.42,9.16,1004.83,0.0,0,598.75,5483.6,62.8,48.8,44.8,52.94,64.09
2026-04-25,Dhanmondi,61.3,155,Unhealthy,4,5,1,1,31.38,67.04,8.23,1006.08,0.1,0,646.88,5323.2,63.1,62.8,48.8,54.73,63.16
2026-04-26,Dhanmondi,49.4,135,Unhealthy for Sensitive Groups,4,6,0,1,28.31,76.96,10.62,1005.58,0.7,0,702.92,7465.6,61.3,63.1,62.8,53.96,61.85
2026-04-27,Dhanmondi,47.4,130,Unhealthy for Sensitive Groups,4,0,0,1,25.74,86.17,14.04,1003.07,29.8,1,557.71,7828.8,49.4,61.3,63.1,53.94,61.45
2026-04-28,Dhanmondi,39.4,111,Unhealthy for Sensitive Groups,4,1,0,1,25.02,89.75,10.66,1003.12,11.4,1,415.0,4424.9,47.4,49.4,61.3,53.17,59.96
2026-04-29,Dhanmondi,46.2,127,Unhealthy for Sensitive Groups,4,2,0,1,23.63,88.42,11.9,1005.81,9.2,1,429.38,5107.8,39.4,47.4,49.4,52.8,58.89
2026-04-30,Dhanmondi,57.8,153,Unhealthy,4,3,0,1,24.58,83.46,8.52,1007.01,19.2,1,449.58,3830.8,46.2,39.4,47.4,52.09,58.45
2026-05-01,Dhanmondi,50.9,139,Unhealthy for Sensitive Groups,5,4,1,0,24.41,84.0,8.18,1004.87,21.5,1,398.54,3261.4,57.8,46.2,39.4,50.34,58.14
2026-05-02,Dhanmondi,52.4,143,Unhealthy for Sensitive Groups,5,5,1,0,24.99,82.79,8.9,1003.75,6.5,1,529.17,4711.8,50.9,57.8,46.2,49.07,57.46
2026-05-28,Dhanmondi,39.9,112,Unhealthy for Sensitive Groups,5,3,0,0,27.71,79.96,7.77,1005.61,0.5,0,417.61,3246.5,52.4,50.9,57.8,47.71,57.16
2026-05-29,Dhanmondi,43.9,122,Unhealthy for Sensitive Groups,5,4,1,0,27.61,81.25,6.73,1005.41,5.8,1,269.58,1815.2,39.9,52.4,50.9,47.21,56.24
2026-05-30,Dhanmondi,36.6,104,Unhealthy for Sensitive Groups,5,5,1,0,28.58,71.25,3.55,1004.91,0.0,0,312.5,1110.7,43.9,39.9,52.4,46.81,55.47
2026-05-31,Dhanmondi,47.5,131,Unhealthy for Sensitive Groups,5,6,0,0,30.32,67.92,3.51,1004.67,0.0,0,465.83,1636.2,36.6,43.9,39.9,47.0,54.74
2026-06-01,Dhanmondi,43.1,120,Unhealthy for Sensitive Groups,6,0,0,0,30.49,72.83,6.1,1005.34,1.0,0,553.54,3378.9,47.5,36.6,43.9,44.9,54.53
2026-06-02,Dhanmondi,44.8,124,Unhealthy for Sensitive Groups,6,1,0,0,30.7,74.0,6.95,1004.19,0.0,0,578.54,4023.3,43.1,47.5,36.6,44.03,53.86
2026-06-03,Dhanmondi,45.2,125,Unhealthy for Sensitive Groups,6,2,0,0,31.58,69.33,7.88,1001.64,0.0,0,662.92,5226.0,44.8,43.1,47.5,43.0,53.08
2026-06-04,Dhanmondi,52.9,144,Unhealthy for Sensitive Groups,6,3,0,0,31.69,71.75,8.07,1000.61,2.4,1,654.17,5276.9,45.2,44.8,43.1,44.86,52.49
2026-06-05,Dhanmondi,48.9,134,Unhealthy for Sensitive Groups,6,4,1,0,28.99,83.33,6.07,1000.94,11.4,1,340.62,2067.9,52.9,45.2,44.8,45.57,51.31
2026-06-06,Dhanmondi,61.2,155,Unhealthy,6,5,1,0,29.53,79.96,5.06,1001.35,0.7,0,508.33,2571.3,48.9,52.9,45.2,49.09,51.31
2026-06-07,Dhanmondi,47.6,131,Unhealthy for Sensitive Groups,6,6,0,0,28.91,82.75,6.49,1001.78,4.0,1,432.29,2804.5,61.2,48.9,52.9,49.1,50.87
2026-06-08,Dhanmondi,40.1,112,Unhealthy for Sensitive Groups,6,0,0,0,28.93,82.42,8.11,1000.51,0.8,0,496.04,4024.1,47.6,61.2,48.9,48.67,50.36
2026-06-09,Dhanmondi,41.9,117,Unhealthy for Sensitive Groups,6,1,0,0,28.14,84.5,11.11,1000.1,9.4,1,515.62,5729.9,40.1,47.6,61.2,48.26,49.44
2026-06-10,Dhanmondi,47.9,132,Unhealthy for Sensitive Groups,6,2,0,0,27.71,86.08,9.35,1001.18,6.5,1,430.42,4026.2,41.9,40.1,47.6,48.64,48.9
2026-06-11,Dhanmondi,42.6,118,Unhealthy for Sensitive Groups,6,3,0,0,29.23,79.75,6.62,1002.62,1.6,1,456.25,3020.8,47.9,41.9,40.1,47.17,48.65
2026-06-12,Dhanmondi,41.9,117,Unhealthy for Sensitive Groups,6,4,1,0,28.8,80.46,5.27,1004.05,7.0,1,492.71,2594.9,42.6,47.9,41.9,46.17,48.42
2026-06-13,Dhanmondi,42.7,119,Unhealthy for Sensitive Groups,6,5,1,0,28.83,81.42,7.9,1003.24,4.6,1,462.5,3655.7,41.9,42.6,47.9,43.53,48.02
2026-06-14,Dhanmondi,42.8,119,Unhealthy for Sensitive Groups,6,6,0,0,28.46,86.88,9.54,1001.54,11.8,1,471.46,4496.5,42.7,41.9,42.6,42.84,47.86
2026-06-15,Dhanmondi,37.5,106,Unhealthy for Sensitive Groups,6,0,0,0,28.78,83.67,8.63,1002.07,10.0,1,442.29,3818.5,42.8,42.7,41.9,42.47,47.62
2026-06-17,Dhanmondi,37.6,106,Unhealthy for Sensitive Groups,6,2,0,0,29.6,78.0,8.95,1003.57,0.4,0,647.29,5793.3,37.5,42.8,42.7,41.86,47.24
2026-06-18,Dhanmondi,38.4,108,Unhealthy for Sensitive Groups,6,3,0,0,29.05,81.25,9.59,1003.25,5.2,1,600.62,5758.5,37.6,37.5,42.8,40.5,46.43
2026-06-19,Dhanmondi,45.5,126,Unhealthy for Sensitive Groups,6,4,1,0,28.1,84.79,6.32,1003.4,0.9,0,456.25,2882.0,38.4,37.6,37.5,40.91,45.84
2026-06-20,Dhanmondi,41.2,115,Unhealthy for Sensitive Groups,6,5,1,0,29.59,79.83,9.17,1003.2,2.7,1,572.08,5246.5,45.5,38.4,37.6,40.81,45.17
2026-06-21,Dhanmondi,40.2,113,Unhealthy for Sensitive Groups,6,6,0,0,29.22,81.58,11.82,1002.55,10.3,1,634.38,7498.8,41.2,45.5,38.4,40.46,44.87
2026-06-22,Dhanmondi,42.0,117,Unhealthy for Sensitive Groups,6,0,0,0,28.85,79.46,7.68,1002.64,2.1,1,523.54,4020.4,40.2,41.2,45.5,40.34,44.69
2026-06-23,Dhanmondi,46.2,127,Unhealthy for Sensitive Groups,6,1,0,0,29.32,80.67,8.62,1000.35,6.9,1,503.75,4344.8,42.0,40.2,41.2,41.59,44.91
2026-06-24,Dhanmondi,51.9,141,Unhealthy for Sensitive Groups,6,2,0,0,29.26,80.46,8.5,1000.7,0.9,0,444.38,3777.2,46.2,42.0,40.2,43.63,45.1
2026-06-25,Dhanmondi,43.3,120,Unhealthy for Sensitive Groups,6,3,0,0,29.41,80.0,7.48,1002.2,3.8,1,496.25,3711.5,51.9,46.2,42.0,44.33,44.62
2026-06-26,Dhanmondi,37.5,106,Unhealthy for Sensitive Groups,6,4,1,0,29.69,78.38,6.96,1003.3,0.4,0,595.62,4144.6,43.3,51.9,46.2,43.19,44.17
2026-06-27,Dhanmondi,29.3,89,Moderate,6,5,1,0,30.74,73.25,10.39,1002.44,0.9,0,729.58,7578.5,37.5,43.3,51.9,41.49,43.4
2026-06-28,Dhanmondi,33.3,96,Moderate,6,6,0,0,30.26,77.54,11.55,1000.97,4.0,1,720.0,8316.0,29.3,37.5,43.3,40.5,43.18
2026-06-29,Dhanmondi,39.8,112,Unhealthy for Sensitive Groups,6,0,0,0,29.52,79.62,9.7,1000.33,3.7,1,603.75,5858.9,33.3,29.3,37.5,40.19,43.05
2026-06-30,Dhanmondi,45.7,126,Unhealthy for Sensitive Groups,6,1,0,0,29.47,79.17,5.9,1000.05,6.2,1,518.75,3062.8,39.8,33.3,29.3,40.11,43.35
2026-07-01,Dhanmondi,41.8,117,Unhealthy for Sensitive Groups,7,2,0,0,29.12,81.62,8.19,999.77,8.9,1,519.58,4254.1,45.7,39.8,33.3,38.67,43.16
2026-07-02,Dhanmondi,36.4,103,Unhealthy for Sensitive Groups,7,3,0,0,29.78,79.42,8.94,999.73,3.0,1,610.21,5453.7,41.8,45.7,39.8,37.69,42.94
2026-07-03,Dhanmondi,31.1,92,Moderate,7,4,1,0,30.8,74.21,10.96,999.05,3.3,1,742.08,8135.1,36.4,41.8,45.7,36.77,42.48
2026-07-04,Dhanmondi,22.1,75,Moderate,7,5,1,0,31.65,67.92,13.4,996.68,2.6,1,941.46,12611.6,31.1,36.4,41.8,35.74,41.71
2026-07-05,Dhanmondi,17.2,66,Moderate,7,6,0,0,28.56,81.88,19.87,996.34,14.4,1,866.04,17209.0,22.1,31.1,36.4,33.44,40.52
2026-07-06,Dhanmondi,29.4,89,Moderate,7,0,0,0,27.95,86.58,16.02,998.68,16.7,1,668.75,10711.1,17.2,22.1,31.1,31.96,39.87
2026-07-07,Dhanmondi,30.8,91,Moderate,7,1,0,0,27.5,90.54,10.76,1000.85,14.7,1,452.5,4868.1,29.4,17.2,22.1,29.83,38.86
2026-07-08,Dhanmondi,35.5,101,Unhealthy for Sensitive Groups,7,2,0,0,27.43,93.17,10.84,1000.88,44.5,1,485.62,5265.0,30.8,29.4,17.2,28.93,38.45
2026-07-09,Dhanmondi,32.5,95,Moderate,7,3,0,0,27.32,92.08,11.78,1001.18,21.7,1,550.0,6478.5,35.5,30.8,29.4,28.37,38.2
2026-07-10,Dhanmondi,33.7,97,Moderate,7,4,1,0,27.24,92.33,11.64,999.41,34.7,1,477.92,5561.8,32.5,35.5,30.8,28.74,37.93
2026-07-11,Dhanmondi,40.8,114,Unhealthy for Sensitive Groups,7,5,1,0,27.8,88.71,10.67,998.0,18.3,1,489.17,5217.8,33.7,32.5,35.5,31.41,37.69
2026-07-12,Dhanmondi,42.6,118,Unhealthy for Sensitive Groups,7,6,0,0,28.15,88.21,9.58,996.28,45.5,1,463.96,4444.3,40.8,33.7,32.5,35.04,37.69
2026-07-13,Dhanmondi,49.6,136,Unhealthy for Sensitive Groups,7,0,0,0,27.57,91.79,6.93,998.02,15.6,1,267.5,1854.7,42.6,40.8,33.7,37.93,37.95
2026-07-14,Dhanmondi,46.5,128,Unhealthy for Sensitive Groups,7,1,0,0,29.38,82.12,6.74,998.71,3.2,1,479.58,3231.2,49.6,42.6,40.8,40.17,38.07
2026-07-15,Dhanmondi,41.5,116,Unhealthy for Sensitive Groups,7,2,0,0,29.38,80.29,7.9,1000.06,5.3,1,596.67,4711.2,46.5,49.6,42.6,41.03,38.03
2026-07-16,Dhanmondi,33.9,97,Moderate,7,3,0,0,29.21,78.92,15.18,1000.68,2.8,1,808.75,12276.2,41.5,46.5,49.6,41.23,37.91
2026-07-17,Dhanmondi,36.8,104,Unhealthy for Sensitive Groups,7,4,1,0,28.62,82.88,15.64,1000.99,4.1,1,758.96,11871.4,33.9,41.5,46.5,41.67,37.88
2026-07-18,Dhanmondi,32.5,95,Moderate,7,5,1,0,29.24,78.67,14.8,1001.95,5.0,1,848.75,12558.0,36.8,33.9,41.5,40.49,37.69
2026-07-19,Dhanmondi,26.7,84,Moderate,7,6,0,0,27.86,87.21,13.26,1003.17,13.0,1,642.08,8515.6,32.5,36.8,33.9,38.21,37.06
2026-07-20,Dhanmondi,29.7,89,Moderate,7,0,0,0,26.66,93.0,9.12,1003.57,25.1,1,404.79,3690.4,26.7,32.5,36.8,35.37,36.68
2026-07-21,Dhanmondi,33.9,97,Moderate,7,1,0,0,27.28,88.08,10.85,1003.28,11.2,1,497.5,5397.9,29.7,26.7,32.5,33.57,36.47
2026-07-22,Dhanmondi,24.9,80,Moderate,7,2,0,0,27.21,87.21,12.48,1002.95,17.9,1,575.62,7180.9,33.9,29.7,26.7,31.2,35.9
2026-07-23,Dhanmondi,24.0,79,Moderate,7,3,0,0,27.08,87.92,10.29,1002.27,15.7,1,524.79,5401.0,24.9,33.9,29.7,29.79,35.16
2026-07-24,Dhanmondi,30.0,90,Moderate,7,4,1,0,27.8,83.33,9.85,1000.61,3.7,1,555.0,5464.4,24.0,24.9,33.9,28.81,34.43
2026-07-25,Dhanmondi,27.0,84,Moderate,7,5,1,0,28.73,78.58,11.0,1000.31,2.3,1,607.5,6682.5,30.0,24.0,24.9,28.03,33.88
2026-07-26,Dhanmondi,28.6,87,Moderate,7,6,0,0,29.21,77.25,12.11,998.97,0.9,0,749.79,9081.9,27.0,30.0,24.0,28.3,33.59
2026-07-27,Dhanmondi,26.2,83,Moderate,7,0,0,0,28.45,81.75,16.22,997.3,8.2,1,796.67,12919.3,28.6,27.0,30.0,27.8,33.48
2026-07-28,Dhanmondi,29.6,89,Moderate,7,1,0,0,28.44,82.38,15.16,997.79,6.3,1,761.67,11545.6,26.2,28.6,27.0,27.19,33.36
2026-07-29,Dhanmondi,28.1,86,Moderate,7,2,0,0,28.05,86.08,13.1,999.07,7.1,1,618.12,8094.9,29.6,26.2,28.6,27.64,32.97
2026-07-31,Dhanmondi,32.1,94,Moderate,7,4,1,0,28.64,83.88,9.38,1001.95,3.2,1,570.0,5343.8,28.1,29.6,26.2,28.8,32.52
2026-08-01,Dhanmondi,25.4,81,Moderate,8,5,1,0,28.54,85.29,9.38,1001.2,10.4,1,487.92,4574.2,32.1,28.1,29.6,28.14,31.97
2026-08-02,Dhanmondi,27.6,85,Moderate,8,6,0,0,28.13,88.96,8.48,1001.45,30.1,1,412.08,3492.4,25.4,32.1,28.1,28.23,31.68
2026-02-24,Gulshan,194.0,269,Very Unhealthy,2,1,0,1,25.0,57.54,5.1,1010.23,0.0,0,464.58,2367.4,230.0,159.0,160.0,189.29,180.6
2026-02-25,Gulshan,229.0,308,Hazardous,2,2,0,1,25.7,54.12,6.24,1010.2,0.0,0,796.25,4969.9,194.0,230.0,159.0,195.86,183.62
2026-02-26,Gulshan,177.0,252,Very Unhealthy,2,3,0,1,25.47,48.42,5.96,1009.1,0.0,0,941.04,5607.0,229.0,194.0,230.0,194.0,183.24
2026-02-27,Gulshan,179.0,254,Very Unhealthy,2,4,1,1,25.27,44.71,7.7,1007.39,0.0,0,865.62,6665.3,177.0,229.0,194.0,189.71,183.0
2026-02-28,Gulshan,153.0,228,Very Unhealthy,2,5,1,1,25.54,42.42,7.52,1006.73,0.0,0,825.21,6206.3,179.0,177.0,229.0,188.71,181.42
2026-03-01,Gulshan,111.0,190,Unhealthy,3,6,0,1,26.15,54.54,9.49,1007.2,0.0,0,674.58,6402.9,153.0,179.0,177.0,181.86,177.9
2026-03-02,Gulshan,173.0,248,Very Unhealthy,3,0,0,1,26.03,68.96,5.68,1008.89,0.4,0,531.46,3016.0,111.0,153.0,179.0,173.71,177.67
2026-03-03,Gulshan,209.0,284,Very Unhealthy,3,1,0,1,25.94,62.21,5.15,1010.1,0.0,0,743.75,3833.4,173.0,111.0,153.0,175.86,179.09
2026-03-04,Gulshan,198.0,273,Very Unhealthy,3,2,0,1,26.09,47.5,5.82,1010.29,0.0,0,782.71,4559.3,209.0,173.0,111.0,171.43,179.91
2026-03-05,Gulshan,213.0,288,Very Unhealthy,3,3,0,1,27.18,47.42,4.05,1008.52,0.0,0,703.54,2849.3,198.0,209.0,173.0,176.57,181.29
2026-03-06,Gulshan,199.0,274,Very Unhealthy,3,4,1,1,27.96,46.5,5.44,1008.97,0.0,0,741.67,4032.8,213.0,198.0,209.0,179.43,182.0
2026-03-07,Gulshan,105.0,186,Unhealthy,3,5,1,1,27.09,54.17,7.27,1010.8,0.0,0,631.25,4587.1,199.0,213.0,198.0,172.57,179.04
2026-03-08,Gulshan,98.9,181,Unhealthy,3,6,0,1,26.54,64.71,6.42,1011.78,1.0,0,635.83,4082.6,105.0,199.0,213.0,170.84,176.07
2026-03-09,Gulshan,133.0,208,Very Unhealthy,3,0,0,1,26.38,69.83,4.45,1012.68,0.4,0,581.88,2586.9,98.9,105.0,199.0,165.13,174.53
2026-03-10,Gulshan,149.0,224,Very Unhealthy,3,1,0,1,27.92,60.5,3.23,1012.97,0.7,0,564.79,1823.8,133.0,98.9,105.0,156.56,173.65
2026-03-11,Gulshan,136.0,211,Very Unhealthy,3,2,0,1,27.86,66.79,5.05,1010.92,1.0,0,601.88,3039.5,149.0,133.0,98.9,147.7,172.4
2026-03-12,Gulshan,90.8,176,Unhealthy,3,3,0,1,27.09,70.33,7.38,1008.86,0.2,0,576.46,4253.8,136.0,149.0,133.0,130.24,168.02
2026-03-13,Gulshan,72.3,163,Unhealthy,3,4,1,1,25.67,77.96,10.25,1007.86,2.4,1,599.17,6144.0,90.8,136.0,149.0,112.14,163.53
2026-03-14,Gulshan,53.3,145,Unhealthy for Sensitive Groups,3,5,1,1,26.92,72.92,14.68,1009.42,7.0,1,729.58,10709.7,72.3,90.8,136.0,104.76,160.21
2026-03-15,Gulshan,45.6,126,Unhealthy for Sensitive Groups,3,6,0,1,24.63,80.29,14.53,1010.27,17.6,1,591.25,8592.8,53.3,72.3,90.8,97.14,156.03
2026-03-16,Gulshan,56.0,151,Unhealthy,3,0,0,1,25.98,70.88,11.57,1008.97,1.6,1,629.79,7284.6,45.6,53.3,72.3,86.14,153.96
2026-03-17,Gulshan,44.7,124,Unhealthy for Sensitive Groups,3,1,0,1,26.23,69.71,10.78,1008.7,6.2,1,622.5,6710.0,56.0,45.6,53.3,71.24,150.32
2026-03-18,Gulshan,44.0,122,Unhealthy for Sensitive Groups,3,2,0,1,24.37,81.71,9.59,1010.66,16.3,1,405.83,3892.6,44.7,56.0,45.6,58.1,146.09
2026-03-19,Gulshan,56.8,152,Unhealthy,3,3,0,1,25.22,70.58,6.36,1010.85,0.0,0,412.5,2622.8,44.0,44.7,56.0,53.24,141.71
2026-03-20,Gulshan,70.1,161,Unhealthy,3,4,1,1,24.08,75.88,8.43,1010.07,0.4,0,277.5,2339.1,56.8,44.0,44.7,52.93,137.95
2026-03-21,Gulshan,65.5,158,Unhealthy,3,5,1,1,21.78,78.38,4.5,1011.44,19.6,1,339.79,1529.1,70.1,56.8,44.0,54.67,133.8
2026-03-22,Gulshan,59.2,154,Unhealthy,3,6,0,1,22.82,69.33,7.25,1010.98,0.3,0,577.71,4186.0,65.5,70.1,56.8,56.61,128.81
2026-03-23,Gulshan,101.0,183,Unhealthy,3,0,0,1,24.62,60.67,5.36,1011.66,0.2,0,649.58,3483.4,59.2,65.5,70.1,63.04,126.84
2026-03-24,Gulshan,98.1,181,Unhealthy,3,1,0,1,26.49,59.96,7.82,1009.52,0.2,0,805.21,6297.4,101.0,59.2,65.5,70.67,124.81
2026-03-25,Gulshan,83.1,170,Unhealthy,3,2,0,1,26.59,68.67,7.42,1009.39,6.6,1,550.0,4081.5,98.1,101.0,59.2,76.26,119.91
2026-03-26,Gulshan,97.2,180,Unhealthy,3,3,0,1,28.48,57.54,4.28,1009.91,0.0,0,744.79,3187.1,83.1,98.1,101.0,82.03,116.69
2026-03-27,Gulshan,106.0,186,Unhealthy,3,4,1,1,29.44,55.12,7.32,1007.23,0.2,0,834.17,6103.3,97.2,83.1,98.1,87.16,112.59
2026-03-28,Gulshan,55.1,149,Unhealthy for Sensitive Groups,3,5,1,1,26.51,65.62,8.25,1006.72,0.6,0,623.75,5148.5,106.0,97.2,83.1,85.67,108.52
2026-03-29,Gulshan,88.6,174,Unhealthy,3,6,0,1,26.48,72.04,5.91,1007.51,3.0,1,454.38,2686.5,55.1,106.0,97.2,89.87,105.51
2026-03-30,Gulshan,75.3,165,Unhealthy,3,0,0,1,26.42,80.29,6.66,1007.75,15.1,1,475.42,3165.5,88.6,55.1,106.0,86.2,102.92
2026-04-05,Gulshan,56.3,152,Unhealthy,4,6,0,1,28.99,64.92,12.49,1005.82,1.4,1,608.12,7594.0,75.3,88.6,55.1,80.23,101.1
2026-04-06,Gulshan,71.2,162,Unhealthy,4,0,0,1,28.45,58.96,6.13,1007.77,0.8,0,675.0,4140.0,56.3,75.3,88.6,78.53,97.7
2026-04-07,Gulshan,50.2,137,Unhealthy for Sensitive Groups,4,1,0,1,27.92,60.08,8.52,1008.7,2.0,1,811.67,6916.1,71.2,56.3,75.3,71.81,92.41
2026-04-08,Gulshan,69.3,161,Unhealthy,4,2,0,1,26.98,61.08,7.49,1009.05,1.3,1,800.21,5991.6,50.2,71.2,56.3,66.57,88.12
2026-04-09,Gulshan,66.1,158,Unhealthy,4,3,0,1,24.0,85.0,7.24,1010.0,8.4,1,373.75,2706.6,69.3,50.2,71.2,68.14,83.22
2026-04-10,Gulshan,90.2,175,Unhealthy,4,4,1,1,24.89,76.71,6.75,1010.01,0.5,0,543.75,3670.3,66.1,69.3,50.2,68.37,79.6
2026-04-11,Gulshan,95.2,179,Unhealthy,4,5,1,1,26.75,68.88,9.2,1008.86,0.1,0,705.42,6486.9,90.2,66.1,69.3,71.21,79.27
2026-04-12,Gulshan,60.0,154,Unhealthy,4,6,0,1,28.37,66.96,10.79,1005.98,0.0,0,802.92,8664.8,95.2,90.2,66.1,71.74,77.97
2026-04-13,Gulshan,60.7,155,Unhealthy,4,0,0,1,29.58,70.5,12.2,1006.75,1.3,1,828.54,10104.8,60.0,95.2,90.2,70.24,75.56
2026-04-14,Gulshan,55.7,151,Unhealthy,4,1,0,1,29.3,73.42,10.37,1006.9,1.2,1,751.25,7791.1,60.7,60.0,95.2,71.03,72.45
2026-04-15,Gulshan,58.0,153,Unhealthy,4,2,0,1,30.21,69.17,11.29,1005.27,1.9,1,888.96,10034.1,55.7,60.7,60.0,69.41,69.85
2026-04-16,Gulshan,74.5,164,Unhealthy,4,3,0,1,28.9,74.88,8.16,1007.0,2.9,1,597.71,4878.8,58.0,55.7,60.7,70.61,69.31
2026-04-17,Gulshan,59.6,154,Unhealthy,4,4,1,1,28.54,78.62,5.36,1007.9,0.6,0,482.29,2586.3,74.5,58.0,55.7,66.24,68.89
2026-04-18,Gulshan,54.5,148,Unhealthy for Sensitive Groups,4,5,1,1,29.33,76.46,6.3,1006.74,0.8,0,588.75,3709.1,59.6,74.5,58.0,60.43,68.93
2026-04-19,Gulshan,58.9,153,Unhealthy,4,6,0,1,28.83,77.25,9.97,1005.62,5.7,1,671.04,6690.8,54.5,59.6,74.5,60.27,69.37
2026-04-20,Gulshan,47.6,131,Unhealthy for Sensitive Groups,4,0,0,1,30.7,73.08,14.62,1003.88,0.7,0,860.83,12582.5,58.9,54.5,59.6,58.4,69.09
2026-04-21,Gulshan,46.1,127,Unhealthy for Sensitive Groups,4,1,0,1,30.99,71.0,16.02,1003.26,0.7,0,856.67,13720.9,47.6,58.9,54.5,57.03,69.14
2026-04-22,Gulshan,50.1,137,Unhealthy for Sensitive Groups,4,2,0,1,30.31,70.67,12.2,1004.28,1.6,1,736.25,8982.2,46.1,47.6,58.9,55.9,69.34
2026-04-23,Gulshan,73.1,163,Unhealthy,4,3,0,1,30.91,69.08,9.02,1004.75,0.2,0,722.08,6510.8,50.1,46.1,47.6,55.7,69.88
2026-04-24,Gulshan,68.3,160,Unhealthy,4,4,1,1,31.55,67.88,9.07,1005.56,0.0,0,642.71,5829.9,73.1,50.1,46.1,56.94,69.82
2026-04-25,Gulshan,70.1,161,Unhealthy,4,5,1,1,31.78,64.46,8.28,1006.8,0.1,0,700.21,5794.2,68.3,73.1,50.1,59.17,69.98
2026-04-26,Gulshan,50.6,138,Unhealthy for Sensitive Groups,4,6,0,1,28.3,76.54,10.4,1006.36,0.9,0,703.54,7316.8,70.1,68.3,73.1,57.99,69.69
2026-04-27,Gulshan,57.1,152,Unhealthy,4,0,0,1,25.65,85.33,13.41,1003.89,35.3,1,554.58,7438.3,50.6,70.1,68.3,59.34,68.23
2026-04-28,Gulshan,42.9,119,Unhealthy for Sensitive Groups,4,1,0,1,25.0,89.17,10.64,1003.91,12.6,1,419.79,4465.5,57.1,50.6,70.1,58.89,66.39
2026-04-29,Gulshan,49.4,135,Unhealthy for Sensitive Groups,4,2,0,1,23.59,87.67,11.82,1006.65,5.4,1,431.46,5100.2,42.9,57.1,50.6,58.79,65.26
2026-04-30,Gulshan,59.6,154,Unhealthy,4,3,0,1,24.54,83.08,8.39,1007.82,20.9,1,462.92,3882.7,49.4,42.9,57.1,56.86,64.01
2026-05-01,Gulshan,53.0,144,Unhealthy for Sensitive Groups,5,4,1,0,24.38,83.88,8.05,1005.66,25.4,1,387.5,3117.8,59.6,49.4,42.9,54.67,62.24
2026-05-02,Gulshan,54.4,148,Unhealthy for Sensitive Groups,5,5,1,0,24.87,82.42,8.55,1004.55,8.3,1,512.92,4387.6,53.0,59.6,49.4,52.43,62.22
2026-05-28,Gulshan,39.6,111,Unhealthy for Sensitive Groups,5,3,0,0,27.76,79.41,8.03,1006.49,0.3,0,441.59,3546.8,54.4,53.0,59.6,50.86,60.59
2026-05-29,Gulshan,46.2,127,Unhealthy for Sensitive Groups,5,4,1,0,27.64,80.46,6.48,1006.21,2.7,1,282.29,1827.8,39.6,54.4,53.0,49.3,59.62
2026-05-30,Gulshan,40.7,114,Unhealthy for Sensitive Groups,5,5,1,0,28.59,72.04,3.77,1005.7,0.0,0,350.83,1322.9,46.2,39.6,54.4,48.99,59.1
2026-05-31,Gulshan,55.2,150,Unhealthy for Sensitive Groups,5,6,0,0,30.42,66.71,3.77,1005.45,0.0,0,453.33,1707.6,40.7,46.2,39.6,49.81,58.56
2026-06-01,Gulshan,45.0,124,Unhealthy for Sensitive Groups,6,0,0,0,30.62,72.5,6.26,1006.1,0.8,0,566.88,3547.7,55.2,40.7,46.2,47.73,58.39
2026-06-02,Gulshan,46.7,129,Unhealthy for Sensitive Groups,6,1,0,0,30.92,72.12,7.24,1004.96,0.1,0,616.25,4460.1,45.0,55.2,40.7,46.83,57.64
2026-06-03,Gulshan,45.8,126,Unhealthy for Sensitive Groups,6,2,0,0,32.05,66.0,8.25,1002.35,0.0,0,757.29,6247.7,46.7,45.0,55.2,45.6,56.96
2026-06-04,Gulshan,54.3,147,Unhealthy for Sensitive Groups,6,3,0,0,32.09,68.21,7.86,1001.32,2.3,1,723.75,5687.5,45.8,46.7,45.0,47.7,55.76
2026-06-05,Gulshan,52.2,142,Unhealthy for Sensitive Groups,6,4,1,0,29.12,81.79,5.67,1001.73,10.5,1,379.17,2148.6,54.3,45.8,46.7,48.56,54.33
2026-06-06,Gulshan,76.9,166,Unhealthy,6,5,1,0,29.62,79.0,4.92,1002.13,0.7,0,521.67,2569.2,52.2,54.3,45.8,53.73,54.89
2026-06-07,Gulshan,55.9,151,Unhealthy,6,6,0,0,29.1,81.25,6.97,1002.53,3.0,1,469.17,3268.5,76.9,52.2,54.3,53.83,54.73
2026-06-08,Gulshan,41.0,115,Unhealthy for Sensitive Groups,6,0,0,0,29.25,80.0,8.37,1001.28,0.3,0,540.0,4518.0,55.9,76.9,52.2,53.26,54.24
2026-06-09,Gulshan,49.0,134,Unhealthy for Sensitive Groups,6,1,0,0,28.48,81.75,11.1,1000.88,6.2,1,538.54,5980.1,41.0,55.9,76.9,53.59,53.94
2026-06-10,Gulshan,54.3,147,Unhealthy for Sensitive Groups,6,2,0,0,27.95,83.96,9.36,1001.98,3.0,1,464.17,4343.8,49.0,41.0,55.9,54.8,53.27
2026-06-11,Gulshan,59.8,154,Unhealthy,6,3,0,0,29.39,77.08,6.82,1003.42,1.7,1,475.62,3242.2,54.3,49.0,41.0,55.59,53.28
2026-06-12,Gulshan,56.5,152,Unhealthy,6,4,1,0,29.41,74.75,5.28,1004.83,3.0,1,557.5,2945.5,59.8,54.3,49.0,56.2,53.34
2026-06-13,Gulshan,51.7,141,Unhealthy for Sensitive Groups,6,5,1,0,29.15,78.46,7.6,1004.02,5.6,1,513.12,3899.8,56.5,59.8,54.3,52.6,53.1
2026-06-14,Gulshan,49.0,134,Unhealthy for Sensitive Groups,6,6,0,0,28.95,82.5,9.57,1002.26,8.1,1,515.62,4932.8,51.7,56.5,59.8,51.61,53.15
2026-06-15,Gulshan,38.3,108,Unhealthy for Sensitive Groups,6,0,0,0,29.5,78.12,9.12,1002.81,6.1,1,528.12,4816.9,49.0,51.7,56.5,51.23,52.89
2026-06-16,Gulshan,57.4,152,Unhealthy,6,1,0,0,29.09,79.88,7.37,1004.09,1.8,1,477.08,3514.5,38.3,49.0,51.7,52.43,53.13
2026-06-17,Gulshan,38.3,108,Unhealthy for Sensitive Groups,6,2,0,0,29.73,77.0,8.79,1004.34,0.2,0,666.25,5857.4,57.4,38.3,49.0,50.14,51.97
2026-06-18,Gulshan,45.8,126,Unhealthy for Sensitive Groups,6,3,0,0,29.27,79.12,9.42,1004.02,4.8,1,621.88,5861.2,38.3,57.4,38.3,48.14,51.22
2026-06-19,Gulshan,51.8,141,Unhealthy for Sensitive Groups,6,4,1,0,28.31,82.62,6.29,1004.17,0.8,0,494.79,3113.1,45.8,38.3,57.4,47.47,50.61
2026-06-20,Gulshan,42.7,119,Unhealthy for Sensitive Groups,6,5,1,0,30.15,75.46,9.59,1003.93,1.9,1,648.12,6213.9,51.8,45.8,38.3,46.19,50.35
2026-06-21,Gulshan,38.3,108,Unhealthy for Sensitive Groups,6,6,0,0,29.48,79.46,11.82,1003.29,9.8,1,664.17,7848.2,42.7,51.8,45.8,44.66,49.72
2026-06-22,Gulshan,54.1,147,Unhealthy for Sensitive Groups,6,0,0,0,29.03,77.79,7.65,1003.42,2.6,1,578.96,4431.4,38.3,42.7,51.8,46.91,50.1
2026-06-23,Gulshan,49.8,136,Unhealthy for Sensitive Groups,6,1,0,0,29.69,78.08,8.84,1001.12,6.3,1,583.96,5160.7,54.1,38.3,42.7,45.83,50.11
2026-06-24,Gulshan,56.2,151,Unhealthy,6,2,0,0,29.47,79.42,8.21,1001.44,2.8,1,505.83,4152.0,49.8,54.1,38.3,48.39,50.0
2026-06-25,Gulshan,45.3,125,Unhealthy for Sensitive Groups,6,3,0,0,29.64,78.54,7.25,1002.93,3.7,1,543.96,3941.4,56.2,49.8,54.1,48.31,49.74
2026-06-26,Gulshan,38.3,108,Unhealthy for Sensitive Groups,6,4,1,0,29.78,77.58,6.79,1004.09,0.5,0,613.96,4169.8,45.3,56.2,49.8,46.39,49.2
2026-06-27,Gulshan,29.7,89,Moderate,6,5,1,0,30.95,71.67,10.62,1003.17,0.9,0,778.96,8269.9,38.3,45.3,56.2,44.53,48.87
2026-06-28,Gulshan,34.2,98,Moderate,6,6,0,0,30.55,75.29,12.05,1001.69,3.1,1,771.04,9294.3,29.7,38.3,45.3,43.94,48.47
2026-06-29,Gulshan,42.9,119,Unhealthy for Sensitive Groups,6,0,0,0,29.87,77.12,9.62,1001.08,4.4,1,657.08,6321.7,34.2,29.7,38.3,42.34,48.55
2026-06-30,Gulshan,53.4,145,Unhealthy for Sensitive Groups,6,1,0,0,29.65,78.17,6.22,1000.8,11.7,1,567.71,3529.3,42.9,34.2,29.7,42.86,48.49
2026-07-01,Gulshan,42.1,117,Unhealthy for Sensitive Groups,7,2,0,0,29.13,81.46,7.83,1000.56,8.6,1,548.96,4297.9,53.4,42.9,34.2,40.84,48.39
2026-07-02,Gulshan,42.7,119,Unhealthy for Sensitive Groups,7,3,0,0,29.78,79.12,8.66,1000.53,3.4,1,611.67,5296.0,42.1,53.4,42.9,40.47,48.26
2026-07-03,Gulshan,33.9,97,Moderate,7,4,1,0,30.96,73.21,10.9,999.83,2.4,1,766.88,8355.7,42.7,42.1,53.4,39.84,47.86
2026-07-04,Gulshan,18.8,69,Moderate,7,5,1,0,31.88,66.62,13.22,997.45,4.2,1,963.96,12740.3,33.9,42.7,42.1,38.29,46.68
2026-07-05,Gulshan,15.2,62,Moderate,7,6,0,0,28.75,80.67,19.91,997.19,16.7,1,881.25,17547.9,18.8,33.9,42.7,35.57,45.44
2026-07-06,Gulshan,25.8,82,Moderate,7,0,0,0,28.0,86.21,15.9,999.5,16.5,1,676.46,10752.9,15.2,18.8,33.9,33.13,43.74
2026-07-07,Gulshan,33.9,97,Moderate,7,1,0,0,27.56,90.17,10.48,1001.62,15.6,1,460.62,4828.9,25.8,15.2,18.8,30.34,43.01
2026-07-08,Gulshan,34.6,99,Moderate,7,2,0,0,27.41,93.21,10.18,1001.65,45.3,1,468.54,4771.3,33.9,25.8,15.2,29.27,42.79
2026-07-09,Gulshan,31.9,93,Moderate,7,3,0,0,27.28,92.17,11.95,1001.93,22.0,1,544.79,6512.5,34.6,33.9,25.8,27.73,42.22
2026-07-10,Gulshan,27.2,85,Moderate,7,4,1,0,27.29,91.75,11.41,1000.14,43.0,1,467.5,5335.3,31.9,34.6,33.9,26.77,41.32
2026-07-11,Gulshan,42.1,117,Unhealthy for Sensitive Groups,7,5,1,0,27.75,89.08,10.83,998.75,27.0,1,497.29,5387.3,27.2,31.9,34.6,30.1,40.73
2026-07-12,Gulshan,39.6,111,Unhealthy for Sensitive Groups,7,6,0,0,28.12,88.33,9.26,997.03,49.0,1,452.92,4195.1,42.1,27.2,31.9,33.59,40.17
2026-07-19,Gulshan,32.4,94,Moderate,7,6,0,0,27.92,86.75,13.31,1003.95,13.3,1,650.42,8656.0,39.6,42.1,27.2,34.53,39.52
2026-07-20,Gulshan,32.0,94,Moderate,7,0,0,0,26.53,93.08,9.17,1004.38,30.3,1,382.5,3509.4,32.4,39.6,42.1,34.26,38.96
2026-07-21,Gulshan,34.3,98,Moderate,7,1,0,0,27.36,87.79,10.7,1004.1,12.1,1,507.5,5432.4,32.0,32.4,39.6,34.21,38.82
2026-07-22,Gulshan,30.5,91,Moderate,7,2,0,0,27.22,87.29,12.18,1003.77,16.0,1,595.42,7251.7,34.3,32.0,32.4,34.01,37.93
2026-07-23,Gulshan,25.3,81,Moderate,7,3,0,0,27.08,87.83,10.02,1003.04,17.9,1,513.33,5141.9,30.5,34.3,32.0,33.74,37.49
2026-07-24,Gulshan,32.9,95,Moderate,7,4,1,0,27.75,83.54,9.64,1001.41,4.5,1,546.25,5266.8,25.3,30.5,34.3,32.43,37.06
2026-07-25,Gulshan,31.7,93,Moderate,7,5,1,0,28.73,78.33,10.77,1001.13,2.3,1,615.83,6630.5,32.9,25.3,30.5,31.3,36.39
2026-07-26,Gulshan,31.8,93,Moderate,7,6,0,0,29.25,77.21,11.85,999.79,1.1,1,737.71,8741.8,31.7,32.9,25.3,31.21,36.03
2026-07-27,Gulshan,26.9,84,Moderate,7,0,0,0,28.5,81.12,16.15,998.15,8.6,1,795.62,12852.7,31.8,31.7,32.9,30.49,35.65
2026-07-28,Gulshan,33.6,97,Moderate,7,1,0,0,28.32,83.08,15.2,998.62,6.8,1,735.21,11178.2,26.9,31.8,31.7,30.39,34.97
2026-07-29,Gulshan,30.8,91,Moderate,7,2,0,0,28.08,85.38,13.08,999.87,7.6,1,623.33,8155.3,33.6,26.9,31.8,30.43,34.33
2026-07-30,Gulshan,34.8,99,Moderate,7,3,0,0,26.99,90.83,11.74,1001.62,20.1,1,516.04,6059.2,30.8,33.6,26.9,31.79,33.62
2026-07-31,Gulshan,31.1,92,Moderate,7,4,1,0,28.78,82.88,9.35,1002.73,3.4,1,596.25,5572.5,34.8,30.8,33.6,31.53,33.15
2026-08-01,Gulshan,25.3,81,Moderate,8,5,1,0,28.65,84.58,9.25,1001.96,11.4,1,525.21,4860.4,31.1,34.8,30.8,30.61,32.71
2026-08-02,Gulshan,29.2,88,Moderate,8,6,0,0,28.2,88.92,8.45,1002.23,21.4,1,427.92,3617.7,25.3,31.1,34.8,30.24,32.7
2026-02-26,Hazaribagh,177.0,252,Very Unhealthy,2,3,0,1,25.14,50.04,6.22,1007.9,0.0,0,741.67,4616.9,237.0,217.0,219.0,189.14,167.8
2026-02-27,Hazaribagh,166.0,241,Very Unhealthy,2,4,1,1,24.68,49.17,7.42,1006.18,0.0,0,794.17,5890.1,177.0,237.0,217.0,188.14,167.69
2026-02-28,Hazaribagh,171.0,246,Very Unhealthy,2,5,1,1,25.1,44.83,7.43,1005.52,0.0,0,761.88,5663.3,166.0,177.0,237.0,192.0,167.88
2026-03-01,Hazaribagh,99.4,182,Unhealthy,3,6,0,1,25.52,59.17,8.82,1006.02,0.0,0,639.79,5640.8,171.0,166.0,177.0,183.77,164.08
2026-03-02,Hazaribagh,135.0,210,Very Unhealthy,3,0,0,1,25.85,70.75,5.09,1007.64,0.0,0,531.04,2701.7,99.4,171.0,166.0,171.77,162.55
2026-03-03,Hazaribagh,136.0,211,Very Unhealthy,3,1,0,1,25.76,63.83,5.66,1008.88,0.0,0,638.75,3616.9,135.0,99.4,171.0,160.2,161.22
2026-03-04,Hazaribagh,245.0,340,Hazardous,3,2,0,1,26.15,47.46,6.5,1009.06,0.0,0,707.29,4594.4,136.0,135.0,99.4,161.34,165.21
2026-03-05,Hazaribagh,230.0,310,Hazardous,3,3,0,1,26.9,48.92,4.08,1007.3,0.0,0,655.62,2671.7,245.0,136.0,135.0,168.91,168.15
2026-03-06,Hazaribagh,214.0,289,Very Unhealthy,3,4,1,1,27.29,50.29,5.86,1007.76,0.0,0,595.21,3486.9,230.0,245.0,136.0,175.77,170.15
2026-03-07,Hazaribagh,109.0,189,Unhealthy,3,5,1,1,26.45,58.0,7.15,1009.61,0.0,0,524.38,3751.5,214.0,230.0,245.0,166.91,167.6
2026-03-08,Hazaribagh,93.9,178,Unhealthy,3,6,0,1,26.18,67.46,6.55,1010.55,0.5,0,601.46,3942.1,109.0,214.0,230.0,166.13,164.65
2026-03-09,Hazaribagh,128.0,203,Very Unhealthy,3,0,0,1,26.1,71.58,4.48,1011.43,0.0,0,532.92,2387.0,93.9,109.0,214.0,165.13,163.24
2026-03-10,Hazaribagh,141.0,216,Very Unhealthy,3,1,0,1,27.29,64.96,3.56,1011.75,0.2,0,484.79,1727.1,128.0,93.9,109.0,165.84,162.42
2026-03-11,Hazaribagh,133.0,208,Very Unhealthy,3,2,0,1,27.43,69.33,4.76,1009.73,0.8,0,527.92,2514.2,141.0,128.0,93.9,149.84,161.37
2026-03-12,Hazaribagh,97.6,181,Unhealthy,3,3,0,1,26.71,72.79,7.38,1007.64,0.8,0,500.21,3691.1,133.0,141.0,128.0,130.93,159.17
2026-03-13,Hazaribagh,83.4,171,Unhealthy,3,4,1,1,25.86,77.12,10.42,1006.58,2.6,1,593.75,6189.8,97.6,133.0,141.0,112.27,156.64
2026-03-14,Hazaribagh,52.4,143,Unhealthy for Sensitive Groups,3,5,1,1,26.82,74.92,14.63,1008.25,8.7,1,744.17,10886.5,83.4,97.6,133.0,104.19,154.02
2026-03-15,Hazaribagh,45.9,127,Unhealthy for Sensitive Groups,3,6,0,1,24.68,81.25,14.8,1008.99,17.8,1,595.21,8811.6,52.4,83.4,97.6,97.33,150.19
2026-03-16,Hazaribagh,56.9,152,Unhealthy,3,0,0,1,25.89,72.0,11.66,1007.77,2.8,1,596.46,6956.2,45.9,52.4,83.4,87.17,148.32
2026-03-17,Hazaribagh,52.4,143,Unhealthy for Sensitive Groups,3,1,0,1,26.19,70.29,10.43,1007.48,7.5,1,609.79,6362.2,56.9,45.9,52.4,74.51,145.4
2026-03-18,Hazaribagh,44.7,124,Unhealthy for Sensitive Groups,3,2,0,1,24.3,81.96,9.22,1009.42,10.6,1,390.21,3596.4,52.4,56.9,45.9,61.9,142.09
2026-03-19,Hazaribagh,60.8,155,Unhealthy,3,3,0,1,25.13,71.29,6.42,1009.63,0.0,0,399.58,2564.0,44.7,52.4,56.9,56.64,138.65
2026-03-20,Hazaribagh,65.8,158,Unhealthy,3,4,1,1,24.09,75.92,8.72,1008.77,0.6,0,271.04,2362.6,60.8,44.7,52.4,54.13,135.27
2026-03-21,Hazaribagh,71.4,162,Unhealthy,3,5,1,1,21.75,79.33,4.84,1010.15,33.3,1,305.83,1480.7,65.8,60.8,44.7,56.84,131.89
2026-03-22,Hazaribagh,59.4,154,Unhealthy,3,6,0,1,22.8,71.04,6.89,1009.73,0.4,0,559.17,3851.3,71.4,65.8,60.8,58.77,128.1
2026-03-23,Hazaribagh,92.4,177,Unhealthy,3,0,0,1,24.36,64.25,5.32,1010.44,0.2,0,594.17,3161.5,59.4,71.4,65.8,63.84,126.38
2026-03-24,Hazaribagh,96.5,180,Unhealthy,3,1,0,1,26.19,62.29,7.56,1008.31,0.1,0,738.12,5582.1,92.4,59.4,71.4,70.14,124.36
2026-03-25,Hazaribagh,75.8,165,Unhealthy,3,2,0,1,26.42,70.71,7.54,1008.16,3.5,1,512.29,3863.5,96.5,92.4,59.4,74.59,119.59
2026-03-26,Hazaribagh,90.4,175,Unhealthy,3,3,0,1,28.09,61.29,4.83,1008.7,0.0,0,681.04,3291.7,75.8,96.5,92.4,78.81,115.37
2026-03-27,Hazaribagh,100.0,182,Unhealthy,3,4,1,1,29.01,58.33,7.29,1006.02,0.0,0,747.08,5447.5,90.4,75.8,96.5,83.7,110.8
2026-03-28,Hazaribagh,62.9,156,Unhealthy,3,5,1,1,26.42,66.58,8.35,1005.44,0.8,0,562.5,4696.9,100.0,90.4,75.8,82.49,107.0
2026-03-29,Hazaribagh,91.3,176,Unhealthy,3,6,0,1,26.29,73.92,6.6,1006.27,3.8,1,425.21,2806.4,62.9,100.0,90.4,87.04,104.51
2026-03-30,Hazaribagh,77.8,167,Unhealthy,3,0,0,1,26.71,78.5,6.64,1006.52,6.3,1,477.92,3172.2,91.3,62.9,100.0,84.96,101.4
2026-03-31,Hazaribagh,71.6,162,Unhealthy,3,1,0,1,26.08,81.67,7.63,1007.68,1.0,0,412.5,3147.0,77.8,91.3,62.9,81.4,100.48
2026-04-01,Hazaribagh,63.7,157,Unhealthy,4,2,0,1,27.9,75.75,9.28,1007.35,1.9,1,566.46,5253.9,71.6,77.8,91.3,79.67,98.1
2026-04-02,Hazaribagh,75.9,165,Unhealthy,4,3,0,1,28.92,73.46,10.63,1006.83,0.7,0,495.21,5265.7,63.7,71.6,77.8,77.6,96.1
2026-04-03,Hazaribagh,55.4,150,Unhealthy for Sensitive Groups,4,4,1,1,30.31,69.42,10.32,1005.79,0.1,0,721.46,7446.1,75.9,63.7,71.6,71.23,89.78
2026-04-04,Hazaribagh,85.0,172,Unhealthy,4,5,1,1,30.45,69.42,9.28,1004.51,0.1,0,681.88,6330.1,55.4,75.9,63.7,74.39,84.94
2026-04-05,Hazaribagh,62.6,156,Unhealthy,4,6,0,1,29.04,65.25,12.24,1004.66,1.1,1,607.5,7436.8,85.0,55.4,75.9,70.29,79.9
2026-04-06,Hazaribagh,78.8,167,Unhealthy,4,0,0,1,28.38,60.67,6.5,1006.58,0.3,0,645.62,4193.9,62.6,85.0,55.4,70.43,78.89
2026-04-07,Hazaribagh,52.3,142,Unhealthy for Sensitive Groups,4,1,0,1,27.6,63.0,8.38,1007.51,1.1,1,722.5,6057.0,78.8,62.6,85.0,67.67,77.5
2026-04-08,Hazaribagh,69.4,161,Unhealthy,4,2,0,1,26.77,63.67,7.52,1007.85,1.2,1,718.12,5397.9,52.3,78.8,62.6,68.49,75.55
2026-04-09,Hazaribagh,66.6,159,Unhealthy,4,3,0,1,23.68,87.38,7.3,1008.75,9.7,1,330.42,2410.7,69.4,52.3,78.8,67.16,73.07
2026-04-10,Hazaribagh,73.2,163,Unhealthy,4,4,1,1,24.86,78.12,6.46,1008.77,0.5,0,488.96,3157.9,66.6,69.4,52.3,69.7,71.08
2026-04-11,Hazaribagh,88.6,174,Unhealthy,4,5,1,1,26.89,68.38,9.24,1007.66,0.0,0,682.29,6305.5,73.2,66.6,69.4,70.21,70.78
2026-04-12,Hazaribagh,62.9,156,Unhealthy,4,6,0,1,28.73,65.71,11.23,1004.78,0.0,0,839.79,9433.7,88.6,73.2,66.6,70.26,70.09
2026-04-13,Hazaribagh,62.3,156,Unhealthy,4,0,0,1,29.62,70.58,12.15,1005.57,1.1,1,806.25,9795.9,62.9,88.6,73.2,67.9,70.42
2026-04-14,Hazaribagh,58.6,153,Unhealthy,4,1,0,1,29.21,73.96,10.43,1005.72,0.5,0,713.75,7446.8,62.3,62.9,88.6,68.8,70.85
2026-04-15,Hazaribagh,56.4,152,Unhealthy,4,2,0,1,30.01,70.83,11.46,1004.13,4.0,1,806.04,9239.3,58.6,62.3,62.9,66.94,70.83
2026-04-16,Hazaribagh,71.3,162,Unhealthy,4,3,0,1,28.87,75.08,8.44,1005.82,2.8,1,554.38,4679.8,56.4,58.6,62.3,67.61,71.46
2026-04-17,Hazaribagh,52.7,143,Unhealthy for Sensitive Groups,4,4,1,1,28.45,79.46,4.75,1006.68,2.1,1,455.0,2161.2,71.3,56.4,58.6,64.69,71.73
2026-04-18,Hazaribagh,50.9,139,Unhealthy for Sensitive Groups,4,5,1,1,29.27,76.62,6.17,1005.56,0.2,0,570.42,3519.9,52.7,71.3,56.4,59.3,71.4
2026-04-19,Hazaribagh,55.7,151,Unhealthy,4,6,0,1,28.76,78.25,9.62,1004.42,6.1,1,668.96,6433.1,50.9,52.7,71.3,58.27,71.06
2026-04-20,Hazaribagh,48.4,133,Unhealthy for Sensitive Groups,4,0,0,1,30.57,74.29,14.81,1002.74,1.4,1,863.33,12784.5,55.7,50.9,52.7,56.29,70.29
2026-04-21,Hazaribagh,49.0,134,Unhealthy for Sensitive Groups,4,1,0,1,30.62,73.62,15.8,1002.15,2.5,1,852.29,13462.7,48.4,55.7,50.9,54.91,69.95
2026-04-22,Hazaribagh,51.3,140,Unhealthy for Sensitive Groups,4,2,0,1,30.02,72.92,11.93,1003.13,1.4,1,720.83,8598.9,49.0,48.4,55.7,54.19,68.58
2026-04-23,Hazaribagh,66.0,158,Unhealthy,4,3,0,1,30.63,71.12,9.05,1003.6,0.2,0,680.42,6157.8,51.3,49.0,48.4,53.43,67.56
2026-04-24,Hazaribagh,66.1,158,Unhealthy,4,4,1,1,31.3,69.42,9.16,1004.41,0.0,0,598.75,5483.6,66.0,51.3,49.0,55.34,67.24
2026-04-25,Hazaribagh,66.7,159,Unhealthy,4,5,1,1,31.38,67.04,8.23,1005.65,0.1,0,646.88,5323.2,66.1,66.0,51.3,57.6,66.45
2026-04-26,Hazaribagh,53.7,146,Unhealthy for Sensitive Groups,4,6,0,1,28.31,76.96,10.62,1005.14,0.7,0,702.92,7465.6,66.7,66.1,66.0,57.31,64.9
2026-04-27,Hazaribagh,52.9,144,Unhealthy for Sensitive Groups,4,0,0,1,25.74,86.17,14.04,1002.61,29.8,1,557.71,7828.8,53.7,66.7,66.1,57.96,64.57
2026-04-28,Hazaribagh,41.7,116,Unhealthy for Sensitive Groups,4,1,0,1,25.02,89.75,10.66,1002.65,11.4,1,415.0,4424.9,52.9,53.7,66.7,56.91,62.92
2026-04-29,Hazaribagh,50.5,138,Unhealthy for Sensitive Groups,4,2,0,1,23.63,88.42,11.9,1005.31,9.2,1,429.38,5107.8,41.7,52.9,53.7,56.8,62.01
2026-04-30,Hazaribagh,63.3,156,Unhealthy,4,3,0,1,24.58,83.46,8.52,1006.53,19.2,1,449.58,3830.8,50.5,41.7,52.9,56.41,61.73
2026-05-01,Hazaribagh,54.1,147,Unhealthy for Sensitive Groups,5,4,1,0,24.41,84.0,8.18,1004.39,21.5,1,398.54,3261.4,63.3,50.5,41.7,54.7,61.41
2026-05-02,Hazaribagh,55.7,151,Unhealthy,5,5,1,0,24.99,82.79,8.9,1003.28,6.5,1,529.17,4711.8,54.1,63.3,50.5,53.13,60.74
2026-05-28,Hazaribagh,42.9,119,Unhealthy for Sensitive Groups,5,3,0,0,27.71,79.91,7.8,1005.15,0.5,0,419.78,3276.1,55.7,54.1,63.3,51.59,60.32
2026-05-29,Hazaribagh,46.0,127,Unhealthy for Sensitive Groups,5,4,1,0,27.61,81.25,6.73,1004.98,5.8,1,269.58,1815.2,42.9,55.7,54.1,50.6,59.02
2026-05-30,Hazaribagh,41.1,115,Unhealthy for Sensitive Groups,5,5,1,0,28.58,71.25,3.55,1004.48,0.0,0,312.5,1110.7,46.0,42.9,55.7,50.51,58.3
2026-05-31,Hazaribagh,53.1,144,Unhealthy for Sensitive Groups,5,6,0,0,30.32,67.92,3.51,1004.26,0.0,0,465.83,1636.2,41.1,46.0,42.9,50.89,57.45
2026-06-01,Hazaribagh,46.1,127,Unhealthy for Sensitive Groups,6,0,0,0,30.49,72.83,6.1,1004.94,1.0,0,553.54,3378.9,53.1,41.1,46.0,48.43,57.24
2026-06-02,Hazaribagh,47.9,132,Unhealthy for Sensitive Groups,6,1,0,0,30.7,74.0,6.95,1003.78,0.0,0,578.54,4023.3,46.1,53.1,41.1,47.54,56.52
2026-06-03,Hazaribagh,47.7,131,Unhealthy for Sensitive Groups,6,2,0,0,31.58,69.33,7.88,1001.2,0.0,0,662.92,5226.0,47.9,46.1,53.1,46.4,55.89
2026-06-04,Hazaribagh,57.2,152,Unhealthy,6,3,0,0,31.69,71.75,8.07,1000.18,2.4,1,654.17,5276.9,47.7,47.9,46.1,48.44,55.36
2026-06-05,Hazaribagh,51.7,141,Unhealthy for Sensitive Groups,6,4,1,0,28.99,83.33,6.07,1000.54,11.4,1,340.62,2067.9,57.2,47.7,47.9,49.26,54.13
2026-06-06,Hazaribagh,66.7,159,Unhealthy,6,5,1,0,29.53,79.96,5.06,1000.94,0.7,0,508.33,2571.3,51.7,57.2,47.7,52.91,54.26
2026-06-07,Hazaribagh,52.5,143,Unhealthy for Sensitive Groups,6,6,0,0,28.91,82.75,6.49,1001.37,4.0,1,432.29,2804.5,66.7,51.7,57.2,52.83,53.93
2026-06-08,Hazaribagh,42.5,118,Unhealthy for Sensitive Groups,6,0,0,0,28.93,82.42,8.11,1000.1,0.8,0,496.04,4024.1,52.5,66.7,51.7,52.31,53.39
2026-06-09,Hazaribagh,43.1,120,Unhealthy for Sensitive Groups,6,1,0,0,28.14,84.5,11.11,999.7,9.4,1,515.62,5729.9,42.5,52.5,66.7,51.63,52.95
2026-06-10,Hazaribagh,50.0,137,Unhealthy for Sensitive Groups,6,2,0,0,27.71,86.08,9.35,1000.78,6.5,1,430.42,4026.2,43.1,42.5,52.5,51.96,52.24
2026-06-11,Hazaribagh,62.2,156,Unhealthy,6,3,0,0,29.23,79.75,6.62,1002.22,1.6,1,456.25,3020.8,50.0,43.1,42.5,52.67,52.56
2026-06-12,Hazaribagh,49.6,136,Unhealthy for Sensitive Groups,6,4,1,0,28.8,80.46,5.27,1003.65,7.0,1,492.71,2594.9,62.2,50.0,43.1,52.37,52.51
2026-06-13,Hazaribagh,43.6,121,Unhealthy for Sensitive Groups,6,5,1,0,28.83,81.42,7.9,1002.84,4.6,1,462.5,3655.7,49.6,62.2,50.0,49.07,52.11
2026-06-14,Hazaribagh,43.8,121,Unhealthy for Sensitive Groups,6,6,0,0,28.46,86.88,9.54,1001.14,11.8,1,471.46,4496.5,43.6,49.6,62.2,47.83,51.96
2026-06-15,Hazaribagh,43.6,121,Unhealthy for Sensitive Groups,6,0,0,0,28.78,83.67,8.63,1001.67,10.0,1,442.29,3818.5,43.8,43.6,49.6,47.99,51.78
2026-06-16,Hazaribagh,48.3,133,Unhealthy for Sensitive Groups,6,1,0,0,28.78,82.17,7.27,1002.89,2.6,1,423.33,3076.2,43.6,43.8,43.6,48.73,51.68
2026-06-17,Hazaribagh,40.6,114,Unhealthy for Sensitive Groups,6,2,0,0,29.6,78.0,8.95,1003.17,0.4,0,647.29,5793.3,48.3,43.6,43.8,47.39,50.83
2026-06-18,Hazaribagh,38.7,109,Unhealthy for Sensitive Groups,6,3,0,0,29.05,81.25,9.59,1002.85,5.2,1,600.62,5758.5,40.6,48.3,43.6,44.03,49.92
2026-06-19,Hazaribagh,47.1,130,Unhealthy for Sensitive Groups,6,4,1,0,28.1,84.79,6.32,1002.97,0.9,0,456.25,2882.0,38.7,40.6,48.3,43.67,49.26
2026-06-20,Hazaribagh,44.0,122,Unhealthy for Sensitive Groups,6,5,1,0,29.59,79.83,9.17,1002.79,2.7,1,572.08,5246.5,47.1,38.7,40.6,43.73,48.94
2026-06-21,Hazaribagh,38.5,108,Unhealthy for Sensitive Groups,6,6,0,0,29.22,81.58,11.82,1002.15,10.3,1,634.38,7498.8,44.0,47.1,38.7,42.97,48.46
2026-06-22,Hazaribagh,42.9,119,Unhealthy for Sensitive Groups,6,0,0,0,28.85,79.46,7.68,1002.24,2.1,1,523.54,4020.4,38.5,44.0,47.1,42.87,48.5
2026-06-23,Hazaribagh,51.0,139,Unhealthy for Sensitive Groups,6,1,0,0,29.32,80.67,8.62,999.95,6.9,1,503.75,4344.8,42.9,38.5,44.0,43.26,48.52
2026-06-24,Hazaribagh,54.5,148,Unhealthy for Sensitive Groups,6,2,0,0,29.26,80.46,8.5,1000.3,0.9,0,444.38,3777.2,51.0,42.9,38.5,45.24,48.22
2026-06-25,Hazaribagh,47.7,131,Unhealthy for Sensitive Groups,6,3,0,0,29.41,80.0,7.48,1001.8,3.8,1,496.25,3711.5,54.5,51.0,42.9,46.53,48.01
2026-06-26,Hazaribagh,37.5,106,Unhealthy for Sensitive Groups,6,4,1,0,29.69,78.38,6.96,1002.9,0.4,0,595.62,4144.6,47.7,54.5,51.0,45.16,47.4
2026-06-27,Hazaribagh,30.9,92,Moderate,6,5,1,0,30.74,73.25,10.39,1002.02,0.9,0,729.58,7578.5,37.5,47.7,54.5,43.29,47.0
2026-06-28,Hazaribagh,37.4,106,Unhealthy for Sensitive Groups,6,6,0,0,30.26,77.54,11.55,1000.57,4.0,1,720.0,8316.0,30.9,37.5,47.7,43.13,46.72
2026-06-29,Hazaribagh,41.6,116,Unhealthy for Sensitive Groups,6,0,0,0,29.52,79.62,9.7,999.93,3.7,1,603.75,5858.9,37.4,30.9,37.5,42.94,46.73
2026-06-30,Hazaribagh,47.9,132,Unhealthy for Sensitive Groups,6,1,0,0,29.47,79.17,5.9,999.65,6.2,1,518.75,3062.8,41.6,37.4,30.9,42.5,46.56
2026-07-01,Hazaribagh,41.9,117,Unhealthy for Sensitive Groups,7,2,0,0,29.12,81.62,8.19,999.37,8.9,1,519.58,4254.1,47.9,41.6,37.4,40.7,46.42
2026-07-02,Hazaribagh,39.9,112,Unhealthy for Sensitive Groups,7,3,0,0,29.78,79.42,8.94,999.32,3.0,1,610.21,5453.7,41.9,47.9,41.6,39.59,46.15
2026-07-03,Hazaribagh,34.7,99,Moderate,7,4,1,0,30.8,74.21,10.96,998.62,3.3,1,742.08,8135.1,39.9,41.9,47.9,39.19,45.72
2026-07-04,Hazaribagh,24.7,80,Moderate,7,5,1,0,31.65,67.92,13.4,996.24,2.6,1,941.46,12611.6,34.7,39.9,41.9,38.3,44.64
2026-07-05,Hazaribagh,21.8,75,Moderate,7,6,0,0,28.56,81.88,19.87,995.94,14.4,1,866.04,17209.0,24.7,34.7,39.9,36.07,43.64
2026-07-06,Hazaribagh,27.9,86,Moderate,7,0,0,0,27.95,86.58,16.02,998.28,16.7,1,668.75,10711.1,21.8,24.7,34.7,34.11,42.35
2026-07-07,Hazaribagh,31.8,93,Moderate,7,1,0,0,27.5,90.54,10.76,1000.45,14.7,1,452.5,4868.1,27.9,21.8,24.7,31.81,41.66
2026-07-08,Hazaribagh,37.8,107,Unhealthy for Sensitive Groups,7,2,0,0,27.43,93.17,10.84,1000.48,44.5,1,485.62,5265.0,31.8,27.9,21.8,31.23,41.5
2026-07-09,Hazaribagh,36.4,103,Unhealthy for Sensitive Groups,7,3,0,0,27.32,92.08,11.78,1000.78,21.7,1,550.0,6478.5,37.8,31.8,27.9,30.73,41.28
2026-07-10,Hazaribagh,30.1,90,Moderate,7,4,1,0,27.24,92.33,11.64,999.01,34.7,1,477.92,5561.8,36.4,37.8,31.8,30.07,40.61
2026-07-11,Hazaribagh,43.4,120,Unhealthy for Sensitive Groups,7,5,1,0,27.8,88.71,10.67,997.6,18.3,1,489.17,5217.8,30.1,36.4,37.8,32.74,39.99
2026-07-12,Hazaribagh,45.0,124,Unhealthy for Sensitive Groups,7,6,0,0,28.15,88.21,9.58,995.88,45.5,1,463.96,4444.3,43.4,30.1,36.4,36.06,39.83
2026-07-13,Hazaribagh,56.2,151,Unhealthy,7,0,0,0,27.57,91.79,6.93,997.62,15.6,1,267.5,1854.7,45.0,43.4,30.1,40.1,40.25
2026-07-14,Hazaribagh,51.9,141,Unhealthy for Sensitive Groups,7,1,0,0,29.38,82.12,6.74,998.31,3.2,1,479.58,3231.2,56.2,45.0,43.4,42.97,40.52
2026-07-15,Hazaribagh,45.6,126,Unhealthy for Sensitive Groups,7,2,0,0,29.38,80.29,7.9,999.66,5.3,1,596.67,4711.2,51.9,56.2,45.0,44.09,40.59
2026-07-16,Hazaribagh,36.7,104,Unhealthy for Sensitive Groups,7,3,0,0,29.21,78.92,15.18,1000.28,2.8,1,808.75,12276.2,45.6,51.9,56.2,44.13,40.2
2026-07-17,Hazaribagh,39.2,110,Unhealthy for Sensitive Groups,7,4,1,0,28.62,82.88,15.64,1000.59,4.1,1,758.96,11871.4,36.7,45.6,51.9,45.43,40.16
2026-07-18,Hazaribagh,34.3,98,Moderate,7,5,1,0,29.24,78.67,14.8,1001.55,5.0,1,848.75,12558.0,39.2,36.7,45.6,44.13,40.01
2026-07-19,Hazaribagh,28.9,88,Moderate,7,6,0,0,27.86,87.21,13.26,1002.77,13.0,1,642.08,8515.6,34.3,39.2,36.7,41.83,39.4
2026-07-20,Hazaribagh,30.1,90,Moderate,7,0,0,0,26.66,93.0,9.12,1003.15,25.1,1,404.79,3690.4,28.9,34.3,39.2,38.1,38.94
2026-07-21,Hazaribagh,36.0,102,Unhealthy for Sensitive Groups,7,1,0,0,27.28,88.08,10.85,1002.86,11.2,1,497.5,5397.9,30.1,28.9,34.3,35.83,38.86
2026-07-22,Hazaribagh,25.3,81,Moderate,7,2,0,0,27.21,87.21,12.48,1002.53,17.9,1,575.62,7180.9,36.0,30.1,28.9,32.93,38.27
2026-07-23,Hazaribagh,24.9,80,Moderate,7,3,0,0,27.08,87.92,10.29,1001.86,15.7,1,524.79,5401.0,25.3,36.0,30.1,31.24,37.4
2026-07-24,Hazaribagh,32.0,94,Moderate,7,4,1,0,27.8,83.33,9.85,1000.21,3.7,1,555.0,5464.4,24.9,25.3,36.0,30.21,36.65
2026-07-25,Hazaribagh,29.4,89,Moderate,7,5,1,0,28.73,78.58,11.0,999.91,2.3,1,607.5,6682.5,32.0,24.9,25.3,29.51,36.04
2026-07-26,Hazaribagh,30.9,92,Moderate,7,6,0,0,29.21,77.25,12.11,998.56,0.9,0,749.79,9081.9,29.4,32.0,24.9,29.8,35.82
2026-07-27,Hazaribagh,29.2,88,Moderate,7,0,0,0,28.45,81.75,16.22,996.9,8.2,1,796.67,12919.3,30.9,29.4,32.0,29.67,35.76
2026-07-28,Hazaribagh,30.5,91,Moderate,7,1,0,0,28.44,82.38,15.16,997.39,6.3,1,761.67,11545.6,29.2,30.9,29.4,28.89,35.53
2026-07-29,Hazaribagh,29.6,89,Moderate,7,2,0,0,28.05,86.08,13.1,998.67,7.1,1,618.12,8094.9,30.5,29.2,30.9,29.5,35.13
2026-07-30,Hazaribagh,32.1,94,Moderate,7,3,0,0,26.98,91.42,11.66,1000.42,18.9,1,514.58,5999.2,29.6,30.5,29.2,30.53,34.61
2026-07-31,Hazaribagh,30.0,90,Moderate,7,4,1,0,28.64,83.88,9.38,1001.55,3.2,1,570.0,5343.8,32.1,29.6,30.5,30.24,34.21
2026-08-01,Hazaribagh,26.8,84,Moderate,8,5,1,0,28.54,85.29,9.38,1000.8,10.4,1,487.92,4574.2,30.0,32.1,29.6,29.87,33.77
2026-08-02,Hazaribagh,29.5,89,Moderate,8,6,0,0,28.13,88.96,8.48,1001.05,30.1,1,412.08,3492.4,26.8,30.0,32.1,29.67,33.6
2026-03-03,Ramna,216.0,291,Very Unhealthy,3,1,0,1,25.76,63.83,5.66,1008.66,0.0,0,638.75,3616.9,138.0,106.0,159.0,165.86,175.4
2026-03-04,Ramna,220.0,295,Very Unhealthy,3,2,0,1,26.15,47.46,6.5,1008.83,0.0,0,707.29,4594.4,216.0,138.0,106.0,167.43,178.19
2026-03-05,Ramna,203.0,278,Very Unhealthy,3,3,0,1,26.9,48.92,4.08,1007.07,0.0,0,655.62,2671.7,220.0,216.0,138.0,171.71,179.65
2026-03-06,Ramna,223.0,298,Very Unhealthy,3,4,1,1,27.29,50.29,5.86,1007.54,0.0,0,595.21,3486.9,203.0,220.0,216.0,180.71,182.06
2026-03-07,Ramna,107.0,187,Unhealthy,3,5,1,1,26.45,58.0,7.15,1009.38,0.0,0,524.38,3751.5,223.0,203.0,220.0,173.29,178.11
2026-03-08,Ramna,90.8,176,Unhealthy,3,6,0,1,26.18,67.46,6.55,1010.31,0.5,0,601.46,3942.1,107.0,223.0,203.0,171.11,173.74
2026-03-09,Ramna,126.0,201,Very Unhealthy,3,0,0,1,26.1,71.58,4.48,1011.2,0.0,0,532.92,2387.0,90.8,107.0,223.0,169.4,171.47
2026-03-10,Ramna,145.0,220,Very Unhealthy,3,1,0,1,27.29,64.96,3.56,1011.51,0.2,0,484.79,1727.1,126.0,90.8,107.0,159.26,170.26
2026-03-11,Ramna,119.0,196,Unhealthy,3,2,0,1,27.43,69.33,4.76,1009.5,0.8,0,527.92,2514.2,145.0,126.0,90.8,144.83,168.03
2026-03-12,Ramna,89.8,175,Unhealthy,3,3,0,1,26.71,72.79,7.38,1007.41,0.8,0,500.21,3691.1,119.0,145.0,126.0,128.66,164.78
2026-03-13,Ramna,74.9,165,Unhealthy,3,4,1,1,25.86,77.12,10.42,1006.38,2.6,1,593.75,6189.8,89.8,119.0,145.0,107.5,161.18
2026-03-14,Ramna,52.9,144,Unhealthy for Sensitive Groups,3,5,1,1,26.82,74.92,14.63,1008.02,8.7,1,744.17,10886.5,74.9,89.8,119.0,99.77,157.02
2026-03-15,Ramna,45.7,126,Unhealthy for Sensitive Groups,3,6,0,1,24.68,81.25,14.8,1008.78,17.8,1,595.21,8811.6,52.9,74.9,89.8,93.33,152.89
2026-03-16,Ramna,54.9,149,Unhealthy for Sensitive Groups,3,0,0,1,25.89,72.0,11.66,1007.54,2.8,1,596.46,6956.2,45.7,52.9,74.9,83.17,149.39
2026-03-17,Ramna,49.0,134,Unhealthy for Sensitive Groups,3,1,0,1,26.19,70.29,10.43,1007.27,7.5,1,609.79,6362.2,54.9,45.7,52.9,69.46,145.93
2026-03-18,Ramna,44.2,122,Unhealthy for Sensitive Groups,3,2,0,1,24.3,81.96,9.22,1009.21,10.6,1,390.21,3596.4,49.0,54.9,45.7,58.77,142.54
2026-03-19,Ramna,62.3,156,Unhealthy,3,3,0,1,25.13,71.29,6.42,1009.4,0.0,0,399.58,2564.0,44.2,49.0,54.9,54.84,138.35
2026-03-20,Ramna,63.1,156,Unhealthy,3,4,1,1,24.09,75.92,8.72,1008.57,0.6,0,271.04,2362.6,62.3,44.2,49.0,53.16,134.79
2026-03-21,Ramna,65.2,158,Unhealthy,3,5,1,1,21.75,79.33,4.84,1009.95,33.3,1,305.83,1480.7,63.1,62.3,44.2,54.91,130.59
2026-03-22,Ramna,58.1,153,Unhealthy,3,6,0,1,22.8,71.04,6.89,1009.53,0.4,0,559.17,3851.3,65.2,63.1,62.3,56.69,125.66
2026-03-23,Ramna,95.7,179,Unhealthy,3,0,0,1,24.36,64.25,5.32,1010.22,0.2,0,594.17,3161.5,58.1,65.2,63.1,62.51,123.65
2026-03-24,Ramna,82.7,170,Unhealthy,3,1,0,1,26.19,62.29,7.56,1008.06,0.1,0,738.12,5582.1,95.7,58.1,65.2,67.33,121.64
2026-03-25,Ramna,71.2,162,Unhealthy,3,2,0,1,26.42,70.71,7.54,1007.92,3.5,1,512.29,3863.5,82.7,95.7,58.1,71.19,116.68
2026-03-26,Ramna,93.2,177,Unhealthy,3,3,0,1,28.09,61.29,4.83,1008.48,0.0,0,681.04,3291.7,71.2,82.7,95.7,75.6,113.26
2026-03-27,Ramna,92.0,177,Unhealthy,3,4,1,1,29.01,58.33,7.29,1005.8,0.0,0,747.08,5447.5,93.2,71.2,82.7,79.73,109.36
2026-03-28,Ramna,56.7,152,Unhealthy,3,5,1,1,26.42,66.58,8.35,1005.2,0.8,0,562.5,4696.9,92.0,93.2,71.2,78.51,105.48
2026-03-29,Ramna,84.1,171,Unhealthy,3,6,0,1,26.29,73.92,6.6,1006.05,3.8,1,425.21,2806.4,56.7,92.0,93.2,82.23,102.95
2026-03-30,Ramna,70.8,162,Unhealthy,3,0,0,1,26.71,78.5,6.64,1006.29,6.3,1,477.92,3172.2,84.1,56.7,92.0,78.67,100.01
2026-03-31,Ramna,66.1,158,Unhealthy,3,1,0,1,26.08,81.67,7.63,1007.46,1.0,0,412.5,3147.0,70.8,84.1,56.7,76.3,98.68
2026-04-01,Ramna,59.7,154,Unhealthy,4,2,0,1,27.9,75.75,9.28,1007.12,1.9,1,566.46,5253.9,66.1,70.8,84.1,74.66,96.07
2026-04-02,Ramna,70.5,162,Unhealthy,4,3,0,1,28.92,73.46,10.63,1006.6,0.7,0,495.21,5265.7,59.7,66.1,70.8,71.41,91.22
2026-04-03,Ramna,50.9,139,Unhealthy for Sensitive Groups,4,4,1,1,30.31,69.42,10.32,1005.56,0.1,0,721.46,7446.1,70.5,59.7,66.1,65.54,85.58
2026-04-04,Ramna,77.6,166,Unhealthy,4,5,1,1,30.45,69.42,9.28,1004.26,0.1,0,681.88,6330.1,50.9,70.5,59.7,68.53,81.4
2026-04-05,Ramna,59.7,154,Unhealthy,4,6,0,1,29.04,65.25,12.24,1004.4,1.1,1,607.5,7436.8,77.6,50.9,70.5,65.04,75.96
2026-04-06,Ramna,73.4,164,Unhealthy,4,0,0,1,28.38,60.67,6.5,1006.34,0.3,0,645.62,4193.9,59.7,77.6,50.9,65.41,74.84
2026-04-07,Ramna,48.6,133,Unhealthy for Sensitive Groups,4,1,0,1,27.6,63.0,8.38,1007.28,1.1,1,722.5,6057.0,73.4,59.7,77.6,62.91,73.43
2026-04-08,Ramna,69.2,161,Unhealthy,4,2,0,1,26.77,63.67,7.52,1007.62,1.2,1,718.12,5397.9,48.6,73.4,59.7,64.27,71.54
2026-04-09,Ramna,68.1,160,Unhealthy,4,3,0,1,23.68,87.38,7.3,1008.55,9.7,1,330.42,2410.7,69.2,48.6,73.4,63.93,68.98
2026-04-10,Ramna,77.7,167,Unhealthy,4,4,1,1,24.86,78.12,6.46,1008.54,0.5,0,488.96,3157.9,68.1,69.2,48.6,67.76,67.6
2026-04-11,Ramna,84.3,171,Unhealthy,4,5,1,1,26.89,68.38,9.24,1007.43,0.0,0,682.29,6305.5,77.7,68.1,69.2,68.71,67.42
2026-04-12,Ramna,58.6,153,Unhealthy,4,6,0,1,28.73,65.71,11.23,1004.55,0.0,0,839.79,9433.7,84.3,77.7,68.1,68.56,66.87
2026-04-13,Ramna,57.8,153,Unhealthy,4,0,0,1,29.62,70.58,12.15,1005.34,1.1,1,806.25,9795.9,58.6,84.3,77.7,66.33,67.04
2026-04-14,Ramna,57.2,152,Unhealthy,4,1,0,1,29.21,73.96,10.43,1005.49,0.5,0,713.75,7446.8,57.8,58.6,84.3,67.56,67.42
2026-04-15,Ramna,53.2,145,Unhealthy for Sensitive Groups,4,2,0,1,30.01,70.83,11.46,1003.87,4.0,1,806.04,9239.3,57.2,57.8,58.6,65.27,67.36
2026-04-16,Ramna,66.3,159,Unhealthy,4,3,0,1,28.87,75.08,8.44,1005.57,2.8,1,554.38,4679.8,53.2,57.2,57.8,65.01,67.94
2026-04-17,Ramna,51.8,141,Unhealthy for Sensitive Groups,4,4,1,1,28.45,79.46,4.75,1006.44,2.1,1,455.0,2161.2,66.3,53.2,57.2,61.31,68.19
2026-04-18,Ramna,46.9,129,Unhealthy for Sensitive Groups,4,5,1,1,29.27,76.62,6.17,1005.31,0.2,0,570.42,3519.9,51.8,66.3,53.2,55.97,67.68
2026-04-19,Ramna,55.9,151,Unhealthy,4,6,0,1,28.76,78.25,9.62,1004.18,6.1,1,668.96,6433.1,46.9,51.8,66.3,55.59,67.44
2026-04-20,Ramna,45.8,126,Unhealthy for Sensitive Groups,4,0,0,1,30.57,74.29,14.81,1002.49,1.4,1,863.33,12784.5,55.9,46.9,51.8,53.87,66.79
2026-04-21,Ramna,43.4,120,Unhealthy for Sensitive Groups,4,1,0,1,30.62,73.62,15.8,1001.9,2.5,1,852.29,13462.7,45.8,55.9,46.9,51.9,66.3
2026-04-22,Ramna,47.8,131,Unhealthy for Sensitive Groups,4,2,0,1,30.02,72.92,11.93,1002.88,1.4,1,720.83,8598.9,43.4,45.8,55.9,51.13,64.71
2026-04-23,Ramna,64.9,158,Unhealthy,4,3,0,1,30.63,71.12,9.05,1003.37,0.2,0,680.42,6157.8,47.8,43.4,45.8,50.93,64.11
2026-04-24,Ramna,69.4,161,Unhealthy,4,4,1,1,31.3,69.42,9.16,1004.17,0.0,0,598.75,5483.6,64.9,47.8,43.4,53.44,64.05
2026-04-25,Ramna,61.8,155,Unhealthy,4,5,1,1,31.38,67.04,8.23,1005.41,0.1,0,646.88,5323.2,69.4,64.9,47.8,55.57,63.01
2026-04-27,Ramna,49.4,135,Unhealthy for Sensitive Groups,4,0,0,1,25.74,86.17,14.04,1002.38,29.8,1,557.71,7828.8,61.8,69.4,64.9,54.64,61.59
2026-04-28,Ramna,39.4,111,Unhealthy for Sensitive Groups,4,1,0,1,25.02,89.75,10.66,1002.42,11.4,1,415.0,4424.9,49.4,61.8,69.4,53.73,61.01
2026-04-29,Ramna,45.7,126,Unhealthy for Sensitive Groups,4,2,0,1,23.63,88.42,11.9,1005.11,9.2,1,429.38,5107.8,39.4,49.4,61.8,54.06,59.73
2026-04-30,Ramna,60.0,154,Unhealthy,4,3,0,1,24.58,83.46,8.52,1006.31,19.2,1,449.58,3830.8,45.7,39.4,49.4,55.8,59.37
2026-05-01,Ramna,56.4,152,Unhealthy,5,4,1,0,24.41,84.0,8.18,1004.17,21.5,1,398.54,3261.4,60.0,45.7,39.4,54.59,59.05
2026-05-02,Ramna,54.2,147,Unhealthy for Sensitive Groups,5,5,1,0,24.99,82.79,8.9,1003.05,6.5,1,529.17,4711.8,56.4,60.0,45.7,52.41,58.86
2026-05-28,Ramna,40.9,114,Unhealthy for Sensitive Groups,5,3,0,0,28.24,77.9,7.76,1005.1,0.5,0,446.25,3460.7,54.2,56.4,60.0,49.43,57.88
2026-05-29,Ramna,47.1,130,Unhealthy for Sensitive Groups,5,4,1,0,27.61,81.25,6.73,1004.72,5.8,1,269.58,1815.2,40.9,54.2,56.4,49.1,57.75
2026-05-31,Ramna,46.3,128,Unhealthy for Sensitive Groups,5,6,0,0,30.32,67.92,3.51,1004.02,0.0,0,465.83,1636.2,47.1,40.9,54.2,50.09,56.71
2026-06-01,Ramna,41.2,115,Unhealthy for Sensitive Groups,6,0,0,0,30.49,72.83,6.1,1004.69,1.0,0,553.54,3378.9,46.3,47.1,40.9,49.44,56.09
2026-06-02,Ramna,43.2,120,Unhealthy for Sensitive Groups,6,1,0,0,30.7,74.0,6.95,1003.54,0.0,0,578.54,4023.3,41.2,46.3,47.1,47.04,55.08
2026-06-03,Ramna,46.2,127,Unhealthy for Sensitive Groups,6,2,0,0,31.58,69.33,7.88,1000.97,0.0,0,662.92,5226.0,43.2,41.2,46.3,45.59,55.0
2026-06-04,Ramna,50.1,137,Unhealthy for Sensitive Groups,6,3,0,0,31.69,71.75,8.07,999.95,2.4,1,654.17,5276.9,46.2,43.2,41.2,45.0,54.37
2026-06-05,Ramna,46.1,127,Unhealthy for Sensitive Groups,6,4,1,0,28.99,83.33,6.07,1000.28,11.4,1,340.62,2067.9,50.1,46.2,43.2,45.74,53.63
2026-06-06,Ramna,60.8,155,Unhealthy,6,5,1,0,29.53,79.96,5.06,1000.68,0.7,0,508.33,2571.3,46.1,50.1,46.2,47.7,53.07
2026-06-07,Ramna,48.6,133,Unhealthy for Sensitive Groups,6,6,0,0,28.91,82.75,6.49,1001.1,4.0,1,432.29,2804.5,60.8,46.1,50.1,48.03,51.88
2026-06-08,Ramna,38.3,108,Unhealthy for Sensitive Groups,6,0,0,0,28.93,82.42,8.11,999.85,0.8,0,496.04,4024.1,48.6,60.8,46.1,47.61,51.2
2026-06-09,Ramna,41.1,115,Unhealthy for Sensitive Groups,6,1,0,0,28.14,84.5,11.11,999.43,9.4,1,515.62,5729.9,38.3,48.6,60.8,47.31,50.65
2026-06-10,Ramna,53.8,146,Unhealthy for Sensitive Groups,6,2,0,0,27.71,86.08,9.35,1000.5,6.5,1,430.42,4026.2,41.1,38.3,48.6,48.4,50.53
2026-06-11,Ramna,51.4,140,Unhealthy for Sensitive Groups,6,3,0,0,29.23,79.75,6.62,1001.96,1.6,1,456.25,3020.8,53.8,41.1,38.3,48.59,50.47
2026-06-12,Ramna,44.0,122,Unhealthy for Sensitive Groups,6,4,1,0,28.8,80.46,5.27,1003.38,7.0,1,492.71,2594.9,51.4,53.8,41.1,48.29,49.73
2026-06-13,Ramna,43.1,120,Unhealthy for Sensitive Groups,6,5,1,0,28.83,81.42,7.9,1002.57,4.6,1,462.5,3655.7,44.0,51.4,53.8,45.76,49.44
2026-06-14,Ramna,45.5,126,Unhealthy for Sensitive Groups,6,6,0,0,28.46,86.88,9.54,1000.87,11.8,1,471.46,4496.5,43.1,44.0,51.4,45.31,49.39
2026-06-15,Ramna,36.0,102,Unhealthy for Sensitive Groups,6,0,0,0,28.78,83.67,8.63,1001.41,10.0,1,442.29,3818.5,45.5,43.1,44.0,44.99,48.73
2026-06-16,Ramna,50.6,138,Unhealthy for Sensitive Groups,6,1,0,0,28.78,82.17,7.27,1002.63,2.6,1,423.33,3076.2,36.0,45.5,43.1,46.34,48.89
2026-06-17,Ramna,38.0,107,Unhealthy for Sensitive Groups,6,2,0,0,29.6,78.0,8.95,1002.91,0.4,0,647.29,5793.3,50.6,36.0,45.5,44.09,48.71
2026-06-18,Ramna,39.9,112,Unhealthy for Sensitive Groups,6,3,0,0,29.05,81.25,9.59,1002.58,5.2,1,600.62,5758.5,38.0,50.6,36.0,42.44,48.45
2026-06-19,Ramna,48.0,132,Unhealthy for Sensitive Groups,6,4,1,0,28.1,84.79,6.32,1002.72,0.9,0,456.25,2882.0,39.9,38.0,50.6,43.01,47.88
2026-06-20,Ramna,40.7,114,Unhealthy for Sensitive Groups,6,5,1,0,29.59,79.83,9.17,1002.54,2.7,1,572.08,5246.5,48.0,39.9,38.0,42.67,46.93
2026-06-21,Ramna,39.9,112,Unhealthy for Sensitive Groups,6,6,0,0,29.22,81.58,11.82,1001.88,10.3,1,634.38,7498.8,40.7,48.0,39.9,41.87,46.2
2026-06-22,Ramna,45.3,125,Unhealthy for Sensitive Groups,6,0,0,0,28.85,79.46,7.68,1001.98,2.1,1,523.54,4020.4,39.9,40.7,48.0,43.2,46.06
2026-06-23,Ramna,45.4,125,Unhealthy for Sensitive Groups,6,1,0,0,29.32,80.67,8.62,999.7,6.9,1,503.75,4344.8,45.3,39.9,40.7,42.46,46.26
2026-06-24,Ramna,51.6,141,Unhealthy for Sensitive Groups,6,2,0,0,29.26,80.46,8.5,1000.05,0.9,0,444.38,3777.2,45.4,45.3,39.9,44.4,46.46
2026-06-25,Ramna,43.6,121,Unhealthy for Sensitive Groups,6,3,0,0,29.41,80.0,7.48,1001.54,3.8,1,496.25,3711.5,51.6,45.4,45.3,44.93,45.91
2026-06-26,Ramna,34.8,99,Moderate,6,4,1,0,29.69,78.38,6.96,1002.65,0.4,0,595.62,4144.6,43.6,51.6,45.4,43.04,45.19
2026-06-27,Ramna,30.8,91,Moderate,6,5,1,0,30.74,73.25,10.39,1001.78,0.9,0,729.58,7578.5,34.8,43.6,51.6,41.63,44.41
2026-06-28,Ramna,33.8,97,Moderate,6,6,0,0,30.26,77.54,11.55,1000.32,4.0,1,720.0,8316.0,30.8,34.8,43.6,40.76,44.17
2026-06-29,Ramna,40.1,112,Unhealthy for Sensitive Groups,6,0,0,0,29.52,79.62,9.7,999.69,3.7,1,603.75,5858.9,33.8,30.8,34.8,40.01,43.94
2026-06-30,Ramna,46.9,129,Unhealthy for Sensitive Groups,6,1,0,0,29.47,79.17,5.9,999.39,6.2,1,518.75,3062.8,40.1,33.8,30.8,40.23,43.96
2026-07-01,Ramna,40.7,114,Unhealthy for Sensitive Groups,7,2,0,0,29.12,81.62,8.19,999.12,8.9,1,519.58,4254.1,46.9,40.1,33.8,38.67,43.94
2026-07-02,Ramna,39.5,111,Unhealthy for Sensitive Groups,7,3,0,0,29.78,79.42,8.94,999.08,3.0,1,610.21,5453.7,40.7,46.9,40.1,38.09,43.82
2026-07-03,Ramna,34.5,98,Moderate,7,4,1,0,30.8,74.21,10.96,998.39,3.3,1,742.08,8135.1,39.5,40.7,46.9,38.04,43.43
2026-07-04,Ramna,24.6,80,Moderate,7,5,1,0,31.65,67.92,13.4,996.03,2.6,1,941.46,12611.6,34.5,39.5,40.7,37.16,42.58
2026-07-05,Ramna,20.5,72,Moderate,7,6,0,0,28.56,81.88,19.87,995.71,14.4,1,866.04,17209.0,24.6,34.5,39.5,35.26,41.73
2026-07-06,Ramna,32.5,95,Moderate,7,0,0,0,27.95,86.58,16.02,998.02,16.7,1,668.75,10711.1,20.5,24.6,34.5,34.17,40.78
2026-07-07,Ramna,34.9,99,Moderate,7,1,0,0,27.5,90.54,10.76,1000.18,14.7,1,452.5,4868.1,32.5,20.5,24.6,32.46,40.33
2026-07-08,Ramna,35.9,102,Unhealthy for Sensitive Groups,7,2,0,0,27.43,93.17,10.84,1000.19,44.5,1,485.62,5265.0,34.9,32.5,20.5,31.77,40.25
2026-07-09,Ramna,32.8,95,Moderate,7,3,0,0,27.32,92.08,11.78,1000.49,21.7,1,550.0,6478.5,35.9,34.9,32.5,30.81,39.97
2026-07-10,Ramna,28.5,87,Moderate,7,4,1,0,27.24,92.33,11.64,998.73,34.7,1,477.92,5561.8,32.8,35.9,34.9,29.96,39.13
2026-07-11,Ramna,45.6,126,Unhealthy for Sensitive Groups,7,5,1,0,27.8,88.71,10.67,997.35,18.3,1,489.17,5217.8,28.5,32.8,35.9,32.96,38.93
2026-07-12,Ramna,41.2,115,Unhealthy for Sensitive Groups,7,6,0,0,28.15,88.21,9.58,995.63,45.5,1,463.96,4444.3,45.6,28.5,32.8,35.91,38.84
2026-07-13,Ramna,55.8,151,Unhealthy,7,0,0,0,27.57,91.79,6.93,997.35,15.6,1,267.5,1854.7,41.2,45.6,28.5,39.24,39.26
2026-07-14,Ramna,49.8,136,Unhealthy for Sensitive Groups,7,1,0,0,29.38,82.12,6.74,998.06,3.2,1,479.58,3231.2,55.8,41.2,45.6,41.37,39.41
2026-07-15,Ramna,41.9,117,Unhealthy for Sensitive Groups,7,2,0,0,29.38,80.29,7.9,999.41,5.3,1,596.67,4711.2,49.8,55.8,41.2,42.23,39.6
2026-07-16,Ramna,38.2,108,Unhealthy for Sensitive Groups,7,3,0,0,29.21,78.92,15.18,1000.02,2.8,1,808.75,12276.2,41.9,49.8,55.8,43.0,39.19
2026-07-17,Ramna,38.8,109,Unhealthy for Sensitive Groups,7,4,1,0,28.62,82.88,15.64,1000.33,4.1,1,758.96,11871.4,38.2,41.9,49.8,44.47,39.22
2026-07-18,Ramna,34.7,99,Moderate,7,5,1,0,29.24,78.67,14.8,1001.3,5.0,1,848.75,12558.0,38.8,38.2,41.9,42.91,39.04
2026-07-19,Ramna,33.2,96,Moderate,7,6,0,0,27.86,87.21,13.26,1002.48,13.0,1,642.08,8515.6,34.7,38.8,38.2,41.77,38.55
2026-07-20,Ramna,34.2,98,Moderate,7,0,0,0,26.66,93.0,9.12,1002.87,25.1,1,404.79,3690.4,33.2,34.7,38.8,38.69,38.33
2026-07-21,Ramna,40.0,112,Unhealthy for Sensitive Groups,7,1,0,0,27.28,88.08,10.85,1002.58,11.2,1,497.5,5397.9,34.2,33.2,34.7,37.29,38.34
2026-07-22,Ramna,32.2,94,Moderate,7,2,0,0,27.21,87.21,12.48,1002.25,17.9,1,575.62,7180.9,40.0,34.2,33.2,35.9,37.9
2026-07-23,Ramna,29.2,88,Moderate,7,3,0,0,27.08,87.92,10.29,1001.58,15.7,1,524.79,5401.0,32.2,40.0,34.2,34.61,37.36
2026-07-24,Ramna,33.6,97,Moderate,7,4,1,0,27.8,83.33,9.85,999.95,3.7,1,555.0,5464.4,29.2,32.2,40.0,33.87,36.76
2026-07-25,Ramna,36.7,104,Unhealthy for Sensitive Groups,7,5,1,0,28.73,78.58,11.0,999.65,2.3,1,607.5,6682.5,33.6,29.2,32.2,34.16,36.53
2026-07-26,Ramna,35.6,101,Unhealthy for Sensitive Groups,7,6,0,0,29.21,77.25,12.11,998.32,0.9,0,749.79,9081.9,36.7,33.6,29.2,34.5,36.56
2026-07-27,Ramna,29.8,90,Moderate,7,0,0,0,28.45,81.75,16.22,996.65,8.2,1,796.67,12919.3,35.6,36.7,33.6,33.87,36.52
2026-07-28,Ramna,37.0,105,Unhealthy for Sensitive Groups,7,1,0,0,28.44,82.38,15.16,997.14,6.3,1,761.67,11545.6,29.8,35.6,36.7,33.44,36.63
2026-07-29,Ramna,33.1,96,Moderate,7,2,0,0,28.05,86.08,13.1,998.4,7.1,1,618.12,8094.9,37.0,29.8,35.6,33.57,36.4
2026-07-30,Ramna,34.7,99,Moderate,7,3,0,0,26.98,91.42,11.66,1000.13,18.9,1,514.58,5999.2,33.1,37.0,29.8,34.36,35.99
2026-07-31,Ramna,34.1,98,Moderate,7,4,1,0,28.64,83.88,9.38,1001.28,3.2,1,570.0,5343.8,34.7,33.1,37.0,34.43,35.77
2026-08-01,Ramna,26.5,83,Moderate,8,5,1,0,28.54,85.29,9.38,1000.54,10.4,1,487.92,4574.2,34.1,34.7,33.1,32.97,35.34
2026-08-02,Ramna,29.5,89,Moderate,8,6,0,0,28.13,88.96,8.48,1000.77,30.1,1,412.08,3492.4,26.5,34.1,34.7,32.1,35.17
2025-12-24,Uttara,209.0,284,Very Unhealthy,12,2,0,1,19.52,69.42,7.74,1013.41,0.0,0,476.88,3689.8,196.0,202.0,195.0,178.29,161.33
2025-12-25,Uttara,194.0,269,Very Unhealthy,12,3,0,1,18.35,70.79,5.47,1014.52,0.0,0,447.92,2448.6,209.0,196.0,202.0,187.14,163.38
2025-12-26,Uttara,228.0,306,Hazardous,12,4,1,1,18.27,69.08,5.11,1014.23,0.0,0,396.46,2025.2,194.0,209.0,196.0,199.57,167.18
2025-12-27,Uttara,178.0,253,Very Unhealthy,12,5,1,1,18.65,70.08,4.77,1014.13,0.0,0,430.0,2049.7,228.0,194.0,209.0,200.29,167.78
2025-12-28,Uttara,142.0,217,Very Unhealthy,12,6,0,1,18.13,74.83,7.6,1015.03,0.0,0,407.71,3098.6,178.0,228.0,194.0,192.71,166.42
2025-12-29,Uttara,91.4,176,Unhealthy,12,0,0,1,17.22,76.58,7.63,1015.17,0.0,0,420.21,3207.6,142.0,178.0,228.0,176.91,162.67
2025-12-30,Uttara,78.4,167,Unhealthy,12,1,0,1,15.52,77.46,6.91,1014.1,0.0,0,405.62,2803.9,91.4,142.0,178.0,160.11,158.66
2025-12-31,Uttara,140.0,215,Very Unhealthy,12,2,0,1,16.0,74.12,6.07,1012.72,0.0,0,358.33,2175.4,78.4,91.4,142.0,150.26,157.81
2026-01-01,Uttara,247.0,344,Hazardous,1,3,0,1,17.27,75.54,6.39,1013.0,0.0,0,314.58,2010.7,140.0,78.4,91.4,157.83,161.69
2026-01-02,Uttara,234.0,318,Hazardous,1,4,1,1,17.8,72.62,7.42,1014.26,0.0,0,491.25,3645.5,247.0,140.0,78.4,158.69,164.7
2026-01-03,Uttara,267.0,384,Hazardous,1,5,1,1,17.22,72.88,5.96,1016.12,0.0,0,413.12,2463.3,234.0,247.0,140.0,171.4,168.79
2026-01-04,Uttara,284.0,418,Hazardous,1,6,0,1,16.55,75.04,7.58,1017.23,0.0,0,448.12,3398.3,267.0,234.0,247.0,191.69,173.22
2026-01-05,Uttara,141.0,216,Very Unhealthy,1,0,0,1,15.54,77.25,8.52,1018.17,0.0,0,432.5,3683.5,284.0,267.0,234.0,198.77,172.03
2026-01-06,Uttara,146.0,221,Very Unhealthy,1,1,0,1,16.15,74.79,9.12,1017.95,0.0,0,493.96,4507.4,141.0,284.0,267.0,208.43,171.1
2026-01-07,Uttara,220.0,295,Very Unhealthy,1,2,0,1,17.06,74.04,9.15,1018.16,0.0,0,397.29,3633.6,146.0,141.0,284.0,219.86,172.79
2026-01-08,Uttara,259.0,368,Hazardous,1,3,0,1,17.62,69.38,8.46,1018.32,0.0,0,429.79,3637.1,220.0,146.0,141.0,221.57,175.66
2026-01-09,Uttara,239.0,328,Hazardous,1,4,1,1,18.73,69.62,8.08,1016.62,0.0,0,503.75,4072.0,259.0,220.0,146.0,222.29,178.43
2026-01-10,Uttara,276.0,402,Hazardous,1,5,1,1,18.65,69.62,9.35,1015.73,0.0,0,500.42,4681.0,239.0,259.0,220.0,223.57,182.23
2026-01-11,Uttara,215.0,290,Very Unhealthy,1,6,0,1,19.45,67.12,9.19,1016.88,0.0,0,505.83,4649.5,276.0,239.0,259.0,213.71,183.99
2026-01-12,Uttara,222.0,297,Very Unhealthy,1,0,0,1,19.73,64.54,8.3,1017.66,0.0,0,508.96,4222.2,215.0,276.0,239.0,225.29,187.23
2026-01-13,Uttara,208.0,283,Very Unhealthy,1,1,0,1,20.12,65.67,9.11,1015.92,0.0,0,489.17,4457.5,222.0,215.0,276.0,234.14,190.66
2026-01-14,Uttara,234.0,318,Hazardous,1,2,0,1,20.31,63.12,7.58,1013.73,0.0,0,649.58,4923.3,208.0,222.0,215.0,236.14,194.03
2026-01-15,Uttara,232.0,314,Hazardous,1,3,0,1,20.22,63.92,9.17,1013.22,0.0,0,561.04,5147.6,234.0,208.0,222.0,232.29,195.63
2026-01-16,Uttara,231.0,312,Hazardous,1,4,1,1,20.5,59.62,7.88,1013.21,0.0,0,642.71,5061.3,232.0,234.0,208.0,231.14,198.49
2026-01-17,Uttara,210.0,285,Very Unhealthy,1,5,1,1,21.05,60.25,7.35,1012.03,0.0,0,550.0,4040.2,231.0,232.0,234.0,221.71,201.09
2026-01-18,Uttara,209.0,284,Very Unhealthy,1,6,0,1,21.23,61.58,5.25,1011.47,0.0,0,501.04,2628.4,210.0,231.0,232.0,220.86,203.36
2026-01-19,Uttara,218.0,293,Very Unhealthy,1,0,0,1,21.35,62.38,6.38,1012.32,0.0,0,475.62,3036.1,209.0,210.0,231.0,220.29,204.86
2026-01-20,Uttara,242.0,334,Hazardous,1,1,0,1,21.39,60.67,6.27,1013.47,0.0,0,424.58,2662.5,218.0,209.0,210.0,225.14,206.43
2026-01-21,Uttara,265.0,380,Hazardous,1,2,0,1,21.52,61.21,6.32,1014.68,0.0,0,624.79,3946.6,242.0,218.0,209.0,229.57,208.53
2026-01-22,Uttara,194.0,269,Very Unhealthy,1,3,0,1,21.04,55.62,7.37,1015.81,0.0,0,570.62,4206.0,265.0,242.0,218.0,224.14,208.46
2026-01-23,Uttara,231.0,312,Hazardous,1,4,1,1,20.85,54.42,4.4,1016.87,0.0,0,481.46,2120.4,194.0,265.0,242.0,224.14,209.19
2026-01-24,Uttara,238.0,326,Hazardous,1,5,1,1,20.79,52.17,5.38,1016.83,0.0,0,491.88,2647.9,231.0,194.0,265.0,228.14,210.66
2026-01-25,Uttara,252.0,354,Hazardous,1,6,0,1,21.17,60.42,6.43,1015.46,0.0,0,566.04,3641.5,238.0,231.0,194.0,234.29,211.46
2026-01-26,Uttara,211.0,286,Very Unhealthy,1,0,0,1,21.15,60.58,7.73,1016.93,0.0,0,553.12,4275.2,252.0,238.0,231.0,233.29,212.56
2026-01-27,Uttara,194.0,269,Very Unhealthy,1,1,0,1,20.96,61.88,6.72,1017.28,0.0,0,449.17,3018.8,211.0,252.0,238.0,226.43,214.29
2026-01-28,Uttara,202.0,277,Very Unhealthy,1,2,0,1,21.61,63.5,5.26,1015.64,0.0,0,460.83,2423.2,194.0,211.0,252.0,217.43,217.98
2026-01-29,Uttara,240.0,330,Hazardous,1,3,0,1,22.14,63.92,6.19,1015.18,0.0,0,491.25,3041.7,202.0,194.0,211.0,224.0,223.37
2026-01-30,Uttara,152.0,227,Very Unhealthy,1,4,1,1,21.38,59.46,8.6,1016.87,0.0,0,524.38,4509.6,240.0,202.0,194.0,212.71,223.77
2026-01-31,Uttara,145.0,220,Very Unhealthy,1,5,1,1,20.76,61.38,8.13,1017.11,0.0,0,427.92,3478.6,152.0,240.0,202.0,199.43,220.37
2026-02-01,Uttara,194.0,269,Very Unhealthy,2,6,0,1,20.89,66.62,7.78,1016.84,0.0,0,428.96,3335.2,145.0,152.0,240.0,191.14,219.03
2026-02-02,Uttara,211.0,286,Very Unhealthy,2,0,0,1,21.68,65.67,6.23,1016.37,0.0,0,407.29,2537.1,194.0,145.0,152.0,191.14,217.17
2026-02-03,Uttara,200.0,275,Very Unhealthy,2,1,0,1,22.42,60.88,5.77,1016.92,0.0,0,500.62,2889.0,211.0,194.0,145.0,192.0,214.37
2026-02-04,Uttara,207.0,282,Very Unhealthy,2,2,0,1,22.74,62.08,7.74,1016.61,0.0,0,524.17,4057.9,200.0,211.0,194.0,192.71,216.57
2026-02-05,Uttara,155.0,230,Very Unhealthy,2,3,0,1,21.73,53.33,8.3,1016.63,0.0,0,561.46,4657.8,207.0,200.0,211.0,180.57,216.87
2026-02-06,Uttara,141.0,216,Very Unhealthy,2,4,1,1,20.3,52.96,8.65,1016.02,0.0,0,484.17,4190.1,155.0,207.0,200.0,179.0,214.23
2026-02-07,Uttara,152.0,227,Very Unhealthy,2,5,1,1,19.98,58.08,7.05,1014.3,0.0,0,476.67,3360.5,141.0,155.0,207.0,180.0,210.67
2026-02-08,Uttara,169.0,244,Very Unhealthy,2,6,0,1,20.7,56.71,7.12,1013.7,0.0,0,549.58,3911.2,152.0,141.0,155.0,176.43,208.33
2026-02-09,Uttara,178.0,253,Very Unhealthy,2,0,0,1,21.18,53.58,6.48,1013.4,0.0,0,514.38,3330.6,169.0,152.0,141.0,171.71,205.07
2026-02-10,Uttara,229.0,308,Hazardous,2,1,0,1,22.05,56.58,6.22,1014.42,0.0,0,590.62,3676.6,178.0,169.0,152.0,175.86,205.53
2026-02-11,Uttara,215.0,290,Very Unhealthy,2,2,0,1,23.09,55.33,6.91,1016.05,0.0,0,568.96,3930.6,229.0,178.0,169.0,177.0,205.3
2026-02-12,Uttara,164.0,239,Very Unhealthy,2,3,0,1,22.43,50.71,7.41,1015.15,0.0,0,561.67,4163.4,215.0,229.0,178.0,178.29,203.83
2026-02-13,Uttara,177.0,252,Very Unhealthy,2,4,1,1,22.47,53.46,7.68,1013.56,0.0,0,530.42,4073.2,164.0,215.0,229.0,183.43,201.93
2026-02-14,Uttara,124.0,199,Unhealthy,2,5,1,1,22.72,48.29,8.81,1012.31,0.0,0,533.12,4698.2,177.0,164.0,215.0,179.43,198.33
2026-02-15,Uttara,186.0,261,Very Unhealthy,2,6,0,1,22.2,50.67,6.36,1012.34,0.0,0,500.83,3186.6,124.0,177.0,164.0,181.86,196.83
2026-02-16,Uttara,193.0,268,Very Unhealthy,2,0,0,1,22.75,54.96,6.21,1012.63,0.0,0,563.54,3501.0,186.0,124.0,177.0,184.0,196.27
2026-02-17,Uttara,189.0,264,Very Unhealthy,2,1,0,1,23.86,51.92,5.68,1012.0,0.0,0,465.83,2645.5,193.0,186.0,124.0,178.29,195.6
2026-02-18,Uttara,197.0,272,Very Unhealthy,2,2,0,1,24.67,49.25,5.27,1012.31,0.0,0,522.29,2750.7,189.0,193.0,186.0,175.71,194.9
2026-02-19,Uttara,264.0,378,Hazardous,2,3,0,1,25.52,46.12,6.19,1013.5,0.0,0,636.67,3942.0,197.0,189.0,193.0,190.0,195.63
2026-02-20,Uttara,235.0,320,Hazardous,2,4,1,1,25.8,48.54,6.9,1013.97,0.0,0,619.79,4276.6,264.0,197.0,189.0,198.29,194.63
2026-02-21,Uttara,174.0,249,Very Unhealthy,2,5,1,1,25.74,49.17,7.22,1010.77,0.0,0,586.25,4233.2,235.0,264.0,197.0,205.43,193.97
2026-02-22,Uttara,197.0,272,Very Unhealthy,2,6,0,1,25.44,50.83,5.38,1009.0,0.0,0,671.46,3611.9,174.0,235.0,264.0,207.0,192.83
2026-02-23,Uttara,249.0,348,Hazardous,2,0,0,1,26.14,48.42,5.31,1009.18,0.0,0,790.62,4196.9,197.0,174.0,235.0,215.0,193.2
2026-02-24,Uttara,213.0,288,Very Unhealthy,2,1,0,1,24.62,58.58,5.55,1010.42,0.0,0,444.38,2464.4,249.0,197.0,174.0,218.43,191.9
2026-02-25,Uttara,254.0,358,Hazardous,2,2,0,1,25.41,56.17,6.68,1010.4,0.0,0,798.75,5338.3,213.0,249.0,197.0,226.57,193.33
2026-02-26,Uttara,201.0,276,Very Unhealthy,2,3,0,1,25.19,49.75,6.21,1009.28,0.0,0,912.92,5667.7,254.0,213.0,249.0,217.57,193.57
2026-02-27,Uttara,215.0,290,Very Unhealthy,2,4,1,1,25.29,44.0,8.25,1007.53,0.0,0,881.04,7272.3,201.0,254.0,213.0,214.71,194.0
2026-02-28,Uttara,196.0,271,Very Unhealthy,2,5,1,1,25.48,41.71,7.68,1006.88,0.0,0,831.04,6381.7,215.0,201.0,254.0,217.86,192.53
2026-03-01,Uttara,117.0,194,Unhealthy,3,6,0,1,26.36,51.92,10.13,1007.32,0.0,0,701.46,7105.2,196.0,215.0,201.0,206.43,191.37
2026-03-02,Uttara,128.0,203,Very Unhealthy,3,0,0,1,25.9,68.54,6.58,1009.08,4.2,1,475.21,3124.5,117.0,196.0,215.0,189.14,190.8
2026-03-03,Uttara,180.0,255,Very Unhealthy,3,1,0,1,25.94,60.75,4.74,1010.25,0.0,0,787.29,3733.1,128.0,117.0,196.0,184.43,190.33
2026-03-04,Uttara,200.0,275,Very Unhealthy,3,2,0,1,25.95,46.92,5.77,1010.47,0.0,0,776.67,4478.8,180.0,128.0,117.0,176.71,189.97
2026-03-05,Uttara,222.0,297,Very Unhealthy,3,3,0,1,26.86,48.21,4.46,1008.72,0.0,0,651.46,2907.1,200.0,180.0,128.0,179.71,190.7
2026-03-06,Uttara,221.0,296,Very Unhealthy,3,4,1,1,27.85,47.5,6.13,1009.14,0.0,0,785.0,4811.4,222.0,200.0,180.0,180.57,191.17
2026-03-07,Uttara,141.0,216,Very Unhealthy,3,5,1,1,27.32,52.5,7.44,1010.94,0.0,0,675.0,5023.1,221.0,222.0,200.0,172.71,190.7
2026-03-08,Uttara,102.0,184,Unhealthy,3,6,0,1,26.6,63.75,6.77,1011.94,0.2,0,618.54,4188.0,141.0,221.0,222.0,170.57,189.4
2026-03-09,Uttara,135.0,210,Very Unhealthy,3,0,0,1,26.4,69.83,5.02,1012.86,0.2,0,596.25,2991.2,102.0,141.0,221.0,171.57,188.83
2026-03-10,Uttara,164.0,239,Very Unhealthy,3,1,0,1,27.98,60.67,2.25,1013.12,0.7,0,595.62,1340.2,135.0,102.0,141.0,169.29,188.67
2026-03-11,Uttara,167.0,242,Very Unhealthy,3,2,0,1,28.02,65.21,5.48,1011.08,0.7,0,632.71,3466.7,164.0,135.0,102.0,164.57,188.3
2026-03-12,Uttara,99.1,182,Unhealthy,3,3,0,1,27.32,68.54,8.08,1009.02,0.1,0,609.38,4923.2,167.0,164.0,135.0,147.01,183.97
2026-03-13,Uttara,72.7,163,Unhealthy,3,4,1,1,25.5,78.71,10.67,1008.05,3.3,1,543.96,5804.5,99.1,167.0,164.0,125.83,179.23
2026-03-14,Uttara,53.6,146,Unhealthy for Sensitive Groups,3,5,1,1,26.97,72.04,15.35,1009.56,16.5,1,731.67,11234.1,72.7,99.1,167.0,113.34,175.55
2026-03-15,Uttara,45.9,127,Unhealthy for Sensitive Groups,3,6,0,1,24.63,79.62,14.58,1010.45,11.0,1,596.25,8692.8,53.6,72.7,99.1,105.33,171.18
2026-03-16,Uttara,56.4,152,Unhealthy,3,0,0,1,25.85,71.5,12.08,1009.1,0.5,0,648.54,7833.8,45.9,53.6,72.7,94.1,168.92
2026-03-17,Uttara,47.7,131,Unhealthy for Sensitive Groups,3,1,0,1,26.15,70.33,11.15,1008.86,7.4,1,634.58,7078.2,56.4,45.9,53.6,77.49,164.31
2026-03-18,Uttara,43.2,120,Unhealthy for Sensitive Groups,3,2,0,1,24.48,81.46,9.68,1010.78,11.2,1,424.38,4107.6,47.7,56.4,45.9,59.8,159.32
2026-03-19,Uttara,54.2,147,Unhealthy for Sensitive Groups,3,3,0,1,25.1,71.83,6.53,1011.02,0.0,0,428.54,2799.8,43.2,47.7,56.4,53.39,154.83
2026-03-20,Uttara,76.2,166,Unhealthy,3,4,1,1,23.81,78.29,8.62,1010.28,0.4,0,281.88,2431.2,54.2,43.2,47.7,53.89,150.8
2026-03-21,Uttara,62.9,156,Unhealthy,3,5,1,1,21.66,79.67,4.65,1011.61,14.9,1,348.75,1623.1,76.2,54.2,43.2,55.21,144.1
2026-03-22,Uttara,65.6,158,Unhealthy,3,6,0,1,22.42,72.0,7.45,1011.15,0.5,0,582.08,4336.5,62.9,76.2,54.2,58.03,138.45
2026-03-23,Uttara,113.0,191,Unhealthy,3,0,0,1,23.93,65.04,5.28,1011.83,0.2,0,625.62,3302.8,65.6,62.9,76.2,66.11,136.42
2026-03-24,Uttara,94.1,178,Unhealthy,3,1,0,1,25.93,63.83,7.69,1009.68,0.5,0,796.04,6122.9,113.0,65.6,62.9,72.74,132.99
2026-03-25,Uttara,74.0,164,Unhealthy,3,2,0,1,26.25,70.5,7.57,1009.57,4.3,1,526.88,3988.9,94.1,113.0,65.6,77.14,127.15
2026-03-26,Uttara,102.0,184,Unhealthy,3,3,0,1,27.85,62.29,3.67,1010.1,0.0,0,736.46,2703.4,74.0,94.1,113.0,83.97,123.45
2026-03-27,Uttara,95.2,179,Unhealthy,3,4,1,1,29.02,57.38,7.05,1007.41,0.2,0,807.92,5695.8,102.0,74.0,94.1,86.69,118.16
2026-03-28,Uttara,53.2,145,Unhealthy for Sensitive Groups,3,5,1,1,26.08,68.04,9.01,1006.93,0.1,0,566.46,5102.8,95.2,102.0,74.0,85.3,113.23
2026-03-29,Uttara,81.9,170,Unhealthy,3,6,0,1,26.21,72.67,5.77,1007.73,3.2,1,466.67,2691.1,53.2,95.2,102.0,87.63,108.8
2026-03-30,Uttara,71.4,162,Unhealthy,3,0,0,1,26.44,79.88,7.72,1007.96,17.6,1,493.96,3811.7,81.9,53.2,95.2,81.69,104.64
2026-03-31,Uttara,66.7,159,Unhealthy,3,1,0,1,25.71,83.12,6.84,1009.11,4.8,1,420.0,2871.8,71.4,81.9,53.2,77.77,102.97
2026-04-01,Uttara,53.9,146,Unhealthy for Sensitive Groups,4,2,0,1,27.32,79.12,8.95,1008.75,3.5,1,548.33,4907.6,66.7,71.4,81.9,74.9,100.5
2026-04-02,Uttara,72.9,163,Unhealthy,4,3,0,1,28.41,77.0,10.61,1008.12,4.0,1,561.04,5954.1,53.9,66.7,71.4,70.74,96.93
2026-04-03,Uttara,51.0,139,Unhealthy for Sensitive Groups,4,4,1,1,29.69,72.88,9.67,1007.15,0.0,0,747.29,7226.9,72.9,53.9,66.7,64.43,91.96
2026-04-04,Uttara,79.3,168,Unhealthy,4,5,1,1,29.95,72.29,8.73,1005.82,0.0,0,734.17,6411.7,51.0,72.9,53.9,68.16,87.2
2026-04-05,Uttara,59.2,154,Unhealthy,4,6,0,1,28.48,68.21,12.46,1005.98,1.3,1,607.71,7571.0,79.3,51.0,72.9,64.91,81.81
2026-04-06,Uttara,95.2,179,Unhealthy,4,0,0,1,27.84,63.21,5.97,1007.94,0.0,0,664.38,3966.9,59.2,79.3,51.0,68.31,80.28
2026-04-07,Uttara,56.6,152,Unhealthy,4,1,0,1,27.74,60.96,8.8,1008.83,1.3,1,859.58,7560.8,95.2,59.2,79.3,66.87,78.77
2026-04-08,Uttara,67.7,160,Unhealthy,4,2,0,1,26.92,60.71,7.59,1009.21,1.5,1,816.25,6193.3,56.6,95.2,59.2,68.84,76.53
2026-04-09,Uttara,65.0,158,Unhealthy,4,3,0,1,24.11,84.12,7.62,1010.15,7.2,1,415.62,3167.4,67.7,56.6,95.2,67.71,73.23
2026-04-10,Uttara,87.9,174,Unhealthy,4,4,1,1,25.06,75.33,7.62,1010.18,0.1,0,582.71,4440.7,65.0,67.7,56.6,72.99,70.59
2026-04-11,Uttara,94.8,179,Unhealthy,4,5,1,1,26.88,67.38,9.72,1009.02,0.0,0,777.08,7557.1,87.9,65.0,67.7,75.2,70.45
2026-04-12,Uttara,59.5,154,Unhealthy,4,6,0,1,28.68,63.54,11.82,1006.15,0.0,0,801.88,9478.8,94.8,87.9,65.0,75.24,70.01
2026-04-13,Uttara,63.8,157,Unhealthy,4,0,0,1,29.86,68.29,12.62,1006.91,0.9,0,855.0,10787.2,59.5,94.8,87.9,70.76,70.35
2026-04-14,Uttara,54.0,147,Unhealthy for Sensitive Groups,4,1,0,1,29.45,71.62,10.99,1007.08,1.9,1,769.79,8461.3,63.8,59.5,94.8,70.39,70.62
2026-04-15,Uttara,55.9,151,Unhealthy,4,2,0,1,30.35,68.08,11.7,1005.43,0.7,0,921.46,10777.2,54.0,63.8,59.5,68.7,70.6
2026-04-16,Uttara,70.5,162,Unhealthy,4,3,0,1,28.81,75.38,8.17,1007.2,2.6,1,582.92,4762.9,55.9,54.0,63.8,69.49,71.36
2026-04-17,Uttara,57.4,152,Unhealthy,4,4,1,1,28.68,77.33,5.69,1008.08,0.3,0,520.62,2961.1,70.5,55.9,54.0,65.13,71.83
2026-04-18,Uttara,57.8,153,Unhealthy,4,5,1,1,29.48,75.46,6.4,1006.94,0.8,0,628.12,4020.0,57.4,70.5,55.9,59.84,71.95
2026-04-19,Uttara,73.7,164,Unhealthy,4,6,0,1,28.89,76.54,11.0,1005.8,10.5,1,710.0,7813.0,57.8,57.4,70.5,61.87,71.87
2026-04-20,Uttara,47.7,131,Unhealthy for Sensitive Groups,4,0,0,1,30.8,72.58,14.94,1004.06,0.8,0,868.33,12970.7,73.7,57.8,57.4,59.57,71.36
2026-04-21,Uttara,44.5,123,Unhealthy for Sensitive Groups,4,1,0,1,31.01,71.08,16.1,1003.44,0.2,0,864.17,13909.5,47.7,73.7,57.8,58.21,70.66
2026-04-22,Uttara,49.1,134,Unhealthy for Sensitive Groups,4,2,0,1,30.48,69.25,12.92,1004.44,0.0,0,748.54,9668.7,44.5,47.7,73.7,57.24,68.53
2026-04-23,Uttara,65.5,158,Unhealthy,4,3,0,1,31.11,67.33,9.17,1004.95,0.2,0,746.25,6843.7,49.1,44.5,47.7,56.53,67.58
2026-04-24,Uttara,67.1,159,Unhealthy,4,4,1,1,31.91,65.38,9.46,1005.72,0.0,0,670.0,6337.1,65.5,49.1,44.5,57.91,67.35
2026-04-25,Uttara,68.3,160,Unhealthy,4,5,1,1,32.05,62.5,8.73,1006.98,0.1,0,675.83,5899.5,67.1,65.5,49.1,59.41,66.22
2026-04-26,Uttara,47.5,131,Unhealthy for Sensitive Groups,4,6,0,1,28.3,76.38,10.75,1006.58,0.9,0,722.08,7765.4,68.3,67.1,65.5,55.67,64.63
2026-04-27,Uttara,47.2,130,Unhealthy for Sensitive Groups,4,0,0,1,25.46,86.12,13.08,1004.11,35.0,1,524.58,6861.1,47.5,68.3,67.1,55.6,64.43
2026-04-28,Uttara,39.6,111,Unhealthy for Sensitive Groups,4,1,0,1,24.92,89.38,11.32,1004.09,10.5,1,403.96,4571.5,47.2,47.5,68.3,54.9,63.02
2026-04-29,Uttara,45.8,126,Unhealthy for Sensitive Groups,4,2,0,1,23.47,87.88,12.4,1006.85,5.4,1,422.5,5239.0,39.6,47.2,47.5,54.43,62.17
2026-04-30,Uttara,57.0,152,Unhealthy,4,3,0,1,24.44,83.5,8.6,1008.02,17.8,1,456.46,3927.4,45.8,39.6,47.2,53.21,61.85
2026-05-01,Uttara,50.1,137,Unhealthy for Sensitive Groups,5,4,1,0,24.25,84.83,7.62,1005.87,28.3,1,375.62,2861.0,57.0,45.8,39.6,50.79,61.72
2026-05-02,Uttara,48.3,133,Unhealthy for Sensitive Groups,5,5,1,0,24.7,83.38,8.41,1004.76,10.8,1,485.62,4085.3,50.1,57.0,45.8,47.93,60.9
2026-05-28,Uttara,38.6,109,Unhealthy for Sensitive Groups,5,3,0,0,27.81,78.52,8.8,1006.75,0.2,0,476.67,4196.9,48.3,50.1,57.0,46.66,60.49
2026-05-29,Uttara,43.7,121,Unhealthy for Sensitive Groups,5,4,1,0,27.59,81.46,6.69,1006.4,1.9,1,298.54,1996.5,38.6,48.3,50.1,46.16,59.3
2026-05-30,Uttara,45.0,124,Unhealthy for Sensitive Groups,5,5,1,0,28.52,73.62,3.92,1005.88,0.0,0,362.5,1421.3,43.7,38.6,48.3,46.93,58.83
2026-05-31,Uttara,56.5,152,Unhealthy,5,6,0,0,30.3,67.17,4.32,1005.66,0.0,0,462.08,1996.6,45.0,43.7,38.6,48.46,57.54
2026-06-01,Uttara,50.8,139,Unhealthy for Sensitive Groups,6,0,0,0,30.58,73.04,6.58,1006.31,0.7,0,590.62,3885.8,56.5,45.0,43.7,47.57,57.34
2026-06-02,Uttara,45.0,124,Unhealthy for Sensitive Groups,6,1,0,0,30.8,73.79,7.1,1005.16,0.0,0,621.25,4410.9,50.8,56.5,45.0,46.84,56.59
2026-06-03,Uttara,45.6,126,Unhealthy for Sensitive Groups,6,2,0,0,31.62,68.67,7.86,1002.56,0.0,0,710.21,5581.1,45.0,50.8,56.5,46.46,55.94
2026-06-04,Uttara,51.5,140,Unhealthy for Sensitive Groups,6,3,0,0,31.86,69.58,7.2,1001.53,1.4,1,741.67,5343.1,45.6,45.0,50.8,48.3,54.73
2026-06-05,Uttara,55.2,150,Unhealthy for Sensitive Groups,6,4,1,0,29.1,81.12,5.73,1001.95,12.6,1,382.5,2193.0,51.5,45.6,45.0,49.94,53.41
2026-06-06,Uttara,68.6,160,Unhealthy,6,5,1,0,29.67,78.88,5.2,1002.35,0.4,0,526.67,2736.5,55.2,51.5,45.6,53.31,53.71
2026-06-07,Uttara,51.5,140,Unhealthy for Sensitive Groups,6,6,0,0,29.24,80.88,7.42,1002.7,1.2,1,493.54,3662.5,68.6,55.2,51.5,52.6,53.3
2026-06-08,Uttara,40.3,113,Unhealthy for Sensitive Groups,6,0,0,0,29.45,79.33,8.47,1001.47,0.7,0,602.29,5101.9,51.5,68.6,55.2,51.1,52.84
2026-06-09,Uttara,43.3,120,Unhealthy for Sensitive Groups,6,1,0,0,28.22,83.29,11.15,1001.07,9.8,1,485.62,5416.7,40.3,51.5,68.6,50.86,52.42
2026-06-10,Uttara,52.6,143,Unhealthy for Sensitive Groups,6,2,0,0,27.9,84.08,9.27,1002.18,2.8,1,443.75,4112.1,43.3,40.3,51.5,51.86,51.83
2026-06-11,Uttara,51.5,140,Unhealthy for Sensitive Groups,6,3,0,0,29.3,77.29,7.09,1003.65,1.3,1,470.83,3339.0,52.6,43.3,40.3,51.86,51.63
2026-06-12,Uttara,46.7,129,Unhealthy for Sensitive Groups,6,4,1,0,29.2,77.71,5.24,1005.05,3.6,1,546.25,2861.0,51.5,52.6,43.3,50.64,51.26
2026-06-13,Uttara,48.9,134,Unhealthy for Sensitive Groups,6,5,1,0,28.96,80.12,7.62,1004.22,6.0,1,515.83,3933.2,46.7,51.5,52.6,47.83,50.43
2026-06-14,Uttara,46.5,128,Unhealthy for Sensitive Groups,6,6,0,0,29.01,82.67,9.48,1002.42,6.4,1,531.46,5035.6,48.9,46.7,51.5,47.11,50.39
2026-06-15,Uttara,37.3,105,Unhealthy for Sensitive Groups,6,0,0,0,29.45,78.71,9.1,1002.99,3.4,1,552.71,5027.3,46.5,48.9,46.7,46.69,50.15
2026-06-16,Uttara,54.0,147,Unhealthy for Sensitive Groups,6,1,0,0,29.12,79.75,7.36,1004.28,3.3,1,491.04,3615.3,37.3,46.5,48.9,48.21,50.32
2026-06-17,Uttara,36.5,103,Unhealthy for Sensitive Groups,6,2,0,0,29.75,77.17,8.77,1004.55,0.2,0,673.54,5907.5,54.0,37.3,46.5,45.91,49.35
2026-06-18,Uttara,43.8,121,Unhealthy for Sensitive Groups,6,3,0,0,29.17,79.58,9.36,1004.23,4.1,1,610.62,5717.0,36.5,54.0,37.3,44.81,48.57
2026-06-19,Uttara,56.4,152,Unhealthy,6,4,1,0,28.33,82.04,6.22,1004.34,0.3,0,503.33,3129.1,43.8,36.5,54.0,46.2,48.18
2026-06-20,Uttara,41.1,115,Unhealthy for Sensitive Groups,6,5,1,0,30.05,76.21,9.9,1004.12,1.6,1,646.04,6398.5,56.4,43.8,36.5,45.09,47.96
2026-06-21,Uttara,38.5,108,Unhealthy for Sensitive Groups,6,6,0,0,29.55,79.17,11.81,1003.45,8.7,1,680.42,8034.6,41.1,56.4,43.8,43.94,47.67
2026-06-22,Uttara,47.1,130,Unhealthy for Sensitive Groups,6,0,0,0,29.27,75.46,8.03,1003.62,3.0,1,595.0,4779.8,38.5,41.1,56.4,45.34,47.92
2026-06-23,Uttara,46.7,129,Unhealthy for Sensitive Groups,6,1,0,0,29.82,77.29,9.29,1001.31,5.5,1,611.46,5678.9,47.1,38.5,41.1,44.3,47.95
2026-06-24,Uttara,53.9,146,Unhealthy for Sensitive Groups,6,2,0,0,29.84,77.67,8.39,1001.61,2.1,1,558.96,4690.6,46.7,47.1,38.5,46.79,47.85
2026-06-25,Uttara,45.6,126,Unhealthy for Sensitive Groups,6,3,0,0,30.15,75.21,7.72,1003.11,2.9,1,606.04,4676.6,53.9,46.7,47.1,47.04,47.7
2026-06-26,Uttara,37.1,105,Unhealthy for Sensitive Groups,6,4,1,0,30.12,75.12,7.01,1004.28,1.1,1,640.83,4493.8,45.6,53.9,46.7,44.29,47.33
2026-06-27,Uttara,29.2,88,Moderate,6,5,1,0,31.26,69.96,11.06,1003.36,1.1,1,813.12,8991.8,37.1,45.6,53.9,42.59,47.01
2026-06-28,Uttara,32.8,95,Moderate,6,6,0,0,30.87,73.58,12.72,1001.87,1.7,1,805.42,10242.2,29.2,37.1,45.6,41.77,46.65
2026-06-29,Uttara,37.6,106,Unhealthy for Sensitive Groups,6,0,0,0,30.18,75.33,9.58,1001.26,1.9,1,701.46,6716.5,32.8,29.2,37.1,40.41,46.4
2026-06-30,Uttara,48.8,134,Unhealthy for Sensitive Groups,6,1,0,0,29.8,77.92,6.7,1001.01,8.5,1,588.54,3943.2,37.6,32.8,29.2,40.71,46.15
2026-07-01,Uttara,41.1,115,Unhealthy for Sensitive Groups,7,2,0,0,29.16,81.21,7.79,1000.78,8.8,1,527.92,4113.4,48.8,37.6,32.8,38.89,45.82
2026-07-02,Uttara,37.9,107,Unhealthy for Sensitive Groups,7,3,0,0,29.88,78.67,9.05,1000.78,3.3,1,599.38,5424.3,41.1,48.8,37.6,37.79,45.59
2026-07-03,Uttara,30.3,90,Moderate,7,4,1,0,31.13,72.79,11.29,1000.07,1.4,1,770.83,8704.0,37.9,41.1,48.8,36.81,45.08
2026-07-04,Uttara,15.2,62,Moderate,7,5,1,0,31.67,68.83,12.9,997.72,4.4,1,917.08,11826.6,30.3,37.9,41.1,34.81,43.87
2026-07-05,Uttara,8.58,47,Good,7,6,0,0,28.58,82.46,20.38,997.47,16.1,1,878.12,17899.1,15.2,30.3,37.9,31.35,42.31
2026-07-06,Uttara,19.4,70,Moderate,7,0,0,0,27.98,86.79,16.51,999.7,15.6,1,681.67,11256.0,8.58,15.2,30.3,28.75,40.67
2026-07-07,Uttara,29.7,89,Moderate,7,1,0,0,27.49,90.62,10.59,1001.78,13.0,1,423.75,4488.2,19.4,8.58,15.2,26.03,39.95
2026-07-08,Uttara,33.0,96,Moderate,7,2,0,0,27.35,93.5,9.97,1001.82,42.7,1,446.67,4453.6,29.7,19.4,8.58,24.87,39.7
2026-07-09,Uttara,34.1,98,Moderate,7,3,0,0,27.23,92.58,12.41,1002.09,23.3,1,543.54,6746.7,33.0,29.7,19.4,24.33,39.4
2026-07-10,Uttara,28.9,88,Moderate,7,4,1,0,27.22,92.58,11.38,1000.28,47.1,1,435.0,4948.1,34.1,33.0,29.7,24.13,38.61
2026-07-11,Uttara,50.3,137,Unhealthy for Sensitive Groups,7,5,1,0,27.62,90.75,11.21,998.88,33.7,1,491.46,5510.5,28.9,34.1,33.0,29.14,38.57
2026-07-12,Uttara,38.2,108,Unhealthy for Sensitive Groups,7,6,0,0,28.01,89.38,9.42,997.22,46.3,1,427.29,4027.2,50.3,28.9,34.1,33.37,38.28
2026-07-13,Uttara,56.7,152,Unhealthy,7,0,0,0,27.44,92.29,7.46,999.0,18.0,1,276.25,2061.5,38.2,50.3,28.9,38.7,38.54
2026-07-14,Uttara,49.7,136,Unhealthy for Sensitive Groups,7,1,0,0,29.48,81.71,6.59,999.75,1.5,1,477.71,3148.9,56.7,38.2,50.3,41.56,38.65
2026-07-15,Uttara,36.8,104,Unhealthy for Sensitive Groups,7,2,0,0,29.26,81.67,7.42,1001.1,9.7,1,503.54,3738.8,49.7,56.7,38.2,42.1,38.63
2026-07-16,Uttara,31.8,93,Moderate,7,3,0,0,29.28,78.75,15.2,1001.74,1.8,1,822.29,12502.3,36.8,49.7,56.7,41.77,37.89
2026-07-17,Uttara,39.1,110,Unhealthy for Sensitive Groups,7,4,1,0,28.66,82.79,15.75,1001.98,3.5,1,757.71,11933.9,31.8,36.8,49.7,43.23,37.98
2026-07-18,Uttara,34.3,98,Moderate,7,5,1,0,29.27,79.04,14.4,1002.94,3.5,1,863.33,12435.6,39.1,31.8,36.8,40.94,37.66
2026-07-19,Uttara,30.3,90,Moderate,7,6,0,0,27.98,86.62,13.47,1004.13,8.8,1,661.04,8904.8,34.3,39.1,31.8,39.81,36.79
2026-07-20,Uttara,27.7,86,Moderate,7,0,0,0,26.34,94.5,9.64,1004.61,35.8,1,350.42,3378.6,30.3,34.3,39.1,35.67,36.35
2026-07-21,Uttara,29.5,89,Moderate,7,1,0,0,27.31,88.83,11.07,1004.29,16.5,1,496.46,5494.1,27.7,30.3,34.3,32.79,36.05
2026-07-22,Uttara,23.1,77,Moderate,7,2,0,0,27.15,88.29,12.53,1003.98,16.4,1,577.5,7235.6,29.5,27.7,30.3,30.83,35.25
2026-07-23,Uttara,22.1,75,Moderate,7,3,0,0,27.08,87.96,10.29,1003.2,15.7,1,491.25,5055.8,23.1,29.5,27.7,29.44,34.43
2026-07-24,Uttara,35.1,99,Moderate,7,4,1,0,27.76,84.08,10.02,1001.62,4.4,1,553.75,5546.7,22.1,23.1,29.5,28.87,33.8
2026-07-25,Uttara,28.6,87,Moderate,7,5,1,0,28.72,78.92,11.15,1001.37,1.8,1,612.29,6824.5,35.1,22.1,23.1,28.06,33.23
2026-07-26,Uttara,27.8,86,Moderate,7,6,0,0,29.25,77.71,12.17,1000.04,1.1,1,710.83,8648.5,28.6,35.1,22.1,27.7,32.92
2026-07-27,Uttara,21.2,74,Moderate,7,0,0,0,28.48,81.67,16.5,998.43,6.9,1,792.08,13072.7,27.8,28.6,35.1,26.77,32.66
2026-07-28,Uttara,29.7,89,Moderate,7,1,0,0,28.26,83.83,15.78,998.87,8.1,1,718.33,11337.7,21.2,27.8,28.6,26.8,32.55
2026-07-29,Uttara,27.8,86,Moderate,7,2,0,0,28.07,85.92,13.54,1000.08,6.6,1,622.29,8424.3,29.7,21.2,27.8,27.47,32.23
2026-07-30,Uttara,31.4,93,Moderate,7,3,0,0,27.02,90.83,12.1,1001.82,20.0,1,506.04,6125.2,27.8,29.7,21.2,28.8,31.65
2026-07-31,Uttara,33.0,96,Moderate,7,4,1,0,28.86,82.5,9.52,1002.94,2.9,1,622.08,5920.2,31.4,27.8,29.7,28.5,31.38
2026-08-01,Uttara,22.9,77,Moderate,8,5,1,0,28.72,84.58,9.3,1002.15,10.2,1,535.83,4985.5,33.0,31.4,27.8,27.69,30.88
2026-08-02,Uttara,24.0,79,Moderate,8,6,0,0,28.17,89.5,8.65,1002.42,25.5,1,414.58,3586.1,22.9,33.0,31.4,27.14,30.67
